nep4 2 Mo Se 
cutoff 5 5 21 21
n_max 8 8
basis_size 12 12
l_max 4 2 0
ANN 50 0
 -1.1223178e-01
  5.6237249e+00
 -1.6250302e+00
  3.1485510e-01
  2.5738448e-01
  7.8174180e-01
 -2.8181169e+00
  1.9327249e-01
 -3.3110487e-01
  1.7398814e-04
 -3.9891144e-03
 -2.6867699e-04
 -4.1672938e-05
 -6.9155449e-06
 -6.1516941e-04
 -6.3379222e-05
 -2.3539676e-04
  7.6784483e-05
  3.2136741e-01
 -7.2833604e-01
 -1.0035087e+00
  2.3472745e-05
  2.1961761e-04
  3.2474819e-04
  1.6402407e-01
 -3.9929649e-04
  2.3704641e-01
  4.2618613e-04
  1.3582694e-04
  5.2472804e-04
 -6.3609157e-05
 -1.3514073e+00
  2.8247315e-01
  6.1373337e-04
 -7.2572374e-01
  7.1808201e-05
 -9.3700161e-04
 -5.7484502e-01
  1.0621820e-01
 -5.2574737e-04
  3.0026896e-04
 -3.0804898e-05
 -1.1301256e-01
 -1.8543153e-01
 -1.5571766e-04
  5.8039993e-01
 -7.8362107e-01
 -2.6559669e-03
 -4.5966500e-04
 -7.0684844e-01
 -3.2947453e-05
  3.5524580e-01
  5.1593599e-03
 -5.2579671e-05
  1.0064123e+00
 -1.6185863e+00
  5.0511062e-01
  4.1252155e+00
  1.8531694e+00
 -5.4455187e-02
 -3.0029843e+00
  4.6366000e+00
  2.4748409e+00
  6.8701012e-04
 -1.5248996e-03
  4.9953120e-05
 -1.0256759e-03
  1.6327701e-04
 -8.2871316e-05
 -1.2215858e-04
  2.3589363e-04
  8.3608924e-05
  2.5452755e-04
 -1.8069313e+00
 -2.7865484e-01
  2.4819970e-01
  1.9768724e+00
  1.0869728e+00
  1.2886305e+00
  1.0279840e-03
 -4.4531350e+00
  1.5798299e+00
 -2.4068820e-06
 -1.3903857e-04
  4.0882082e-05
  8.2426590e-01
  3.0351421e-04
  4.6986624e-04
 -4.2344933e+00
  6.5743945e-05
  8.3754107e-04
 -2.3906477e-01
  1.1736298e-02
  1.3948143e+00
 -3.4721384e-03
 -4.3422583e-04
 -3.9656684e+00
 -1.1464972e+00
  6.0404563e-01
  1.6664168e-01
  2.2843714e-01
 -8.0751278e-04
 -4.4877347e-02
  8.1795351e-06
  1.8094148e-04
 -1.3831915e-01
  3.9136919e-04
 -2.6387534e-06
 -2.9922268e-01
 -6.0105845e-02
  5.9354419e-01
  1.4842726e-01
 -1.2102901e+00
  2.5989264e-01
  2.0695467e-01
  1.1449093e+00
  6.2129956e-01
 -6.5388978e-01
 -5.2489020e-02
  4.6643833e-04
 -4.0145418e-01
  3.8563038e-04
  1.1277890e-04
 -3.7687057e-01
  5.6033849e-04
  3.0970041e-04
 -6.5958381e+00
 -1.9478372e+00
  5.0586045e-01
 -1.0981739e+00
  4.9182850e-01
  5.6335998e-01
 -3.2977784e-01
  5.4612178e-01
 -1.6590571e+00
  7.7272509e-03
 -3.2308151e-04
  2.2189654e-01
  1.0152270e+00
  3.2397604e-01
  1.3616617e-01
 -1.1475347e+00
  7.2766465e-01
 -9.7934681e-04
  7.1802889e-03
 -6.7348778e-01
 -1.0935240e+00
  1.1180536e+00
 -7.6494181e-01
  6.3866991e-01
 -8.8652319e-01
  4.5183188e-01
  5.2778703e-01
 -6.3761538e-01
 -4.5178363e-01
 -7.3333526e-01
  3.9851785e-01
 -4.4072876e-03
 -7.8240716e-01
 -6.6317654e-01
  8.3294592e-04
  9.7551651e-02
  2.9062862e-02
 -1.9644112e-03
 -4.9297168e-04
  2.8026173e-02
  1.4291381e-04
  6.7880586e-02
 -1.5719084e-02
 -3.0228764e-02
 -1.0914045e-03
  1.1891271e-04
  1.4025599e-04
 -5.0486255e-05
  1.0993989e-01
  5.8627615e-05
 -1.2703716e-04
 -2.5731820e-04
  1.5452072e-04
  3.2117765e-04
 -6.6604074e-03
  5.4815575e-04
 -5.9430026e-02
  5.3288706e-05
  2.8675020e-04
 -6.8586454e-04
  1.2352288e-04
  9.6802847e-05
  1.0830244e+00
  2.1135717e-04
 -3.0239024e-05
 -3.8321046e-05
 -1.3566992e-04
  1.4752415e-01
 -2.9169521e-04
  5.0804164e-04
  1.1603332e-01
  7.8206402e-05
 -2.4322099e-04
 -6.3094754e-05
 -4.0647466e-02
 -6.1726852e-05
  1.0908315e-04
  2.5624389e-04
  2.0556961e-04
  5.9729442e-02
 -1.1880556e-05
  6.6209037e-04
 -1.0309628e-03
  3.8896812e-04
  4.0805055e-05
  7.1288309e-06
  2.2939124e-04
 -1.6338904e-04
 -4.0107354e-04
  8.3125240e-05
 -5.9822913e-02
 -6.8553880e-02
 -1.7771786e+00
 -2.1212627e-01
 -3.0062270e-01
  1.6229749e+00
 -1.0582384e-01
  3.2517034e-01
  8.8934129e-01
  1.9688675e-01
 -1.2187617e+00
  7.2732514e-01
  2.1850457e-05
  2.0540254e-01
 -2.8497554e-04
  5.2643962e-05
 -1.6836561e-01
  7.1380484e-05
 -6.0031921e-01
 -1.9534920e-01
 -6.8005495e-02
  3.4370214e-01
  1.5926805e-01
 -1.8539195e-01
 -3.8183352e-01
 -1.7888325e-01
 -1.6680352e-01
 -7.5456634e-04
  1.6604035e-01
 -1.1359518e+00
  2.4260242e-01
  1.7210727e+00
  3.4198764e-01
 -1.1707792e-03
 -1.4978640e+00
 -8.2071573e-01
  1.1115289e+00
  4.2142529e-02
 -1.8223371e-01
 -7.8846909e-02
 -6.6787943e-02
 -2.6373688e-02
 -1.9564869e-01
 -9.7240176e-05
  8.3790106e-01
 -2.5411007e-01
 -5.8723289e-01
 -1.4103830e-04
 -1.4378898e-01
 -2.2926716e-02
  1.1609673e-03
 -6.0264643e-02
  6.9740433e-01
 -1.0006542e-01
 -8.6210459e-01
 -2.7312425e-01
 -8.5245550e-01
  1.3329525e-01
  3.3024007e-01
  1.2993140e+00
  7.3223644e-01
 -2.0858185e+00
 -2.5003655e-02
  1.3470768e-02
 -1.4208983e-04
  9.1857015e-05
  3.8518352e-03
  5.3133225e-01
  1.6840664e-01
  3.5018648e-04
  3.4671306e-04
  1.5261717e-04
 -3.7935786e-02
  3.1063247e-02
 -2.9060614e-01
 -1.0977824e+00
 -9.7615933e-01
 -1.7513728e-02
  3.1907266e-01
 -1.8773824e-01
  4.6236467e-01
 -8.2521009e-01
  9.2239825e-05
 -6.2790527e-03
 -1.0490073e-01
  1.9828670e-01
  5.1842028e-01
 -3.0235332e-04
  7.6932281e-01
  2.5203790e-06
 -2.6143068e-01
  4.9087924e-01
  5.4562040e-02
  7.3584700e-01
 -3.8526617e-02
  4.1497622e-02
  6.3198197e-01
  5.1602441e-01
 -3.5218295e-01
  6.9250053e-01
 -1.0755419e+00
  3.0306336e-01
 -4.0548882e-01
  1.0976315e-01
  2.2949255e-04
  3.1615108e-01
 -5.7576394e-01
  1.0734167e+00
  1.7789792e-01
 -3.8823649e-01
  1.9608057e-01
 -5.5533409e-01
  2.4099698e-02
 -3.3986827e-04
  6.3327026e-01
 -7.9719305e-01
 -1.7509201e+00
 -1.4093121e-02
 -8.9259614e-05
  1.3099004e-04
 -3.4832626e-03
 -3.3532997e-04
  3.6602312e-05
 -3.4904625e-04
  1.0351254e-01
 -2.6038420e-04
 -2.4211295e-02
  4.3033279e-02
  1.4455196e-02
  4.1811664e-02
  7.1426583e-03
  2.3990212e-02
  4.0997884e-01
 -2.5670013e-01
  1.0643785e-01
  5.2464409e-05
  7.4165036e-06
  3.6952004e-01
  3.7195399e-01
  4.4526622e-01
  2.4691019e-03
  1.2882975e-03
  5.5222254e-02
  7.1882799e-02
  7.0039399e-02
 -1.4392987e-01
 -1.7634873e-01
 -3.1335385e-05
  5.2584300e-04
 -5.1463909e-02
  4.1280043e-01
 -2.2994299e-04
  1.9930844e-01
  4.8732051e-01
 -1.1393426e-01
 -1.0077618e-04
 -6.1894226e-04
 -1.6010479e-03
 -2.1517563e-03
  2.4852271e-01
 -4.6771955e-05
 -2.6406461e-01
 -7.0601618e-01
 -8.2063526e-01
 -4.7655976e-01
  7.3730782e-02
 -9.7886950e-01
  5.2712840e-01
  1.7835923e-01
 -2.3383428e-01
  1.3194238e+00
  1.1210378e+00
 -7.4130195e-01
 -1.7346634e+00
  6.2702501e-01
  2.6873880e-05
 -1.7717615e-04
  2.4895408e-04
 -1.7268273e+00
 -6.2675118e-03
 -6.3065070e-01
 -1.6708949e-01
  7.7951568e-01
 -1.8744895e-01
  1.1229972e+00
 -1.9611228e-02
 -1.9624998e-01
  5.2020776e-01
 -3.4227648e-01
 -4.9800389e-03
  1.2044332e+00
 -3.2167187e-01
 -4.7438338e-01
  1.3992204e-01
  2.7815190e-03
  8.0730247e-01
  6.6289628e-01
 -1.7127575e-04
  4.7915839e-02
  7.1780860e-01
  1.2117475e-01
 -4.1814250e-01
 -2.2280191e-01
  2.6860483e+00
 -2.3282936e-02
 -3.1865069e-01
  2.2195122e+00
 -9.2586529e-01
  6.6547245e-01
 -1.0301570e+00
 -2.3669122e-01
  6.0565913e-01
  1.0389988e+00
 -4.0306485e-01
  1.0567904e+00
  1.9049624e+00
  5.1543194e-01
  1.8116055e-01
 -1.1084095e+00
  1.3840877e+00
 -2.3530501e-01
 -1.0005885e-04
  4.3271732e-01
 -2.6646116e+00
  4.6247015e+00
  1.7902345e-04
  2.4539523e-04
  4.3786343e-04
 -2.8968164e-01
 -5.2000089e-03
 -2.0222148e-04
 -5.2473648e-04
  5.7333370e-04
 -4.3729553e-04
  3.0907444e-04
 -1.5913871e-01
  2.7194676e-01
  3.4405756e-01
 -1.2769002e-01
 -2.3491378e-04
  5.6450949e-03
  1.8899984e-04
  3.8310787e-01
  3.6785501e-04
  1.0386654e-04
 -1.3733620e-04
  2.0010000e-01
  6.7705530e-01
  6.3594437e-01
 -2.1426268e-04
  1.2363555e-01
 -5.9762348e-05
  6.7693734e-04
  5.3160191e-01
 -3.5145000e-04
  1.9078419e-01
  8.7784660e-01
  2.5498541e-04
 -6.3892012e-04
  2.5701970e-01
 -5.9643853e-04
  4.1955741e-04
 -5.6573812e-02
 -7.4551142e-05
 -1.0301543e-02
  7.0199592e-04
  1.5327454e-05
  3.4787101e-01
  4.0981040e-04
 -9.2077600e-05
 -5.4976200e-03
 -1.2304850e+00
  4.8339978e-01
  1.2483253e-01
 -1.1243771e+00
  6.2952913e-02
  3.8803965e-01
  9.8639123e-02
 -6.0727406e-01
  2.3592350e+00
 -4.2583194e+00
 -4.7952923e-01
 -6.2811464e-01
 -3.4181339e-01
  2.2502418e+00
 -3.2924354e+00
  7.7371945e+00
 -1.5605910e+00
 -1.0789867e-01
  2.0827866e-01
  8.1682215e-03
  2.3721130e-01
  1.3455415e+00
  1.0031258e-02
 -1.0414723e+00
  3.9468297e-01
  1.8991331e+00
  1.3517096e+00
 -1.2640698e+00
  1.2656194e+00
 -1.4992020e-01
  6.9783503e-01
  2.0734723e+00
 -3.9204187e-03
 -5.9350616e-01
  3.1641414e+00
 -2.9832266e-02
  1.0974132e+00
  2.1202669e-01
  1.8632315e+00
 -2.2221954e-01
  3.3563635e+00
  2.8950274e-01
 -1.2022564e+00
 -1.7806889e+00
 -1.1019354e+00
  9.7113097e-01
 -2.3781228e+00
 -1.2046529e+00
  7.7919877e-01
 -2.4221480e-01
  1.9726620e+00
  2.5919974e+00
  4.4854031e+00
 -2.4786651e-01
  7.4287131e-02
  6.5805741e-02
  7.4096993e-02
  3.3931470e-01
 -2.8967701e-03
 -4.7531910e+00
  2.0450971e+00
  1.2403333e+00
  6.2737917e-04
  2.2829674e-05
  9.7190514e-02
 -1.7491136e-06
  3.8666422e-03
  1.1352521e-04
  1.3527181e-02
  4.3331507e-05
 -2.3715505e-04
  1.0512264e+00
 -9.6103296e-02
  5.0281203e-01
  1.4785478e+00
 -1.8075231e-01
 -1.1256093e-02
 -9.6068788e-01
 -1.5054742e-02
 -1.1154648e+00
  3.7151209e-01
  2.5278539e-04
 -3.7716582e-01
 -2.0128057e+00
  4.3865004e-01
 -4.5471904e-01
  3.4589788e-03
  4.5275867e-02
 -1.0025062e-03
 -6.0428190e-01
 -2.0314586e-01
 -3.6216435e-01
  2.4875448e-04
 -1.3419868e+00
  5.1504030e-04
  1.5937595e-01
  3.2212907e-01
  2.4733744e-03
 -2.8164980e+00
  6.5043056e-01
  3.2694158e-04
 -1.3750337e+00
 -3.2413010e-02
 -2.5111178e-01
 -6.9831139e-01
  9.1481328e-05
 -6.6450976e-02
  1.1143946e-02
 -4.5791972e-01
 -1.4287618e-01
  6.4472169e-02
  1.5832138e-01
 -2.0179413e-01
  1.4568527e-01
  8.1516773e-01
  6.8442672e-03
  3.6279624e-05
 -4.4886485e-02
  5.2705154e-06
 -4.6491082e-04
  3.0967824e-03
 -1.0523155e-04
  2.3488879e-04
 -5.3582987e-04
  8.7996086e-05
 -3.8908236e-03
 -4.0793169e-01
 -6.6932960e-04
 -2.6833906e-03
 -2.5360456e-01
 -1.0892066e-01
 -3.4610036e-01
 -2.6216853e-01
 -2.4752107e-01
 -2.9913621e-04
 -1.6105508e-03
 -1.5042536e-01
 -5.1849730e-02
 -3.4521232e-04
  2.5667716e-04
 -5.0662918e-04
 -2.0543236e-01
 -3.1990479e-04
 -4.4392396e-05
 -1.6402546e-01
 -4.3471622e-01
 -1.7491323e-01
 -9.1892496e-02
 -1.5467591e-02
 -3.8803698e-04
  6.5712690e-01
 -6.1936572e-04
  2.0394306e+00
 -2.8581961e-04
  2.8039480e-04
 -2.7384605e-05
 -1.7232986e-01
  7.4674681e-05
 -4.7865167e-01
  9.9591191e-05
 -5.1689893e-04
  1.0658303e-01
  5.9963554e-01
  1.0743109e+00
 -2.9775154e-02
  8.4301317e-01
 -3.1772259e-01
  6.0349993e-02
 -1.4148709e+00
  3.6220819e-01
 -5.9392899e-01
 -5.0358301e-01
  8.9150375e-01
 -1.0094348e+00
  8.0236012e-01
  2.9825391e-05
 -1.0285546e+00
 -9.6553408e-02
  1.1866474e-05
  2.2411201e+00
  1.1720604e+00
  7.2338425e-02
  5.7631444e-02
  1.5178612e-02
  2.5901049e-01
 -1.2656003e-01
 -9.0312862e-01
  3.6379620e-01
  2.2061748e-02
 -1.9115293e+00
  1.6487582e-01
  8.7258804e-01
 -1.5479593e+00
  1.0221255e+00
 -6.2216443e-01
 -2.1047412e-01
 -6.3343942e-02
  1.2030121e+00
 -1.1394148e+00
  1.4188700e+00
  1.7420064e-01
 -2.0076330e-01
 -1.0837977e+00
 -4.1635466e-01
  4.4111320e-01
  8.4523529e-01
 -1.1408947e-01
  8.2369030e-02
  1.5249881e-01
 -6.9872276e-03
  1.5363520e+00
 -1.3647966e+00
  3.7106839e-01
  4.7436449e-01
 -9.9454796e-01
 -2.2732295e-01
 -3.4675952e-02
 -3.3360198e-01
  8.8119954e-03
  1.7822225e-01
 -3.2508045e-01
  1.3764654e-01
  2.7195856e-01
 -5.2736455e-04
 -9.4289973e-04
 -1.5430356e-04
  1.2795768e-04
 -1.3544175e-03
 -2.4503277e-01
 -4.1742780e-04
 -7.5399592e-05
  1.7082685e-04
 -7.1017850e-05
  5.3214412e-03
 -1.1228714e+00
  5.2260894e-01
 -1.5750432e-01
  5.6756217e-02
  8.7579519e-02
  3.0686384e-01
  1.0628467e-01
 -7.5926346e-04
  5.9943879e-04
 -2.2475880e-03
  6.2550313e-04
  3.0316689e-04
 -5.8741421e-01
  2.0376666e-04
  2.5284840e-04
 -1.9870799e+00
 -1.6405820e-03
  9.3839929e-04
 -2.2183030e+00
  6.5962360e-03
 -1.2112262e+00
 -4.9950278e-01
  1.0816968e-04
  3.4822748e-04
 -2.0684048e-03
 -8.3579641e-04
 -2.6502454e-01
  5.7028495e-02
  2.5721858e-05
  7.3649144e-01
 -8.1124053e-06
 -1.5117870e-04
 -6.9207299e-01
  8.9891814e-04
 -8.1485696e-02
  1.0348885e-01
 -8.9412987e-02
 -1.5393617e-02
  1.7304610e-01
  5.3838968e-02
  1.5139306e-01
 -8.0292799e-02
  8.0071545e-01
 -1.9218858e-01
 -1.5712218e-01
 -2.5421452e-05
  3.5272811e-03
 -5.7420769e-04
 -4.1066657e-04
  9.1131713e-04
 -2.2826805e-03
  1.0062254e-03
  2.3468941e-05
  4.2798799e-02
  4.4726396e-01
 -7.9949544e-04
  1.2094226e-03
  1.1404720e-01
  4.5182592e-01
  8.3152740e-04
 -2.7592745e-04
  1.6473726e-03
  2.1949416e-01
  1.7957586e-01
 -8.3260041e-01
 -1.1986917e+00
 -2.2006829e-03
 -7.7995531e-02
 -4.1334505e+00
  5.5756581e-01
  2.2913866e-02
 -3.4683940e-04
 -2.9954230e-02
 -3.7129093e-02
  2.1704777e-01
 -4.2015129e-01
 -4.0057737e-02
 -3.1928328e-01
  6.3741006e-02
  1.6776435e-02
  4.8213443e-01
 -8.8997759e-02
 -4.1203704e-01
  1.0347302e-04
  3.7462238e-02
  5.7535987e-02
 -2.2348434e-02
 -9.4947600e-01
  9.6772969e-01
 -1.8383268e-01
  1.2524001e-01
 -4.1474718e-01
  1.0359193e+00
  2.1036831e-01
  3.5156822e-01
 -6.2094808e-02
  5.6815692e-03
  1.7698787e+00
  1.6505326e-04
  7.3241340e-03
  5.4513089e-02
  3.2485476e-01
  1.3914766e+00
  1.9257822e+00
 -2.8685245e-03
 -2.1584098e-04
 -3.5203109e-04
 -1.8902484e-01
  1.1710455e-01
 -8.6026788e-03
 -5.2625549e-01
  2.3250987e-01
  2.0336621e-01
 -7.3041439e-02
  2.4243712e-01
  8.4335590e-04
 -2.6945353e-03
 -4.8567423e-01
 -8.4160147e-03
 -9.2147715e-02
  3.3860373e-01
  7.5183151e-04
 -4.1901124e-01
  1.0328750e-03
  1.7723477e-03
  9.2497738e-03
 -6.1557136e-02
  2.6569328e-01
  2.9706731e-01
 -6.1208088e-02
 -9.8657079e-02
  5.6978518e-01
 -4.1066263e-02
  2.3533463e-01
  4.8998928e-01
  9.3667611e-02
  7.4061520e-02
  1.1470838e-02
 -9.3122525e-03
  1.6242016e-02
  9.1830480e-01
 -3.6376244e-03
  5.2320313e-01
  3.9032300e-05
 -5.9013470e-04
 -2.4949311e-04
 -3.7262589e-04
  3.9683164e-06
 -9.4945834e-04
  7.1241247e-04
  2.0829066e-04
  1.1419322e-04
 -7.3494972e-05
 -1.1783685e-04
 -1.1943463e-03
 -4.0850416e-04
  3.1490487e-04
  5.5197823e-05
  4.1266592e-04
 -2.6255209e-04
  5.5560633e-04
  4.0874547e-05
 -2.7365467e-04
  8.5290981e-04
 -4.4996061e-05
 -5.6301855e-04
  5.8708691e-05
  1.5453941e-05
 -7.6103100e-04
 -4.2980351e-04
  4.2571870e-04
 -2.0925179e-03
 -9.8594355e-06
  1.2070838e-04
  4.2305714e-06
  7.7710924e-05
  1.3264344e-04
  3.2052933e-04
  1.3125413e-04
 -2.2657597e-04
  5.5432924e-05
  3.6937988e-04
  2.9508772e-04
  2.6032307e-05
 -4.3185159e-05
  7.7014521e-04
 -4.3134340e-05
  8.8999292e-04
 -4.5029588e-05
  1.2878364e+00
 -6.8524955e-03
  2.0207779e-05
  8.7744615e-04
 -5.6890280e-05
  1.5711832e-04
  1.0015451e-04
  2.5113809e-04
  3.4365994e-01
  1.2472423e-01
 -1.5941126e+00
  2.4119966e+00
  1.3139460e+00
  1.0848793e+00
  7.1234442e-02
 -6.6922295e-01
  1.4034754e+00
 -2.7481312e-04
 -3.8736233e-01
  2.8799951e-01
 -6.0212798e-04
  4.7590670e-01
  2.3202323e-03
  3.3336699e-03
  3.2185337e-01
  3.7766077e-02
  4.3734440e-01
 -6.5663117e-01
  2.1493673e+00
  1.1963179e+00
 -1.7200792e-01
 -2.7173390e+00
  1.2262654e+00
  2.6575112e-01
  2.4096773e+00
 -5.5200547e-01
 -1.1250402e-01
  1.2597514e+00
 -4.0457603e-02
  2.6324165e+00
 -5.8022869e-01
  2.6923621e-01
  1.1098167e+00
  5.6756333e-05
 -2.4076438e+00
 -8.4163636e-01
 -2.9480147e-01
 -2.7820748e-01
  1.1137979e+00
 -7.0398283e-01
 -1.3381739e+00
  2.2046533e-01
 -4.1193976e+00
 -5.9755653e-01
 -1.9095758e-01
 -1.0268341e+00
  2.0853677e-05
 -4.6276298e-01
 -4.2715922e-01
  1.0309720e+00
  1.9933477e-05
 -9.3023859e-02
  9.4641483e-01
  7.6717474e-02
 -3.8193997e-03
 -2.8390996e-02
  5.8637291e-02
 -5.1071727e-01
  4.2451739e-01
 -1.0395638e-01
  9.4175175e-02
  1.9949800e-03
 -1.1307484e-02
 -1.2644498e-01
  6.3737150e-04
 -7.5574775e-05
  3.8108006e-02
 -5.5996805e-01
  4.1705206e-01
 -3.7939313e-03
  1.2133170e-01
  1.7451638e-01
  5.0668437e-03
 -1.5431540e-01
  1.7979123e-03
  3.1609088e-01
  1.7596178e-01
  9.8450169e-02
  1.1269910e-02
 -9.6872985e-02
 -1.3644734e-05
 -3.4471843e-02
 -9.2301488e-02
  6.5332836e-01
  9.3751386e-02
  5.6275827e-01
  1.8949243e-01
  5.1168227e-01
  9.0132266e-02
  4.2596777e-04
  5.1557511e-02
 -1.3715565e-01
 -2.9340496e-02
  1.7765291e-03
  3.9436644e-01
  3.3498341e-01
  9.0892568e-02
 -5.1569737e-02
  9.9241130e-02
  1.5440938e-01
  1.4862181e-01
  5.3950298e-01
  2.2330974e-01
  2.7356071e-02
 -3.1925747e-01
  8.0577724e-02
  3.0675946e-02
 -9.5262006e-03
  6.2788610e-04
 -1.8990932e-02
  1.6077164e-01
  9.3583316e-02
  2.8214263e-02
 -1.3263327e-01
  1.8671200e-01
 -2.4123117e-05
 -5.2954233e-04
 -1.1528722e-03
  6.9342495e-04
  5.3119269e-04
  6.8948364e-05
 -1.8169321e-03
  1.3490945e-02
  2.6021962e-04
 -2.7027357e-01
  8.9681886e-02
 -2.4424466e-01
 -2.8125221e-01
 -4.1494238e-01
  6.8555868e-01
  7.5308420e-04
  4.6519954e-02
  1.1326451e-02
  6.1014720e-04
  5.6907348e-04
 -1.2118042e+00
 -5.0210854e-04
  8.6131835e-01
  4.4162348e-01
  8.9103251e-04
  1.2953797e-01
  1.1127515e-03
  6.8084314e-02
  4.9114823e-01
 -5.5289352e-01
  1.0015025e-01
 -1.1743710e-03
 -3.4749411e-02
  6.2832296e-01
 -1.3985147e-04
  1.1886400e-02
  8.3780217e-01
 -5.9010580e-02
  2.2429324e-04
 -2.1450630e-01
 -5.2332133e-04
 -1.7148620e-04
 -1.6203761e-01
 -3.4059671e-04
  5.6105807e-02
  1.6399539e-01
  2.1254954e-01
 -9.6764880e-01
  2.3528268e+00
  3.6064675e-01
  8.0177411e-02
 -3.5782639e-02
  3.2325208e-01
 -7.6640800e-02
 -1.5989365e-04
 -8.9992245e-05
 -1.1898976e-01
 -9.0841262e-05
 -6.1384505e-01
 -5.4028054e-04
 -2.2525197e-05
  8.3039317e-04
 -1.4781798e-04
 -5.0882876e-02
 -6.7229003e-01
  9.8567903e-02
 -5.8944240e-02
 -4.7555649e-01
 -1.5471932e-01
 -4.6955624e-01
  6.9519687e-01
  1.7234212e-01
  4.7147545e-01
 -2.5420673e-03
  2.4349870e-02
  5.7685381e-01
  2.2082907e-01
  1.9525623e-01
  5.8450449e-01
 -1.1328158e+00
 -8.2556083e-04
  1.8357312e-02
  4.6174604e-01
 -3.0937144e-01
 -7.2525047e-02
  9.1120410e-01
  6.8504557e-02
  1.0953271e+00
  1.1625199e+00
 -1.5089332e-01
  7.7720869e-01
 -4.4968742e-01
 -7.8575343e-01
  7.3652911e-01
  4.3675086e-01
  5.5707421e-04
  4.9804464e-01
  1.3490326e+00
  1.5017048e-01
  5.6740290e-01
  2.8654394e-01
  2.0084970e-01
 -2.8195572e-01
  9.1395780e-02
 -5.9658682e-01
  4.8353446e-01
 -2.2135143e-01
 -1.1101408e+00
  6.7242861e-01
 -3.5317752e-01
  5.6207490e-01
 -2.6130606e-04
  1.4727575e-01
  4.6297399e-04
 -6.0486776e-01
  1.7693515e+00
  2.4603694e-05
  4.1745927e-02
 -1.4037538e+00
  2.0978914e-01
 -3.1049812e-01
  4.4502649e-01
  9.2251085e-02
  3.0412176e-01
  1.8341506e+00
 -2.0639196e-01
 -9.1511166e-01
  4.0851665e-01
  2.2917801e-01
  5.0299615e-01
  4.6557316e-01
 -1.6637419e-01
 -1.0320334e+00
 -1.3509959e-01
 -4.7815693e-04
 -8.0829579e-01
  1.8379948e+00
 -3.1144717e-01
  8.4271199e-01
  3.5205802e-01
  5.7238454e-01
 -8.4815973e-01
  1.2936728e-01
  1.7685763e+00
  5.0884855e-01
  2.5102946e-01
  1.0485693e-01
 -3.3577517e-01
  7.3674208e-01
 -3.9062881e-01
 -2.9341871e-01
 -6.4759403e-02
 -3.7218651e-01
  8.0133721e-02
 -2.4791485e-02
  3.6990832e-04
 -4.0150819e-05
  9.5536408e-05
 -1.3547256e-02
  3.7644051e-02
  1.4804746e-01
 -1.0014850e-04
 -1.7290302e-04
 -4.6372364e-04
 -2.5748584e-04
 -1.2231903e-04
  8.8069541e-04
 -1.1746269e-03
  7.9579139e-04
  2.2425789e-04
 -4.6823592e-05
  4.4433750e-02
 -2.1015847e-01
  3.4702368e-02
 -5.6218478e-04
 -2.4008648e-04
  1.3726666e-03
 -7.9793157e-05
 -1.0252664e-03
 -3.6430724e-03
 -2.7558821e-01
 -2.3067631e-03
  1.3805805e-03
  3.0775825e-04
 -5.9537299e-02
 -5.1864135e-01
 -1.2938178e-03
 -6.7100115e-02
  7.1756285e-01
  2.7056201e-04
 -1.6147696e-03
  8.7034609e-03
 -2.0586602e-04
 -5.2256990e-02
 -1.1973655e-04
 -1.7884368e-04
 -1.2605824e-01
 -2.5555430e-05
  3.2675728e-02
  1.0112295e-02
  2.3481068e-04
  2.1587641e-03
  1.0050340e-04
 -2.0905555e-04
  6.2106433e-04
 -1.3906014e-05
  3.2053594e-04
 -1.1130415e-01
 -1.3306814e-03
 -7.5376295e-03
  7.7592844e-01
  1.8239017e-01
 -1.3772760e-01
  7.2779074e-02
  2.7381003e-01
 -9.1385074e-02
  3.2302379e-04
  6.9944173e-05
 -1.1101227e-04
 -3.2651130e-04
  1.1688656e-05
 -5.1991034e-02
  6.5405254e-04
 -1.9853187e-04
 -1.5354466e-05
  3.1192470e-01
 -4.6554771e-01
  5.4226762e-01
  8.3960640e-06
  2.1970973e-03
  1.9452182e-05
 -1.6260096e-03
 -5.1152911e-05
 -5.0042866e-04
  1.8364997e-04
 -5.7446868e-03
 -7.8834564e-06
 -3.3982503e-04
 -4.6160832e-01
  3.7219270e-05
 -7.2837796e-04
 -4.8748499e-01
 -1.7436981e-04
  6.8400899e-04
 -9.5098605e-03
 -3.8096003e-04
 -4.7072437e-02
 -7.2657600e-02
 -1.3060257e-04
  1.4794520e-01
 -1.4859526e-01
 -1.1646953e-06
  6.6007005e-06
  1.8265354e-02
 -5.5430492e-04
  1.8885555e-03
  1.8078301e-05
 -2.9579505e-05
 -2.8530436e-04
 -4.2146645e-04
 -5.4834151e-01
  1.7073600e-01
 -5.9795088e-01
  1.5351547e-01
 -3.8921329e-01
  1.0205728e+00
  1.9750005e-01
  2.2670171e+00
 -2.0554161e-03
 -6.0945332e-02
 -7.9611146e-01
 -9.4503827e-02
 -1.4114860e+00
 -1.5557474e+00
 -9.6633595e-01
 -7.6726094e-05
 -1.1314431e+00
  1.8005633e+00
  9.5218784e-05
  1.0256409e-01
  3.7202263e-01
 -1.2335265e+00
 -2.0013897e-02
 -1.2520238e+00
  6.2865980e-02
  1.9216594e-01
  3.9877707e-01
 -5.9436592e-03
 -8.5173320e-04
 -5.6340349e-01
 -5.3044850e-01
 -6.6780627e-01
 -6.3667059e-01
  2.1269187e-02
 -4.5568934e-01
  1.7347950e-01
  2.5331316e-04
  5.9540141e-01
 -4.3658391e-02
 -3.6444360e-01
  1.3413953e+00
  1.9325703e-02
  8.4100487e-03
 -4.9129009e-02
 -4.5934450e-02
 -1.3258731e-01
  9.7276725e-02
  4.1183436e-01
 -1.0377693e+00
  1.0309182e-01
  3.4391132e-01
 -3.9930490e-01
  2.2391917e-02
 -3.8800460e-01
 -9.4040716e-01
  2.5307199e-01
 -4.1420180e-01
 -6.4081594e-02
 -1.9350173e-01
  1.2397097e-01
 -2.8115711e-01
  4.0387444e-02
 -3.6999583e-02
  1.5023294e-01
 -1.0109638e-03
 -1.1782154e-02
  1.8731931e-04
 -1.7546737e-01
 -2.4101314e-01
 -4.4490975e-01
  5.9878373e-01
 -1.8362732e-01
 -6.9569469e-05
  2.4492550e-03
  6.4621337e-02
  1.6533661e-01
  1.3558243e-01
 -1.4220862e-01
 -1.3283141e-01
  1.8243653e-01
  8.7408356e-02
  1.6598009e-01
 -2.9315106e-03
 -2.3673290e-02
  1.7826200e-01
  2.1226044e-01
 -3.9696578e-02
 -1.8945531e-03
 -4.7150746e-02
 -1.7189375e-01
 -4.4903383e-01
 -6.1284535e-04
 -6.5938577e-02
  2.6691112e-01
  3.3083269e-01
 -4.1605523e-03
  2.1903745e-03
  1.6997768e-01
 -2.3767751e-01
  6.0712738e-04
 -4.0617529e-03
 -5.2978392e-03
 -2.2191361e-03
  2.1495953e-01
  5.6505966e-04
 -1.1373166e-01
  2.4238957e-01
  2.0283851e-04
 -2.5986248e-01
  1.7345511e+00
 -4.3976602e-01
 -1.0358920e+00
 -3.7097022e-01
 -1.5231587e+00
  8.4725332e-01
  1.6439065e+00
  2.6650524e-01
  1.7942306e+00
 -2.5317676e+00
 -1.7358968e+00
 -9.3206530e-04
 -1.7368063e+00
 -7.0710224e-01
 -4.3072331e-01
  9.6116561e-01
 -1.9059817e+00
 -7.4642332e-05
 -8.3617741e-01
 -9.0519696e-02
  4.0572777e-02
  1.0493968e+00
  1.0732523e+00
 -5.9224987e-01
 -2.0642555e-01
  7.2217244e-01
  9.9491769e-01
  1.6516237e+00
  2.2649375e-01
  2.2573977e+00
  4.3127441e+00
  2.3611474e+00
 -6.2972798e+00
  4.9755238e-02
 -6.8507743e-01
 -3.2237235e-02
 -5.7259094e-02
  2.5309825e+00
  1.4071187e+00
 -2.2029762e+00
 -1.2272397e+00
  1.3087939e+00
  4.1031733e-01
 -3.1376001e-01
 -1.5922885e+00
 -1.7391893e+00
  1.7365783e+00
 -1.4828223e+00
 -6.9988042e-01
  1.4197308e+00
 -1.9491799e-01
 -3.8166335e-01
  1.5296494e+00
 -1.8924581e+00
 -7.5756446e-02
  2.1819409e-03
  5.2370055e-05
 -7.7080913e-04
 -6.7083916e-04
 -9.0535330e-05
 -1.1306643e-04
 -3.3823971e-02
 -4.4628227e-01
  1.3964220e-04
  3.3692093e-05
  1.0811807e-04
 -1.9975634e-04
 -2.8646828e-05
 -4.0643488e-05
  4.3315947e-04
  4.7426141e-04
  3.2596621e-05
  3.4413693e-05
 -1.4924027e-04
 -4.0292722e-04
  5.7206390e-04
  1.2729630e-04
 -1.8680736e-05
 -3.1305689e-04
  7.2909192e-05
 -1.2616072e-03
  2.4181051e-04
 -3.8479571e-04
 -1.4592570e-04
  3.9787009e-02
  3.4377182e-01
  1.3171821e-03
  3.8227528e-05
  2.9187072e-02
 -3.2288008e-05
 -7.2097097e-04
  4.2611538e-04
 -5.4015010e-04
  2.9443679e-04
  7.8299292e-04
  5.3340022e-04
 -1.9031222e-04
  1.6736446e-02
 -2.2063289e-06
 -9.0862333e-05
 -5.6062403e-05
  5.7828258e-04
 -3.5231785e-04
 -6.8082922e-04
 -1.3797007e-04
 -3.7632100e-04
 -1.0161467e-04
  2.6271309e-04
  3.9648823e-04
 -1.7255153e-04
 -1.7168642e-04
  1.0447395e-04
  3.3763837e-04
  6.4580084e-04
  8.2633080e-05
 -4.1146850e-04
 -3.5982177e-04
  6.8794485e-05
  3.3520011e-04
  4.2215898e-04
  3.0845785e-04
  3.8776084e-04
  9.0038127e-05
 -3.6057201e-04
 -1.6139897e-04
  7.9340520e-05
  7.0551946e-04
  3.5865196e-05
  6.5230466e-05
 -3.0189409e-05
 -3.7002323e-05
  2.7588304e-04
 -3.5926365e-05
  2.0006276e-04
 -1.8400409e-03
 -4.2977644e-04
  1.6780291e-04
  2.3828106e-04
 -1.6153941e-04
 -3.3279447e-04
  1.7710034e-04
 -3.1360312e-04
  1.4459672e-04
  1.1919155e-04
 -1.4754169e-04
  3.2223666e-05
  4.8399845e-04
  8.1857550e-05
  4.1776450e-04
  5.4258236e-04
 -7.5408769e+00
 -1.4637143e-04
 -1.1748592e-04
  1.8952062e-04
  1.7474065e-04
  1.4746655e-04
  3.9619865e-04
  1.1072207e-04
  2.9663899e-04
 -2.8336720e-04
 -5.6158123e-04
  1.1752528e-04
 -2.1385241e+00
 -2.7603188e+00
 -9.2871141e-01
  1.2195400e+00
  1.0138593e+00
 -1.8733890e+00
 -7.3857683e-01
 -1.7308540e+00
  1.0304157e+00
 -3.6763689e-01
  1.0305350e+00
  1.4860635e-01
 -5.7912319e-05
  1.2625865e+00
  2.6033420e-04
  1.2270770e-05
  2.4737244e+00
  3.1145031e-04
  3.2777309e-01
  1.2537206e+00
  3.5687226e-01
  5.3562824e-05
  1.4992073e+00
 -6.2725283e-02
  2.8508300e-02
  2.3200251e-01
 -4.7481340e-01
 -1.3445909e-04
 -2.4944763e+00
 -3.0537909e-01
  5.1209486e-01
  2.2060913e-01
 -3.7603830e-05
 -4.3556368e-01
 -3.1099453e+00
  5.9168710e-04
 -8.9344335e-01
 -1.2496891e+00
 -3.5900328e-01
  1.0170479e+00
  7.8676492e-01
  8.7512392e-01
 -2.7222650e+00
 -2.2905872e+00
 -1.7725986e-01
 -2.8811994e-01
  5.3658173e-03
 -1.3771069e+00
  1.2353868e+00
 -1.7261347e-02
  1.6720387e-01
 -1.7488714e+00
 -1.6525953e+00
 -1.5455132e+00
 -3.1167119e+00
  2.7943416e+00
 -2.9301906e+00
  2.4672337e+00
 -8.5504025e-01
 -6.4701146e-01
  1.8807427e+00
 -3.0582111e+00
 -3.1437060e-01
  1.4006812e-04
 -3.0496239e-04
 -1.4447451e-04
  3.1236015e-04
 -1.4542452e-03
  1.3268316e-04
  2.1328651e-05
 -1.2603239e-04
 -3.4182458e-04
  9.4136715e-02
 -3.0033431e+00
 -6.3989783e-04
 -4.5455797e-03
 -4.9354753e-04
 -2.3543469e-05
 -1.3128008e-01
  8.5843247e-01
  2.4518861e-01
  3.4538805e-04
 -2.4291524e-03
 -2.7427924e-04
  6.7073268e-01
  5.7439669e-04
  4.0773902e-02
  4.7346843e-05
 -2.5688570e+00
 -1.5612150e-04
 -2.1477902e-01
 -8.7006077e-02
 -6.5311283e-01
 -4.0886414e-01
 -1.5478810e-04
  3.4716137e-05
  3.6178916e-03
  5.3915417e-01
  5.0043873e-04
  6.4160633e-01
 -5.7953489e-01
 -3.4704330e-04
 -1.4790906e-04
 -2.9942828e-01
 -5.0003850e-04
 -2.4895711e-01
  4.4889628e-05
 -2.2213428e+00
  4.5024231e-01
  2.0220075e+00
 -2.5463778e-05
  7.4542302e-01
  7.1435177e-01
  1.2086581e-01
  9.2502671e-01
  7.1821684e-01
  7.0014678e-02
  3.1567534e-04
  2.3191624e-06
  2.5598193e-04
  5.1535544e-04
 -1.1988502e-04
 -6.4565313e-05
  2.2764185e-04
 -2.5870111e-03
  5.8323547e-04
 -2.2467156e-01
 -9.1973551e-02
 -2.6374235e-04
 -2.6825670e-02
  2.7395904e-04
 -1.2181857e-01
 -4.7886515e-01
  3.4442371e-01
 -7.9011051e-03
 -4.9010098e-02
 -2.4517567e-04
  2.0682910e-03
 -5.8309019e-01
 -5.8574313e-01
  9.1237464e-04
  2.3062804e-01
 -4.1557190e-01
 -9.1341444e-06
 -6.3987695e-02
  9.8587960e-05
  4.3100938e-02
  2.7389984e-04
 -3.1573066e-04
  2.9406024e-03
 -1.1967353e-02
  3.0902320e-01
 -2.8428012e-03
  2.9456517e-01
  1.1605748e-01
  6.2216124e-05
 -2.1501585e-04
 -3.9575413e-01
 -2.2166641e-02
  9.2592537e-01
  3.7415062e-05
  1.1216300e-04
  1.3223912e-01
  1.9262710e+00
 -1.1106025e-04
 -1.7778361e-01
 -7.7554917e-01
  3.3153449e-03
 -3.2065079e+00
  3.2435152e-01
 -3.8371179e+00
  4.0836749e-05
  1.3584255e-04
 -5.0336594e-04
 -1.3369908e-04
 -1.4720988e-04
  5.8645301e-04
 -1.3553575e-04
  1.2093093e-01
 -6.7921256e-04
  3.7132126e-01
  1.4590322e+00
 -7.4851778e-05
 -4.2633237e-05
  4.3922207e-01
  2.2184965e-03
  4.6597961e-02
  1.1141491e-04
 -8.8031314e-02
 -5.5803142e-05
 -1.3003299e-04
  3.4942392e-03
  1.6875811e-04
  1.0355625e+00
  5.6595725e-01
  3.3923458e-05
  1.7885875e+00
 -2.1227526e-05
  6.4159970e-04
  1.0328732e-01
 -1.9944741e-01
  1.2414408e-03
  8.4974819e-01
 -4.7758564e-05
 -5.1456795e-05
  1.3095067e+00
 -2.1791687e-04
  1.5639578e-01
 -4.3244386e-01
  3.8607782e-04
 -1.4214963e-04
  4.4691996e-04
  2.9570819e-04
 -1.4383109e+00
 -6.5421591e-05
 -4.3516440e-04
 -6.5537262e-01
 -1.3315205e-01
  3.7600216e-02
 -2.1799758e-02
 -1.0858619e-01
  1.9857056e-01
 -6.1962679e-02
  1.9189719e-03
  3.4229171e-01
  4.8452802e-03
 -2.2380492e-02
 -8.7070107e-01
  5.6955410e-04
 -3.9726033e-04
  1.1922562e-02
 -2.4345236e+00
  3.7153125e-01
 -8.0645746e-01
 -1.1892965e-02
  2.2457391e-01
  5.3837493e-02
 -1.8941332e-01
 -5.4596234e-02
 -1.8326603e-02
  2.3746517e-02
 -5.5720322e-02
 -2.5936475e-01
 -5.2807685e-02
  1.2708846e-02
 -2.7170792e-01
 -1.9662657e-01
 -2.4946077e-01
  5.9252733e-01
  4.9168548e-01
 -4.2333850e-01
  4.7581303e-01
  2.9786186e-02
 -1.8596680e-01
 -1.0054758e-02
 -8.6009943e-01
  1.3633126e-01
 -1.2466540e-01
 -6.5803759e-02
  2.6666096e-01
 -4.5232439e-01
 -8.3116390e-02
  8.5277808e-01
  4.0461294e-02
  4.5126444e-01
 -2.8687987e-01
 -9.3142860e-02
 -3.7082996e-02
  8.3694644e-02
  1.0027452e-04
 -4.8568029e-02
 -1.6554071e+00
 -5.0618023e-01
  8.9302742e-01
  1.0392469e-01
  3.6699316e-01
  2.8629973e+00
  2.1072868e-01
  2.0975664e-02
  4.8603280e-05
  1.8958908e+00
  1.1663934e+00
  6.8959695e-01
  1.4066939e+00
  2.0382881e-02
  3.7740443e+00
 -4.8403105e-01
  4.2732391e-01
 -1.2314316e+00
 -2.1473515e-01
  2.4649526e-01
  2.2705381e+00
 -3.9184642e-01
 -4.2921180e-01
  4.6566731e-01
  1.0060213e+00
 -5.8850461e-01
 -1.6088643e+00
  1.2493527e-02
  1.2511290e+00
 -7.3248953e-01
 -1.3002540e-01
 -1.0099392e+00
  4.9593758e-02
  7.2805518e-01
  4.1746864e-01
  2.4136095e-01
 -3.3464077e-01
 -1.4187643e-01
 -7.8696787e-01
 -6.5364057e-01
  6.5126377e-01
 -1.4069442e+00
  8.1038129e-01
 -1.0195198e-02
  1.5405665e-01
  2.4696334e-01
 -1.3014019e-04
 -1.1062586e+00
  1.1069265e-01
  6.2901241e-01
  1.8064645e-01
 -4.7760037e-01
  1.5604130e+00
  6.9237486e-02
  2.2863929e+00
 -7.5532511e-02
  2.8741103e-01
  2.5197491e-01
 -3.6401227e-02
 -1.1840702e+00
 -1.2624058e-01
 -1.8261601e+00
  5.8999681e-04
 -2.2774937e-03
 -1.3609477e-02
  1.4062674e-04
 -6.1380458e-03
  6.5057055e-04
 -2.6213471e-04
 -1.7598660e-04
  2.4100214e-05
  5.8907342e-01
  1.0066748e-01
  4.9483281e-04
  3.5114470e-01
  8.2313293e-04
 -5.3422969e-02
 -1.1364980e-02
  1.2983726e-01
  2.3883329e-01
 -5.8724999e-01
  3.1563631e-04
  5.5459660e-01
  7.2858810e-02
  6.6756486e-04
  1.2260525e-02
 -3.0993819e-02
 -5.0982338e-01
 -3.3948791e-01
 -3.1386513e-01
 -4.6813229e-01
  2.6461333e-01
 -1.4870364e-04
  5.5834860e-01
 -1.4044963e-01
 -2.8147286e-01
 -3.6827680e-01
  7.7491265e-04
 -7.2381394e-03
 -2.7524227e-01
  2.7988678e-01
 -8.4665451e-05
  8.6409476e-05
  2.8154120e-04
  1.5462156e-01
 -8.1165512e-05
 -1.4600531e-03
 -6.3131320e-01
 -4.0200448e-01
 -1.4040135e-01
  4.2249176e-01
  4.8143950e-01
  7.8436548e-01
 -5.7962823e-01
  4.3076468e-01
  1.6091274e-01
  1.4384703e-01
 -9.3795802e-04
  8.9668098e-04
  1.8336684e-03
  2.5034780e-04
  1.2407071e-04
 -4.0444735e-05
  1.2946990e+00
 -8.8684392e-05
 -5.9702921e-01
  1.7802713e+00
 -5.0800681e-01
 -7.3367047e-01
 -2.8335601e-01
  9.1855717e-01
  1.4252198e-01
 -4.4858953e-01
 -2.6629284e-01
  3.3183847e-04
  8.2456023e-03
 -8.7450624e-01
 -4.7426751e-01
 -3.1496596e-01
  1.4376242e-04
  2.6400988e-03
  2.6539354e-02
  1.0483589e-03
 -2.9394429e+00
  5.1391110e-02
 -1.2870072e+00
  2.2792801e-01
 -1.3395342e-02
 -6.6205913e-01
 -7.1911347e-01
  2.2373340e+00
 -3.0904944e-04
  3.2840017e-02
  3.1915647e-01
  4.3943131e-04
 -1.1264227e-01
  1.3740796e-01
  2.2720410e-01
  9.0887360e-02
 -1.9536510e-01
  1.0580928e+00
  9.0321410e-01
  3.1138863e-02
 -9.1937631e-01
 -3.0967245e-01
  4.9126834e-02
  5.5470336e-02
 -2.4822968e-01
  1.8696204e-01
 -2.7827462e-02
 -4.2923228e-04
  2.1075669e-03
  2.9082580e-03
 -2.2477293e-04
 -4.9425188e-02
 -5.6300010e-03
  4.8327482e-01
  5.7736637e-05
 -7.6583012e-05
 -1.7027721e-02
  7.4146378e-01
  1.3295518e-01
  3.1945181e-01
 -1.3815211e-01
 -1.5784377e-03
  2.7080849e-01
 -8.9032017e-02
  4.2197677e-01
  3.7441205e-02
 -1.3354892e+00
  1.0720617e-01
 -1.7859084e-04
 -1.8515274e-02
 -7.6876509e-01
 -1.5292720e+00
  4.3866464e-01
  1.9208329e-04
 -5.4469824e-01
  2.0052838e-01
  3.0801441e-03
  5.5945992e-01
 -1.4597329e-01
 -6.5931361e-03
  2.5804776e-01
  5.2560788e-01
  1.4590707e-01
 -2.5203934e-01
  5.0159544e-01
 -5.3173167e-01
 -4.6835220e-04
  9.7902650e-03
 -8.4060084e-05
  1.4935425e-03
  1.5697698e-04
  1.3797315e+00
  2.5559298e-04
 -3.0405694e-04
 -1.6194425e-04
 -5.7686615e-05
 -8.3384955e-05
 -3.8811291e-04
 -1.4667266e-05
  4.7013548e-04
 -5.2165112e-04
  1.5283471e-04
 -5.4909349e-05
  7.3791234e-05
 -3.6440595e-04
  2.0742937e-05
 -3.1615193e-05
  5.4972101e-04
 -1.2949936e-04
  2.4330700e-04
  1.6580501e-05
 -4.8860558e-04
  3.1230340e-04
 -3.0690260e-04
  3.2953212e-06
 -1.9615442e-04
 -1.2867113e-04
 -3.3107033e-05
 -1.4124991e-04
 -2.6641546e-05
 -1.6034937e-06
  3.0657611e-04
  1.1747728e-04
 -9.3858682e-05
  3.1086944e-05
  1.1261229e-03
 -8.4823921e-02
  4.2541817e-04
 -3.2258985e-04
 -3.2716637e-04
  7.3307938e-06
 -7.8818016e-04
 -9.2024333e-05
 -5.1469848e-05
 -1.5708190e-04
 -4.1075482e-04
  1.4263671e-04
  8.3350336e-05
  4.2596461e-05
 -4.7720605e-05
 -1.1892711e-04
  1.5057026e-03
  3.1718740e-04
  1.6203003e-04
 -1.5360482e-04
 -3.0383453e-04
 -2.3525025e-01
 -3.6828539e-01
  2.9945046e-01
 -1.1191226e-01
 -1.0623804e-01
  1.5081733e-01
 -1.1063115e-01
 -6.4665079e-02
  1.3259982e+00
 -1.0006251e-03
 -9.4951606e-01
 -5.5249309e-04
 -3.5974908e-01
 -8.5392946e-01
 -5.6213997e-03
  1.3332201e-04
  6.9327796e-01
  7.3794817e-04
 -5.8445275e-01
  1.6720942e-01
  1.6969481e+00
 -6.8900013e-01
  9.9554509e-01
 -2.1364208e-01
 -1.1120989e+00
 -8.5977054e-01
  2.5229329e-02
  2.9042163e-01
 -5.3629085e-02
 -2.1515269e-02
 -1.5741290e-01
  1.2824798e-01
  9.4653034e-01
 -9.8353006e-02
  1.1236445e+00
 -5.5462664e-01
  2.8475186e-01
  2.9848850e-01
  6.3104689e-01
 -1.2728162e+00
 -3.0253750e-01
 -1.7627692e-01
  8.9537956e-02
  4.1982229e-03
  2.0712449e-01
 -3.4925362e-01
  2.7439371e-01
  6.4259064e-01
  7.3042715e-01
  2.1289705e-01
  4.8600201e-02
  4.2061010e-01
  1.6163777e-01
  1.8646249e-01
 -1.2695419e+00
 -4.8554484e-02
 -1.3264006e-02
 -2.5373382e-02
  6.2161815e-01
 -1.8786065e-02
  1.3536961e-01
  1.1191186e+00
  1.5069293e-02
 -5.1640399e-04
  2.9605918e-04
 -1.1693153e-04
 -3.9587310e-05
 -3.8277587e-01
  7.5054729e-01
 -9.1517017e-05
  1.0634480e-04
 -1.8122661e-04
  1.4283471e-01
 -2.2020955e+00
 -2.3385182e-01
 -2.3370349e+00
 -9.2710358e-01
 -1.3076840e-03
 -3.4635062e+00
 -4.8200938e-01
  6.0561287e-01
 -6.5766094e-04
 -9.4153523e-04
  1.4910838e-04
  2.0187517e-04
  4.8368192e-01
 -3.3807695e-01
 -1.1496939e-03
  3.4391317e+00
 -3.3939054e-04
 -5.2875358e-01
  5.1991618e-03
 -2.0410194e-01
 -3.3266100e-01
 -6.2566251e-01
  4.7764018e-01
 -3.3123026e+00
 -1.2560220e+00
 -2.9666580e-05
  7.4066800e-01
 -1.4125739e-01
 -6.3968007e-05
  1.2418700e+00
 -5.2234981e-02
 -3.5233453e-01
  3.7237203e+00
 -2.6027471e-04
  1.1202728e-03
  4.8111465e-02
 -3.1995662e-02
  2.1556146e-01
  3.1106701e-02
  4.7233950e-02
  1.2639293e-01
  5.7986641e-01
  1.9502600e-01
 -8.5267924e-02
  2.0903453e-02
 -1.6658282e-01
 -1.2752261e+00
 -1.6273403e-05
 -4.0256072e-02
  2.3384807e-03
 -2.5818462e+00
  2.7954719e+00
 -4.8226237e-01
 -6.2817788e-01
  1.5947273e-01
  6.5379017e-03
  9.0509367e-01
 -1.6071498e-01
  4.3549824e-01
  2.9544222e-01
  2.4380715e-01
 -1.0878443e-01
  5.2923162e-02
  2.5487360e-01
 -1.6950408e-01
 -3.8893614e-02
 -2.9606234e-02
  1.7595068e-02
 -2.7436774e-02
 -1.8842565e-01
  8.0131555e-01
  1.5843447e-01
  1.2597787e-01
 -3.4992900e-01
  1.2484392e-01
  1.5224201e-03
 -4.5189075e-02
 -4.5462418e-01
 -1.8268290e-01
 -1.1382489e-02
 -1.8799025e-01
 -3.5280079e-01
  2.7851321e-02
 -2.8715869e-02
 -3.1433639e-01
 -2.9676536e-01
 -1.5608524e-01
 -3.4097934e-01
 -2.0469265e-01
  9.2598297e-05
 -3.3160450e-05
  1.9315143e-04
  1.4712298e-04
  1.8462481e-04
  8.3913226e-05
 -4.7369875e-05
  1.4215593e+00
 -5.0735303e-05
  1.4431546e-04
 -1.5667638e-04
  2.2454359e-04
  7.4730531e-05
 -3.5798206e-04
 -4.4614590e-05
  2.7125233e-04
 -3.6945942e-04
  1.0166449e-04
 -2.1712626e-04
  4.6278810e-04
 -1.3426063e-04
 -5.4986140e-05
  3.3451346e-05
 -5.3207809e-04
  2.4244004e-04
  1.4343092e-04
 -8.4783205e-05
  3.9117851e-05
 -9.3594033e-05
 -1.2352507e-04
  1.9376757e-04
  3.9484102e-04
 -8.4280407e-05
  6.9148795e-05
  2.8693368e-05
 -2.0621609e-04
 -1.4465812e-04
  1.2342079e-04
  3.8004672e-04
  2.0267580e-04
  2.2594667e-04
 -9.8827397e-05
  6.3139078e-04
 -1.0963425e-04
 -9.4503121e-05
 -8.2475904e-05
  2.3545015e-04
 -1.0896150e-04
 -6.3173233e-05
 -7.0715978e-05
 -9.4364405e-05
  8.0941230e-05
  6.6773071e-05
  3.6073179e-05
 -2.4823940e-04
  2.8616018e-04
  3.1749305e-04
 -1.5321428e-05
 -2.6288768e-04
  6.7180814e-04
  1.7670887e-04
  6.1877677e-04
 -9.1202004e-05
  2.5652820e-04
 -2.1211478e-04
  8.9028363e-05
  2.4974858e-04
 -2.4632766e-04
  6.5515765e-06
 -1.3457880e-04
 -3.5710400e-04
  7.5649767e-04
  7.0600800e-05
  3.6758566e-04
  5.8233611e-05
  2.9435073e-04
  3.9074488e-04
 -1.5353001e-04
 -5.6952931e-04
  1.3783207e-04
 -1.0656018e-03
 -1.8321995e-05
  4.6917350e-05
 -8.3804123e-05
 -3.4607467e-04
 -4.1755117e-04
 -5.2328200e-05
  3.5780240e-04
 -2.4920481e-04
  1.4052263e-05
 -2.8442545e-04
  5.7344059e-05
  2.4600760e-05
  2.7252448e-04
  5.4680087e-05
 -2.3056383e-04
 -2.0051261e-06
  1.7818186e-04
  3.2017655e-05
  1.4883677e-04
  8.6564825e-05
  1.8741943e-05
 -4.8989696e-06
  3.1060350e-04
 -1.2451637e-04
  1.1013446e-04
 -2.2830257e-04
 -3.0129495e-05
 -9.8569268e-01
 -1.4756171e+00
 -5.2731287e-01
  3.4122083e-01
 -5.0503421e-01
 -1.6125683e-01
 -1.0515342e-02
  3.4504786e-01
  7.9445881e-01
 -3.2698810e-01
 -7.6898038e-01
 -4.9878746e-01
  1.2920148e-04
 -3.2741026e-04
 -6.0299796e-04
 -3.4696839e+00
  1.3757280e+00
 -1.2171838e+00
 -7.6298481e-01
 -2.8096974e-02
  4.1699040e-01
 -2.9946724e-01
 -2.5141954e-01
  1.6657269e-01
 -6.7586172e-01
 -1.2656363e+00
 -1.8977520e-01
 -1.0670353e+00
  1.3202627e-01
 -1.0971877e-01
 -4.7592810e-01
 -7.9653943e-01
  9.4263840e-01
 -8.4871858e-01
 -1.6653740e-01
  1.3940214e+00
  3.5849997e-01
  4.2187709e-01
  4.7748414e-01
 -6.2679505e-01
 -1.6511734e-01
 -2.7118623e-01
 -1.3449411e-01
 -2.1010394e-01
 -1.7697994e+00
 -4.2031989e-01
 -2.9599866e-01
  7.6060098e-01
  5.7433611e-01
  1.4901012e-01
  6.6810235e-02
  3.8921160e-01
  1.6982381e-01
  2.9487839e-01
 -2.7104182e-04
 -1.1312270e-03
  6.1734945e-06
  1.8935821e-04
 -1.2446971e-04
 -3.8075668e-04
  1.4347337e-01
 -1.8953033e-04
 -1.5394697e-04
  3.6484937e-05
 -2.5083736e-04
 -2.0627446e-04
 -1.7394249e-04
 -3.1536646e-04
 -7.2251612e-05
  7.7828998e-05
 -3.3228673e-04
 -4.5926869e-04
  1.7874743e-03
  2.6382101e-04
  7.2779856e-04
 -1.3898913e-04
 -1.6460067e-04
 -2.0141016e-04
 -1.2260984e-05
  9.3361523e-05
  6.5682812e-05
  1.2328300e-04
  6.4351349e-05
 -9.7855995e-04
 -2.6606364e-04
  3.0789038e-04
 -1.8304882e-04
  1.1934266e-04
 -2.5703429e-04
 -1.2003190e-05
  8.1277118e-05
  5.7345755e-05
  3.8414844e-05
  2.0542623e-04
 -1.0209039e-04
  5.2332300e-05
  4.2084033e-05
  1.1813493e-04
 -2.6369971e-04
 -2.5144851e-04
  1.4339620e-04
 -2.1201841e-04
  1.1862546e-04
  5.0621915e-05
 -3.2597544e-04
 -3.8969036e-05
 -3.9412436e-05
  4.6457633e-04
 -4.3826472e-04
 -1.4890879e-04
  4.0103554e-05
 -6.9947401e-04
  1.0855483e-03
  3.8712192e-04
 -1.8262038e-01
 -3.6624208e-04
  7.6400720e-05
 -2.0423668e-06
 -2.9688288e-04
 -6.2918593e-04
 -5.0454825e-04
 -7.9745005e-05
  2.6121520e-04
 -2.5001404e-04
  9.6803247e-05
 -1.5724046e-04
 -2.6428104e-05
  1.9333613e-03
 -2.8511598e-05
  1.2039838e-04
  5.9029553e-06
  4.8601080e-04
 -1.1847480e-05
  1.9050718e-04
  1.7077284e-05
 -7.0753880e-04
  1.1064713e-03
 -6.2156806e-04
  2.4568936e-04
  5.3382956e-04
 -1.7183658e-04
 -4.0914759e-04
 -1.3979708e-01
 -2.3732433e-04
 -2.1113380e-04
  3.2367278e-04
  7.1536691e-05
  6.4820010e-04
 -1.8620669e-04
  1.3187125e-04
  8.6307948e-05
  9.9066808e-04
 -2.6743917e-05
 -2.4032306e-05
 -1.4636501e-03
  3.6542967e-04
  3.3154496e-04
 -8.4982748e-04
 -3.6332561e-04
 -2.0157635e-04
 -4.5391874e-04
  4.7899019e-05
 -6.3084483e-02
  5.6723788e-02
 -1.6374178e+00
  4.7227761e-01
 -9.6218713e-02
  6.4187837e-01
  1.0989686e+00
  6.3829374e-01
  1.9610510e+00
  5.7044995e-01
  5.1354748e-01
  1.4545989e-03
  2.2724749e-01
 -4.5008160e-04
 -1.0731243e-04
  3.1309752e-05
 -5.6297624e-05
 -5.5268465e-05
  7.5452137e-01
 -6.1174601e-01
 -1.4038662e+00
 -1.2009572e+00
 -2.1684653e-01
 -5.0171715e-01
  1.3737947e-01
  8.1477714e-01
  1.7324948e+00
 -2.5716349e-01
  4.0555483e-04
 -3.7807032e-02
 -3.4643006e-01
 -2.4550813e-01
 -5.8228248e-01
 -3.3751593e-04
 -1.0695707e+00
 -1.0085450e-04
 -1.1700516e+00
  3.4884724e-01
  8.6289026e-02
 -5.1875982e-02
  1.6395164e+00
  1.6012235e+00
 -5.3756154e-01
 -4.4664516e+00
 -7.9840684e-04
 -8.8511872e-01
  1.0363986e-01
 -4.8389143e-04
  2.3257156e-01
 -2.1759930e-01
  5.8082042e-05
  1.5207516e-01
 -5.1355863e-05
 -1.9526768e-04
 -4.2816202e-04
 -2.4039863e-04
  1.2577594e-04
  1.5268763e-04
 -1.5947883e-04
 -2.0163985e-05
  2.1436060e-04
  7.3185340e-02
 -2.5394079e-04
 -7.0480064e-06
  4.4370143e-05
 -7.5549280e-05
  1.9957732e-04
  8.8517094e-01
  1.5994674e-04
  6.5607048e-04
 -2.7023040e-04
 -5.9168880e-05
  5.9573888e-04
 -4.3733491e-04
 -3.5137673e-05
 -6.1672225e-05
  4.7201643e-04
 -1.1062963e-04
  2.2491656e-04
  2.8952109e-04
 -1.3747402e-04
 -3.1720710e-04
 -5.8873065e-06
  1.4712710e-04
  6.5425294e-05
  3.1789331e-04
 -2.0978808e-04
  2.5073742e-04
  6.1303261e-04
 -4.3082540e-04
  1.3416365e-04
  2.9301457e-04
  7.3357573e-05
  5.0263817e-04
 -5.9685528e-05
  2.5751462e-04
 -5.0683786e-05
  6.5125045e-05
 -1.8988915e-04
 -2.0548021e-05
 -3.7940056e-04
  1.6246193e-05
  1.0023698e-04
 -7.5402600e-04
 -4.3269923e-05
 -1.9115985e-04
  3.3621953e-04
  6.2233448e-04
 -1.3481892e+00
  1.4303578e-01
  1.2533821e+00
  1.5541337e-01
  5.9886193e-01
 -5.8501703e-01
  3.5205826e-01
 -5.5607653e-01
 -2.3515494e-01
  2.8362089e-01
 -3.2560515e-01
  1.0139679e+00
 -4.3831600e-04
 -2.6255962e-01
 -2.6607576e-01
  3.4845531e+00
 -1.4019482e-01
  6.6601855e-01
 -5.1316273e-01
  3.7081030e-01
  1.2520750e-01
 -3.2282013e-01
  5.9289304e-03
 -9.0819550e-01
 -2.0614123e-01
  6.3068515e-01
  5.0593570e-02
 -3.7064040e-01
 -3.7536627e-01
 -1.3085410e-01
 -7.1663004e-01
  5.0066197e-01
 -1.0012733e+00
  5.0412067e-03
 -3.7277916e-01
 -1.2018111e+00
 -4.0409911e-01
 -5.4135703e-02
 -2.8783855e-01
 -1.3975406e-01
 -3.2427597e-01
 -1.7821729e-01
  7.3823975e-03
 -2.0736597e-01
 -1.6386710e-01
 -1.3605523e-01
  1.5247674e-01
 -6.9496900e-01
 -2.4801586e-02
  1.9282992e-01
  3.1833509e-01
 -7.1962088e-02
  1.6628091e-01
  1.0567369e+00
 -6.1526656e-01
 -3.2202503e-01
  5.6645785e-02
 -1.0564062e-04
 -7.1495044e-01
 -2.8860438e+00
 -4.1940325e-01
  5.6570027e-02
 -9.5114142e-01
  1.0266861e-01
 -1.7115141e+00
 -3.9083917e-02
 -4.6247220e-01
 -4.1586547e-03
  1.3583207e-01
  2.7426907e-01
 -3.9065297e-04
 -1.4279535e-01
 -1.7402762e-01
  6.0790151e-02
  1.0974922e-01
  8.6956337e-02
 -2.4476089e-01
  8.4085233e-04
 -1.9843278e-02
 -4.8306249e-02
  3.4736449e-01
 -3.4671888e-04
  9.4224721e-05
 -3.3473155e+00
 -2.4555743e+00
  1.1887194e-03
  4.0544635e-01
  7.2058576e-01
  1.1230540e-01
  8.3553553e-02
  6.4616561e-01
 -4.6550003e-01
  7.6262135e-05
 -2.3593894e-01
  3.4219437e+00
  1.4967194e-01
 -3.0332961e-04
  2.8287150e-05
  5.1763952e-01
  7.4034244e-05
  4.8493603e-05
  6.1967820e-01
  9.8147953e-05
  4.1875735e-01
 -1.2421025e-01
 -3.0911094e-01
 -8.1952810e-02
  3.9026719e-02
 -3.6030418e-01
  6.6784807e-02
  6.4379734e-01
  5.8391035e-01
  6.8378329e-01
  3.3623776e-01
  1.0355343e+00
 -8.5086860e-02
 -2.3836011e-01
 -3.6585081e-02
  2.1182115e-01
  3.6982450e-01
 -6.1864788e-03
 -1.1672962e+00
  3.1020978e-01
  6.0972370e-02
 -1.1004928e+00
  7.6905334e-01
 -5.0545823e-02
 -3.3806734e-02
  4.9107829e-01
 -1.5457188e-01
 -1.6192006e-01
  2.5615010e-02
 -2.3903225e-03
  2.7577782e+00
  8.2622540e-01
 -6.3345170e-01
  3.5858226e-01
  2.9760471e-01
 -2.2469591e-01
  2.1125790e-01
  9.9624626e-02
 -1.0539515e-01
 -1.0178434e-02
 -6.5930855e-01
 -2.4749050e-02
  2.6493251e-01
 -5.3092121e-04
  3.0719842e-05
  5.0848311e-01
 -1.2324703e-02
  1.4914061e-02
 -1.4377916e-01
  3.0932580e-03
 -2.4752976e-01
 -1.9788461e-04
  3.1623475e-02
  6.3768137e-05
  6.1883647e-02
  2.1003105e-02
 -1.2368144e-02
 -4.6901442e-02
  2.1045430e+00
 -6.3086377e-04
  5.0930925e-05
 -1.3424417e-04
 -5.2324009e-05
  7.3817399e-05
  3.2495070e-04
 -8.0078223e-04
  7.1059294e-05
  4.4469180e-04
  2.7919548e-05
 -1.6871821e-04
  4.8676004e-05
  1.6715672e-04
  2.7656744e-04
 -2.1766643e-04
  5.5579105e-05
 -4.7597854e-04
  3.1446150e-04
  5.3019589e-06
 -2.4423229e-03
 -4.7891015e-05
  2.4751309e-04
 -1.0388222e-04
 -6.3628412e-04
 -1.6607913e-04
 -2.8825618e-04
  8.3924929e-04
  2.7490134e-04
 -1.3783741e-04
 -1.3793386e-04
  2.4202137e-04
  3.6660138e-05
 -8.2411468e-02
 -4.8641927e-04
 -4.0259436e-04
  6.2908031e-05
  7.5434138e-05
  7.5889358e-05
 -2.0191714e-04
  1.3069622e-04
  6.5938293e-05
  9.5466770e-05
  2.3422657e-04
 -3.9832616e-05
  1.5587333e-04
  7.3024275e-04
  2.0424336e-02
  1.7837666e-01
 -4.3841270e-03
  1.9207716e-03
  1.6958173e-01
 -7.0572336e-05
 -1.8382262e-01
 -4.5110515e-01
 -3.3113713e-04
  3.6818552e-04
 -8.8622066e-04
 -3.4398789e-05
 -2.2890874e-04
  8.2893108e-05
  2.8188594e-04
 -7.7164281e-05
  3.2399633e-04
 -4.7458074e-04
  3.2192864e-04
  4.6654586e-05
 -2.7160082e-04
  7.6073571e-05
 -2.7475033e-02
 -7.8685902e-05
  9.1806746e-01
 -4.0014875e-06
 -2.1083942e-03
 -5.1179659e-03
 -8.1217784e-04
 -2.4979754e-04
 -7.4700205e-05
  3.9285884e-04
  2.0267216e-04
  2.6882435e-03
  1.7321356e-04
  9.6322969e-05
 -2.4963036e-04
 -2.8720862e-04
 -4.0610993e-04
  5.7782384e-04
 -1.9444739e-04
 -1.2357852e-02
  5.9345615e-04
  2.1122242e-04
  2.0886218e-05
  9.5499505e-04
  5.7730434e-05
  2.3190711e-04
 -2.1288972e-05
  2.9186028e-04
 -1.2216668e-04
  1.7198919e-04
 -5.2680698e-04
 -6.6973700e-04
 -2.0058528e-01
  1.0542961e+00
  2.1510260e-01
  8.4720051e-01
 -2.9110389e-03
  2.5470462e-01
 -1.7364345e-01
 -1.7860302e-01
  5.8879217e-05
 -1.8920375e-04
 -6.2529400e-02
  2.3196097e-05
  1.6906281e-04
 -5.0172653e-02
  1.2216917e-02
 -8.3026406e-04
 -1.7959040e-02
  1.8876441e-03
  1.5128024e-01
 -2.4870852e-02
 -7.3796552e-01
  5.4941392e-01
  6.0368419e-01
 -7.7155769e-01
 -1.0112972e-01
  2.9215622e-01
 -4.3563554e-01
 -2.1411601e-02
 -7.0579924e-02
  6.3920081e-05
 -4.1721255e-02
 -7.0291623e-02
 -2.7038853e+00
 -5.5049464e-02
  5.3761173e-02
  1.7583662e-01
  3.0217639e-01
 -1.8721104e-01
  1.1331686e-04
  3.3047560e-01
  2.6219547e-01
  3.5593864e-01
  2.6763132e-01
  1.4926948e-01
  6.7675640e-03
  2.5563508e-01
 -5.4603028e-01
 -8.5210905e-04
  2.4268434e-03
  9.3317169e-01
 -5.3796743e-04
  2.8587860e-04
 -1.2500949e-01
 -1.6281828e-01
  1.0277946e+00
 -5.2503049e-01
  4.9867600e-01
 -2.6272660e-01
  2.0992161e-01
 -1.0486119e-01
  1.8260007e-01
 -9.7155172e-01
  2.7853447e-01
 -1.1226246e-05
 -2.3997626e-01
 -1.3686910e-04
 -6.6273518e-05
 -2.5412283e+00
  2.1659568e-01
 -1.2676251e-01
 -3.9445510e-04
  2.9977923e-04
 -4.6099311e-01
  2.2020125e-01
  1.6025207e-03
  1.6825028e-01
  2.1017998e-04
 -3.8162056e-01
 -3.9726204e-01
  7.3675317e-01
 -6.7602843e-04
  2.2990408e+00
  8.6317811e-04
  2.8991849e-06
  1.9586956e-05
 -3.9757255e-02
  1.5575787e-02
  2.2323819e-01
  6.8658195e-02
  2.7175367e-04
  1.9996585e-01
  8.7688738e-01
 -3.5322091e-04
 -3.7717092e-04
  2.4295816e-01
  1.2246028e+00
  1.2240618e-03
 -8.8636421e-05
 -1.5500821e-01
 -1.0294049e-03
 -1.0077330e-04
  1.8659677e-05
 -1.8648892e-05
 -2.1766973e-04
 -1.2645395e-04
 -2.5928190e-01
  4.8456946e-01
  3.9621111e-05
  1.4558782e-04
  1.4569612e-03
  1.9058221e-03
 -1.1128804e-04
 -9.0092607e-02
  6.8204921e-05
  3.4316365e-02
 -2.5886766e-05
  1.8770470e-04
  7.9884223e-05
  1.7108899e-04
 -2.9282650e-04
  3.2667755e-04
  1.0423429e-05
  5.8190450e-05
 -6.2226696e-05
  5.0541410e-05
  1.5363630e-04
 -1.0618798e-03
  1.1808788e-04
  4.2456176e-04
  3.5515903e-05
  5.9596376e-05
 -9.6774209e-05
  5.0946296e-04
 -6.2108455e-05
  5.2766368e-04
 -4.8762475e-05
  2.5464137e-04
  4.9839442e-04
  7.3674851e-04
  1.9904073e-04
 -1.0377866e-05
 -6.3999451e-04
  2.9055108e-04
 -1.9380302e-04
  1.8571332e-03
  1.3382023e-04
  2.4271026e-04
  5.5786583e-04
 -2.0715767e-04
  4.7742476e-04
  2.2577187e-04
  8.8154606e-04
  7.0147670e-04
  8.6073567e-05
  7.0519454e-05
  2.6250593e-04
 -3.0582960e-04
  9.4594361e-07
  2.4388413e-04
 -7.1688963e-04
 -5.8681559e-04
  5.6299159e-05
  1.7204089e-01
 -1.2826689e-01
 -4.2534623e-01
 -1.4401665e-02
 -5.3541530e-02
 -1.2682542e+00
 -6.9236234e-02
 -6.9915235e-01
 -1.2949301e+00
  4.2478547e+00
  8.1039608e-01
  1.1372154e+00
  1.4902256e-01
 -1.5776278e+00
  9.1293162e-01
  1.4313135e-01
 -8.3391822e-04
  3.9499357e-02
 -3.6544946e-01
  8.5479957e-01
 -4.7215509e-01
  2.4941137e-01
 -9.9716578e-03
 -1.8590571e+00
 -2.9893574e-01
  1.2474629e+00
 -2.2071452e-01
 -6.6283506e-01
 -2.3398586e-01
 -9.2376113e-01
  6.2110239e-01
 -1.7338671e-01
 -3.3524084e-01
 -3.7780124e-01
  7.6089108e-01
  1.8029132e+00
 -4.5259565e-01
 -8.0199301e-01
  1.2038243e+00
  8.1010595e-02
 -5.0195789e-01
  8.5765362e-02
 -2.5695720e-01
  3.5064414e-02
  4.4827305e-02
 -6.3878350e-02
 -3.4037229e-01
  5.5763905e-04
 -1.2083091e+00
  9.4663852e-01
 -8.9572084e-01
  3.3785805e-01
  6.2885302e-01
 -6.0462195e-01
 -1.9360591e+00
  4.1243181e+00
  2.7455699e+00
 -4.2409912e-01
 -3.2839110e+00
 -1.5796539e+00
 -9.5966905e-01
  7.7148426e-01
  1.8163561e+00
  3.7285855e-01
  1.0341868e+00
  6.6974602e-04
 -1.1553993e-03
 -2.7241802e-01
  3.7906879e-01
  1.5883435e-01
  2.6213424e-03
  6.6748282e-05
  8.0181199e-01
  1.9448000e+00
 -1.0749880e-04
 -2.7279601e-01
  3.1661279e+00
  2.0395749e+00
  3.8437074e-04
 -1.2089843e+00
  5.3628886e-01
 -3.2143455e-02
 -5.9254950e-01
 -1.0032117e-04
  8.8516545e-01
  9.7844876e-02
  1.2728781e+00
  1.1097294e+00
 -7.0646018e-02
  1.4648442e+00
  1.9273121e-02
 -3.9462736e+00
 -3.8087413e-01
  1.1443090e+00
 -3.9213145e-01
 -3.7850685e+00
 -2.7284086e+00
  1.9095802e+00
  7.7567112e-01
  1.2475471e-01
  1.2200007e-04
 -2.3343251e-04
 -1.3271155e-05
 -2.8138202e-01
  2.5251666e-01
 -2.2252846e-01
  1.4880041e-04
  9.7972316e-01
 -4.7960052e-01
 -1.9025447e+00
 -2.6468855e-01
 -5.4979380e-02
 -7.1848728e-02
  2.1352160e+00
  1.5522588e+00
  3.3929622e-01
  2.8752529e-03
  1.3449006e+00
  1.7769729e+00
  2.6812264e-01
 -5.1244232e-04
 -3.3631139e+00
  1.9496518e-01
 -2.7468909e-02
  1.0493120e+00
  7.4822146e-01
 -1.0745281e+00
 -4.5328635e-01
  8.3125749e-05
  3.3530387e-01
 -1.9781219e-03
 -7.4998355e-03
 -1.0059074e-01
 -4.5725355e-01
 -9.6167281e-02
 -1.0232202e+00
  1.6189290e+00
 -9.4586337e-01
 -2.6996179e-02
  2.6744740e+00
 -2.2588756e+00
  1.0401109e+00
  1.5695448e-01
 -9.5682770e-01
 -1.7118789e+00
 -1.0343339e-01
  7.4411529e-01
 -2.5827485e-01
  9.2365807e-01
 -5.5547553e-01
  7.4462372e-01
  1.1703542e+00
  2.5886655e-01
 -1.5704466e+00
  4.7723442e-02
 -2.2172181e-04
  4.9208322e-01
 -1.6122330e-02
  6.5494276e-04
 -4.2391848e-04
 -1.2360321e+00
  1.3072230e-01
  1.4448349e-04
  1.9970479e-05
  1.0198039e-03
  2.1113952e-05
  5.0903174e-05
 -6.0709228e-04
 -5.3293235e-04
  1.6856621e-04
 -2.8155610e-04
  8.3627639e-04
 -6.5997097e-05
 -2.3189852e-04
 -6.4367923e-05
  8.4895088e-05
  2.3348554e-04
 -9.3657902e-05
  1.6397949e-04
  1.8224379e-04
  2.6340305e-05
  2.7356396e-04
  1.1085709e-01
  5.7664238e-06
 -3.8390598e-04
 -9.0291287e-05
 -1.4054783e-04
  5.8930216e-04
  2.7808218e-04
  9.8822937e-05
 -2.7667853e-04
  3.8647061e-04
 -2.0434568e-04
 -5.0059254e-05
  4.0398820e-05
 -4.6842266e-05
 -1.2107782e-04
 -8.1263890e-05
 -9.9074641e-05
  3.3875564e-04
  1.3369427e-04
  4.9172685e-04
 -1.2160366e-03
 -1.4106855e-04
 -3.5185683e-05
 -4.3982851e-05
  3.0621226e-04
  5.7148066e-04
  9.0112575e-05
 -3.4989363e-05
  1.8485078e-04
 -8.1270107e-04
 -2.2640527e-04
 -1.3481706e-05
 -2.8319484e-05
 -3.2556254e-05
  9.7594124e-01
 -4.8738623e-01
  2.5323793e-01
  1.0022049e-01
 -1.1522471e-01
 -1.5321755e-01
  4.7218060e-01
 -3.3232081e-01
 -2.9192883e-01
  9.2892087e-04
  1.1691123e+00
 -3.1642175e-01
  3.1176736e-04
  9.1097689e-01
  1.1998837e-01
  1.1268586e-01
 -1.7258147e-04
  7.3365477e-04
  1.5979456e-03
 -7.3233835e-02
 -1.0077203e-04
  5.0256504e-03
  1.4142939e+00
 -2.9839193e-03
  7.0699975e-02
  1.8999006e+00
 -5.0003821e-01
  6.5135336e-01
 -2.7923042e-01
  2.4491702e-01
  4.4525869e-02
 -2.5261366e+00
 -7.6880622e-01
  7.4678844e-01
  1.7235701e+00
 -2.1917051e-01
  1.4616466e-01
 -8.2803750e-01
 -5.6128782e-01
 -5.8219220e-02
 -1.2648568e+00
  3.5848346e-02
  5.9525943e-01
  7.2150671e-01
 -8.9974605e-02
  2.5922468e-01
 -2.0949601e-03
 -2.4693095e-06
  5.4503523e-04
  1.8051710e+00
  5.8351397e-05
  8.5875747e-04
 -1.2298529e-01
  3.8846287e-01
  1.9810130e-01
 -2.0028390e-01
 -6.8708092e-02
  1.1447287e+00
  1.5482718e+00
  8.6634316e-02
  1.5490913e-01
 -3.5766914e-02
  8.8517410e-01
 -2.3753238e-01
 -8.7452620e-02
 -2.9429181e-02
  6.8559848e-02
  1.7360424e+00
 -5.8180869e-02
  7.6516175e-01
 -8.4618630e-04
 -4.9159512e-01
 -5.8238171e-02
 -7.0966113e-01
  2.8393397e-01
 -1.0873668e-01
  2.3954475e-02
  7.4854743e-01
  3.3433637e-01
 -2.1029721e-01
  1.1349486e+00
  6.4081949e-01
  1.6671218e-01
 -4.8620524e-04
 -3.2970175e-01
  7.7575088e-01
  4.3159550e-01
  1.0661431e-01
 -3.0777307e-04
 -6.1292785e-01
  4.7151014e-02
  4.6462128e-01
  5.6507605e-01
 -2.2863622e-01
 -1.3430056e-01
 -2.1361411e-01
  2.7385333e+00
  3.3948505e+00
  3.5095815e-02
 -1.8491663e+00
  4.0946797e-01
 -4.7587246e-01
 -1.3408270e+00
 -5.2689862e-01
 -3.7967670e-04
  5.0943751e-02
  6.5012705e-01
 -5.5988663e-01
  1.3140176e-01
  2.6971064e+00
 -4.7527409e+00
 -3.9167759e+00
  3.8596890e+00
  1.8093767e+00
 -1.8970942e-01
 -9.0868998e-01
  8.7104684e-01
 -5.7584839e-06
 -2.1836233e+00
 -9.2399009e-03
  2.0773645e-04
 -2.7223306e+00
  3.2925606e-01
 -4.7058851e-01
  3.4958971e-04
 -1.3365559e-04
  1.7176199e+00
 -5.4841497e-05
 -4.1712847e-06
 -9.7416735e-01
 -3.8322597e+00
  8.2401432e-02
  1.0467923e+00
 -1.2911665e+00
  6.1319482e-01
 -1.2943082e+00
 -3.2227312e-04
  6.8095949e-05
  5.9958361e-03
  8.0033046e-01
 -8.1342906e-02
 -1.9517161e-01
 -1.1934923e-03
 -1.4838842e-01
  2.2142680e+00
  2.2258642e+00
 -2.0798677e-04
 -6.6570300e-01
 -5.6937611e-01
  3.3244529e-01
 -5.9856451e-01
 -6.9498932e-01
 -1.6049180e-02
 -3.2540542e-01
  1.0797757e-03
  1.2273141e-04
 -2.9248864e-04
  1.2131423e+00
 -1.5170756e-04
 -1.6365390e-03
  5.2017438e-01
 -2.1906059e-02
 -4.1138779e-04
 -7.1756818e-05
 -1.4781576e-04
 -1.4025667e-04
  1.2369599e-05
 -8.3954242e-04
 -8.9134051e-07
  3.0212640e-04
 -5.4793083e-05
 -1.2396293e-04
  3.8058221e-04
  8.7190379e-04
 -2.1821092e-04
  1.0279464e-04
 -2.7886432e-04
 -3.1329721e-04
 -2.5907126e-03
  3.5064662e-04
 -3.6244726e-04
  8.2480622e-04
  2.0802970e-04
 -2.1064896e-04
 -9.5249598e-05
 -5.2010208e-05
 -1.7407749e-04
 -7.5344485e-04
  1.3069001e-04
 -3.9747524e-06
  1.4361044e-04
 -4.3624011e-04
  3.7772697e-04
  4.0524462e-04
 -1.2249501e-04
  1.4360463e-04
 -4.0770185e-05
  3.4457330e-02
 -5.0321523e-05
  2.0242240e-05
  9.4003692e-05
 -2.5719367e-02
 -6.2360785e-05
  7.6244076e-05
 -2.4176281e-04
 -1.4509069e-04
  2.1560122e-04
 -8.3043944e-04
  1.6156341e-04
 -4.6636382e-05
 -7.4754527e-04
  5.6811034e-05
  6.0196704e-04
  4.2587012e-04
  4.4582543e-05
 -2.5497458e-04
  1.4020133e+00
 -9.9422008e-01
 -8.6677343e-01
 -2.6056060e-01
  3.7439004e-01
  1.5802607e-01
  2.9608750e-01
 -3.1677911e-01
 -1.0739894e+00
  1.0751307e-03
 -5.0746942e-01
  3.0394061e-05
 -7.2143986e-05
 -2.4960326e-01
  4.8497155e-02
  1.6521962e+00
 -3.2039176e-04
  9.0544447e-03
 -2.5277463e-01
  1.7892011e-01
 -1.7436413e-04
  8.8281476e-01
 -3.4666580e-01
 -3.3336136e-01
 -1.0642411e+00
  1.5687195e+00
  1.2868216e-02
 -2.1381964e-01
 -4.6981433e-05
 -1.4243890e-04
 -3.3993118e-03
  1.1392956e-01
 -4.9119711e-01
  4.6416604e-05
 -9.3863942e-02
 -3.2299247e-01
 -2.2311905e-01
  3.2043177e-01
  4.2758654e-03
 -5.4754486e-04
 -7.5277960e-01
 -5.4636472e-01
  7.8372908e-01
  1.0863156e-01
  2.5228244e-01
  1.0601594e+00
 -4.5683613e-05
  5.4144864e-05
 -2.8803128e-01
 -3.7876543e-01
 -6.8402478e-05
  1.5304287e-01
  4.0489202e-04
 -7.2870538e-02
  3.8717023e-01
 -1.7464737e+00
 -3.3082054e+00
 -1.4914894e+00
  2.6290770e+00
  1.1404352e+00
  4.2882538e-01
 -3.9702002e-02
  7.3336560e-01
 -9.2009073e-01
  4.4705834e+00
  7.6100671e-01
 -4.5164164e-05
 -9.8671734e-01
  1.7617503e+00
  5.3405267e-01
  1.7042457e+00
 -1.2112601e+00
 -7.5932777e-01
 -9.8682863e-01
  2.2104359e+00
 -1.4448699e+00
 -3.4440139e-01
 -2.1295078e+00
  2.2858870e+00
 -5.2590266e-02
 -4.9286696e-01
  4.8029602e-01
 -2.4948888e-01
  5.9343845e-01
  3.1931955e-01
  9.8836339e-01
 -3.2160568e+00
 -2.8088427e+00
  2.1353469e+00
 -5.4245389e-01
  1.2368454e+00
  1.5652092e-01
 -1.0206338e-02
  1.0929074e+00
  1.3082416e+00
  1.9345207e+00
 -4.3893847e+00
 -1.7668996e+00
 -1.4127208e+00
 -9.9419349e-01
  2.3744503e-04
 -9.9131279e-04
  5.2720165e-01
  2.5254202e-01
 -5.2634917e-02
 -3.7422519e+00
  6.8938415e-03
 -2.6018780e-01
 -1.2334579e+00
  2.0229032e-02
  4.1019186e-01
 -1.2398920e+00
  1.0327330e+00
  5.1820248e-01
  8.3039373e-02
  3.2095604e+00
 -1.4446299e+00
  1.9232210e-04
 -2.1951995e+00
 -1.3578424e-04
  1.2642641e+00
 -5.9172553e-01
  5.6994045e-01
  2.4014275e+00
 -2.7249646e+00
  9.7475547e-01
  2.4957530e-01
 -1.5490034e+00
  7.6190960e-01
  4.6608469e-01
 -2.1746637e-01
  3.6669436e-01
  3.8123176e+00
 -1.1055895e-01
 -1.4877652e+00
 -2.7941511e+00
  6.6754091e-01
 -5.6095265e-05
  2.1169771e-01
 -1.0552447e+00
  1.7187872e+00
  2.3276989e-01
  1.6486049e+00
  5.6322068e-01
 -6.9684380e-01
  1.7181098e+00
  2.9935198e+00
  3.5174631e-02
 -4.0314221e-01
  1.5131679e+00
  4.1458049e-01
  1.5875300e+00
 -2.5263901e+00
 -2.4457822e+00
  2.4351683e-04
 -5.5097486e-04
  1.0353490e+00
  1.3017647e+00
 -3.2694981e-02
  1.0467894e+00
  4.6770415e-01
 -1.1438144e+00
 -1.7998606e-01
  2.9506117e-01
 -1.8523967e+00
 -7.4446648e-01
  2.2047837e-01
  5.3551799e-01
  2.0509432e-01
  1.3647240e+00
  2.3219602e+00
 -3.2836835e+00
 -3.2098346e+00
  7.3014789e+00
 -2.7523172e+00
  1.0810562e+00
 -9.3436158e-01
 -6.5186091e-02
 -2.6886039e+00
 -2.0685959e+00
 -7.5438038e-02
 -1.1858972e+00
  1.2045413e+00
  1.3293972e+00
 -6.3603722e-02
 -1.7748873e+00
 -1.0023806e+00
 -4.1664281e-01
  1.4395601e-01
 -6.8591660e-01
 -1.8876433e-01
  8.7100857e-01
  4.2606011e-02
 -7.2082287e-01
 -8.4436280e-01
 -1.5033733e+00
 -1.1186180e+00
 -1.1618834e+00
 -4.4659704e-01
  5.8207285e-01
  3.3164394e+00
 -8.7626591e-02
 -2.7543604e-01
  1.1773687e-01
  1.3188113e+00
  9.8094690e-01
 -1.4106820e+00
 -2.3397973e+00
 -2.7053127e-01
  4.0056017e-01
 -1.8739748e-01
  2.1851559e-01
  4.9797422e-01
  3.0726256e+00
  6.3019198e-01
 -7.6179129e-01
 -6.0890579e+00
  5.1252737e+00
 -3.9165753e-01
 -1.4534861e+00
  3.4390953e+00
 -5.6956124e-01
 -4.2196479e-01
 -6.1206007e+00
  2.2540901e+00
  4.9472693e-04
  2.5242407e+00
  3.3643850e-04
  3.0919162e-04
 -1.5737635e+00
 -4.2511129e+00
  1.2028071e+00
 -1.3740335e-04
  3.2166943e-05
  2.8408372e+00
  9.0465176e-01
 -4.1272122e-04
  1.1669408e-03
  1.0349805e+00
  8.6649125e-06
 -3.7335285e-05
 -8.2585800e-01
 -1.2752300e-04
  1.5937498e+00
  1.1087849e-01
 -2.3263079e-04
  1.5371527e-04
  1.6900009e+00
  2.0394251e+00
 -4.1361129e-01
 -3.5275959e-03
 -2.3053148e-04
 -4.0782142e+00
  3.7559605e-01
  2.2428381e-04
  1.2523049e-01
  2.5985456e-01
 -2.3784101e+00
  1.7071793e+00
  9.6479692e-02
 -4.7297941e-05
 -5.7975197e-04
 -3.2374277e-04
 -1.9418239e-04
  2.2190940e-04
  9.2931012e-05
  1.0493220e-03
  3.8463921e-05
 -5.0466647e-04
 -8.5401705e-05
  1.2841240e-03
  1.4346698e-04
  3.1567874e-04
 -1.4034689e-05
  3.5364678e-04
 -3.6705789e-04
 -7.5403944e-04
 -6.9648231e-05
 -1.8700500e-04
  1.6792006e-04
  7.0818496e-05
  1.9790650e-04
  5.6118362e-05
  1.0738537e-05
 -2.5982090e-04
 -1.2657889e-04
 -3.6563020e-04
 -1.6007453e-01
 -2.4235951e-04
 -7.4256823e-05
 -1.4820046e-04
 -7.8605802e-04
 -6.2515883e-04
 -1.9150146e-05
 -1.5209959e-04
  1.0280852e-04
 -6.4212509e-05
 -6.8907544e-04
 -6.1167148e-04
 -3.6844904e-05
 -1.7370543e-03
 -6.4765409e-05
  1.3422503e-04
  7.5901669e-05
 -1.8090512e-04
  2.4566421e-04
 -4.1896640e-04
 -8.6842061e-05
  8.8607747e-05
 -9.3945433e-05
  3.9297577e-02
 -5.5151200e-04
 -9.1711823e-05
  1.5583546e-04
  8.8510853e-05
 -6.5913220e-05
 -6.3575030e-04
  2.0730060e-04
 -1.2396036e-03
  8.8052120e-04
  7.5542222e-05
  5.2389281e-04
  3.9456665e-07
  4.2308184e-05
  4.6721616e+00
  2.6674247e+00
 -1.8906453e+00
 -3.0268910e+00
 -9.7209924e-01
 -2.3869009e+00
 -1.8632020e+00
 -4.7224045e-01
 -1.2899219e+00
 -2.3834215e-05
  1.2167894e+00
  3.2522397e-03
  1.0910974e-03
 -4.3696180e-01
 -4.0241864e-02
 -2.1035796e-01
  7.0850126e-04
  1.6524790e-04
 -1.2707387e+00
  2.8750566e-01
  2.5507424e-04
  2.0485341e-04
 -5.0356144e-01
 -1.0101789e-01
 -3.2155389e-01
  6.1115628e-01
 -1.0360997e+00
  8.7364838e-02
  3.1918404e-01
 -1.9109941e-05
  8.2996768e-01
 -2.0764555e-01
  1.0728478e+00
  7.0035678e-01
  2.6501495e-02
 -2.7984587e-02
  2.4513863e-01
  9.7469836e-01
  2.9371443e-04
 -5.4023713e-01
 -5.4379350e-01
  9.2742068e-01
 -1.8094902e+00
  1.3523988e+00
 -8.6958113e-05
 -9.5380962e-02
  2.1112681e-04
 -5.0775131e-04
  1.6736418e-04
  7.6706856e-01
 -6.2148175e-03
 -1.6998916e-04
 -7.2866344e-01
  2.5265580e-01
 -4.7861320e-01
  5.1545255e-02
 -1.7002844e+00
  4.1937080e-01
 -2.2002664e+00
 -7.2872072e-01
 -1.4933844e-01
 -4.6886638e-01
 -2.2669668e-01
 -2.7668552e-04
  9.0341400e-03
 -3.0401165e-05
  3.0929956e-04
  8.1855357e-02
 -4.1599537e-04
  7.5564382e-04
 -3.9104774e-04
  1.2353408e-03
 -2.7741104e-01
  4.8840549e-05
  4.2699606e-04
  7.8466630e-01
  6.2970448e-01
 -8.0994406e-04
 -4.5334449e-01
 -6.3378805e-01
  7.1370380e-04
  3.9896468e-04
  2.6335335e-01
 -1.3606019e-04
  3.7036772e-04
 -1.3079597e+00
 -3.8828130e-03
 -4.2591840e-02
  6.9595862e-04
  2.3559757e-04
 -2.2620478e-04
  2.0159736e-02
  5.3625827e-04
  6.4835362e-02
 -4.5585752e-01
  9.9984932e-01
 -2.2294707e+00
 -1.1182992e-01
  1.5430224e-01
  1.8302486e-05
  1.1133900e-05
  9.5685118e-06
  3.2190299e-05
  2.1533461e-03
 -3.8181493e-05
  2.7519305e-05
 -6.4422473e-02
  4.9067440e-04
 -2.8701845e-05
  6.3445413e-01
  2.8664881e-04
  1.2861440e-01
  8.2366407e-01
 -2.9370440e-02
 -1.3720098e-02
  4.7717777e-01
  1.4462954e-04
  1.5796850e-04
 -2.9330293e-04
  1.3119874e-04
  2.7321329e-04
 -9.2317298e-04
  4.8929791e-04
  1.4732854e-04
  6.1713599e-06
  1.2089435e-04
  4.2650767e-04
 -5.5106642e-04
  1.8584217e-04
  4.0329740e-04
 -3.4997994e-03
 -3.2407486e-05
  4.0155163e-04
  4.6161160e-05
 -3.4012165e-04
  6.0171098e-04
 -4.7829590e-04
  8.0652608e-05
  1.5883397e-04
 -5.7387754e-04
 -5.0494138e-05
 -2.1951392e-04
 -1.3050836e-04
  1.3693333e-04
  8.8594490e-05
  1.7222172e-05
 -9.7508921e-05
  9.1615831e-04
 -2.8738883e-01
 -2.6650264e-04
  5.9304235e-05
  1.3766348e-05
 -3.1356874e-05
 -3.1337069e-05
 -4.1829576e-04
  1.8982825e-04
 -2.0362117e-05
  1.0396756e-03
 -4.0750474e-06
 -5.3912419e-04
 -1.6297295e-03
  1.6085243e-04
  7.3082671e-02
  2.6911297e+00
  7.3942816e-01
  8.6943114e-01
 -2.9446294e+00
 -2.6588428e+00
 -2.4889224e+00
 -2.8273475e+00
 -3.8061979e+00
 -5.3901295e-04
  3.1238660e-01
  1.2540650e-04
 -2.4120708e-04
  4.4076204e+00
  1.6574599e+00
  2.5124738e-02
 -1.4677422e-01
 -1.5985925e-03
  1.3390739e-01
 -1.3132367e+00
  1.2746431e-01
 -7.2514149e-03
  5.7086949e+00
 -3.2581840e-05
  1.1581292e-01
  8.3959423e-02
 -3.7852103e-01
 -1.3056709e+00
 -9.8564476e-04
  4.4628290e-05
  1.1325293e-03
  3.9820397e-01
 -1.8067015e-04
 -1.6606525e+00
  1.1951993e-01
  5.8808219e-02
 -1.9407026e+00
  1.9520952e-01
 -1.6475566e-04
 -1.4056545e-01
  1.4698681e+00
 -9.7251827e-01
  2.8863847e+00
 -5.2664018e-01
  2.3037946e+00
  1.2435632e+00
  8.4937019e-06
  5.7886832e-06
 -1.2531741e-01
  6.7305386e-01
 -4.6797883e-05
  9.5304042e-02
  1.0636889e-03
 -5.5929821e-04
  8.6185372e-01
 -2.8029985e+00
  2.4279137e-01
  3.0988482e-01
 -1.4031127e-03
  3.4653456e-03
 -2.8226727e-01
  7.2555937e-02
 -1.8619335e-01
 -2.7466312e-04
 -8.6706392e-02
  2.6349392e-02
  2.9554067e-04
 -1.6302061e-01
 -2.6340288e-01
  1.0789793e-01
 -1.2958087e+00
 -1.4052061e+00
 -3.6821061e-01
 -6.3578171e-01
  1.2691435e-03
  6.8321741e-01
  6.2531340e-01
 -8.4933620e-03
 -8.0290872e-01
 -1.1994144e+00
 -9.8194607e-02
  1.3673296e-02
 -4.4700599e-01
 -1.0480995e-05
 -5.0357199e-01
  2.4801899e-02
  1.2987074e-01
 -1.0329352e-03
  9.0050280e-01
 -2.1041343e+00
 -7.6281786e-02
 -9.4655886e-02
 -3.8408581e-04
 -9.5180881e-01
  4.2496674e-02
 -1.3955225e-01
 -2.7241710e-01
 -3.3558205e-01
 -3.3694243e-01
 -7.7690297e-01
 -4.5113248e-01
  2.6868895e-01
 -9.2938870e-02
 -9.7446227e-03
 -2.8512442e-02
  1.8205753e-01
 -1.7485714e-01
  4.9049655e-01
 -1.0372483e+00
 -8.7702966e-01
 -8.4370774e-01
  5.6847686e-01
  1.9357514e+00
 -3.0312124e-01
 -5.8563215e-01
  6.7830491e-01
  2.0925890e-01
 -7.4593222e-01
 -1.3293159e-01
  4.6903726e-01
 -6.2096072e-03
  6.6406834e-01
  2.1666865e+00
  5.7019365e-01
  8.2492149e-01
  1.0608419e+00
  9.5515728e-01
  1.8457977e+00
  2.3076102e-01
 -8.8812155e-01
  4.0709071e-02
 -4.5037251e-03
  9.9869549e-01
  9.7973633e-01
  7.1823508e-02
 -6.4678723e-01
 -5.0830394e-01
 -1.0777252e-03
  1.7843841e-01
  9.5190054e-01
 -8.9340174e-01
 -1.6280863e+00
  1.2683383e-01
 -6.7153655e-05
 -5.7382286e-01
  1.4956793e-01
 -1.2917759e-01
 -2.4097310e-01
 -3.0880116e-02
 -3.6261553e-01
  1.9465798e+00
 -1.2669647e+00
 -6.8074167e-02
 -2.1570886e-03
  3.6908167e-03
  1.7841667e-04
 -2.9019746e-01
 -7.6623648e-02
  1.0235892e-03
 -2.5564045e-01
 -3.8995564e-01
  8.8562223e-04
  1.6903396e-04
  2.6489959e-05
  7.6284475e-04
  3.6501294e-01
  3.8405344e-01
  1.3634670e-02
 -7.1860483e-04
  6.1793491e-04
 -5.5058423e-04
 -3.0362227e-05
  1.9479996e-05
 -7.7375698e-06
  2.9855318e-04
 -1.3117884e-04
 -8.5818778e-05
  1.8240728e-05
  6.8664516e-04
  3.5609782e-04
  2.6864040e-04
  1.5591385e-04
 -7.7786332e-04
 -2.2444168e-05
  1.0335161e-04
  1.6318806e-04
 -1.4823006e-03
 -1.2352642e-05
 -3.4534672e-04
 -3.9597860e-04
  2.2684189e-04
  5.5122155e-06
 -1.1807222e-04
 -6.1117848e-05
  1.9795769e-04
 -1.8634908e-05
 -4.8946450e-04
 -3.6968464e-05
  2.1113587e-05
 -5.2742806e-04
  5.9865724e-04
  1.5705278e-04
 -5.7330006e-01
  2.1398763e-04
 -1.2024016e-04
 -4.3387587e-05
 -7.6744102e-05
 -1.5635142e-04
 -6.4967826e-06
  2.7571924e-04
  1.8059372e-04
  4.0875373e-05
  4.0347793e-04
 -5.7919788e-05
  2.6984623e-04
 -2.9314100e-04
  4.6783832e-01
 -1.4594528e-01
 -4.0683571e-01
 -2.4201657e-01
 -2.3806345e-01
  3.5490148e-02
 -4.5263040e-01
 -9.9715382e-01
 -1.0572309e+00
  3.9637381e-01
  4.3090236e-01
  2.4361038e+00
 -6.2052712e-02
 -1.5337270e+00
 -1.8559292e-01
  3.7599233e-01
  1.6711860e+00
  1.0311891e-01
 -6.8848825e-01
 -6.2711972e-01
 -8.7350428e-01
 -2.6854897e-01
 -6.4158440e-01
 -2.8698909e-01
  2.7603874e-01
 -2.4762262e-01
  3.3910680e-01
 -1.7278044e-01
  8.9531624e-01
 -6.6536441e-02
  6.1373591e-01
  1.0708335e-01
  8.6874580e-01
  4.4554722e-02
  1.2489711e-01
 -8.1681609e-01
  1.7329426e-01
 -1.3115864e+00
 -1.2097322e+00
 -3.1533214e-01
 -3.5005981e-01
 -4.4253731e-01
 -6.2077445e-01
  5.6108469e-01
 -5.2047695e-04
  6.2266424e-02
  1.4015415e-04
  1.1133864e+00
 -1.5107018e+00
 -1.1603869e+00
 -9.0407338e-03
  1.2738091e+00
  4.9970850e-01
  8.7547325e-02
  1.5256739e-01
 -4.0640754e-01
 -5.3591353e-01
  3.2996710e-02
 -2.5038192e-02
 -5.1681239e-02
 -2.3541832e-01
 -4.9906649e-02
 -1.1909962e-01
  4.8627713e-05
  1.4346062e-04
 -1.6240604e-04
 -4.4892266e-04
  1.3477075e-01
  1.9268889e-05
  6.4628694e-05
 -2.8584251e-04
 -4.5546298e-04
  4.7551727e-01
 -1.4758383e-01
 -4.4839207e-02
 -5.1559594e-02
 -8.4396498e-03
  4.3397809e-05
  8.8340847e-04
 -3.0160007e-01
 -3.9410917e-03
 -2.0069588e-02
 -7.3039509e-02
 -2.2024472e-04
 -8.3611836e-04
  5.3454399e-01
  7.9295271e-05
 -2.5527836e-03
 -3.9586845e-05
 -2.5655536e-04
 -3.8002439e-02
 -4.9182620e-02
 -1.0743760e-04
  1.6791648e-01
 -4.8438995e-04
 -8.6456127e-02
 -1.7982405e-02
  6.8724022e-04
 -4.0395691e-05
  7.9102062e-02
 -3.7528569e-04
  1.3520510e-04
  1.6484753e-04
  6.1097118e-05
  1.1000616e-04
  3.5502362e-05
 -1.0159497e-04
 -4.0427997e-04
 -1.7670172e-04
  2.4274772e-02
  1.7818116e-02
 -6.9398034e-01
 -8.3027698e-02
 -2.6264230e-02
  3.4817838e-04
 -1.4157617e-05
  4.9042839e-05
  3.7712649e-05
  4.5252903e-04
 -6.9163140e-04
  6.6289023e-05
  1.9034535e-04
  2.5771905e-04
 -1.9088545e-04
 -3.8681587e-04
  2.5986519e-04
 -1.3815949e-03
 -1.8993532e-04
  5.6838762e-05
 -2.3499979e-05
 -3.4059817e-04
 -5.5400224e-04
 -1.2471820e-05
  1.9826179e-05
  1.7624526e-04
  3.4702822e-04
 -7.4002117e-01
 -1.2170568e-04
  4.0666226e-05
 -3.9122265e-04
  4.0077430e-04
  1.5512171e-04
  9.6597461e-05
 -4.6395138e-04
  2.2801579e-04
 -3.9945706e-05
  1.7033114e-04
 -7.2592602e-04
 -3.5910661e-04
  1.2063302e-02
 -6.0344228e-05
 -4.2147213e-04
 -3.0437420e-04
 -4.4884923e-04
  1.4643824e-04
 -2.5841207e-04
 -3.6225485e-04
  1.7668653e-04
  1.5041896e-04
 -1.0867036e-04
  3.0300816e-04
 -2.2389082e-05
  9.1260128e-02
 -2.0947136e-02
  1.1286386e+00
  1.1030074e+00
  7.4773717e-01
  3.4664121e-01
  2.2906762e-02
 -7.1350580e-01
  6.4704597e-01
 -7.6679826e-01
  1.3485594e-01
  7.7708495e-01
  4.5828470e-05
  7.9913324e-01
 -1.6998042e-01
  1.1584786e+00
  2.8661027e+00
 -2.6246610e+00
  8.0505073e-02
  1.3419648e+00
  8.7951118e-01
 -1.4426452e-01
  9.9607426e-01
 -2.0362871e+00
  4.9967891e-01
  1.1156356e+00
  1.5545675e-01
  1.0011497e-01
  1.3651636e+00
 -3.7131995e-05
  1.1213315e+00
  4.5204663e-01
  1.6233617e-02
  1.7182331e-01
 -7.7484953e-01
  1.0663193e+00
  7.0948243e-01
 -1.0060688e+00
  6.7917424e-01
 -3.1768005e-02
 -8.4331489e-01
 -1.6480527e+00
  3.4708598e-01
 -1.9261714e+00
  8.4037191e-01
 -3.9348853e-01
  6.6980386e-01
  1.5277514e-04
  5.9323061e-01
  1.4232752e+00
  2.9901335e-01
 -4.1950415e-03
  5.5802172e-01
 -8.9531857e-01
  3.1391920e-03
  8.5211986e-01
 -7.2785147e-02
 -6.5011233e-02
  3.0151546e-01
  2.2637831e-01
  4.6952075e-01
  7.3486365e-02
 -2.4993281e-01
  2.5897136e-01
  2.4857070e-01
 -1.2385717e-05
 -3.3854729e-01
  4.7149077e-01
  3.5713696e-01
  4.4458878e-01
  5.1564153e-02
  1.9579902e-04
  1.8303700e-01
 -6.7350113e-01
 -1.2180061e-03
  3.5601661e-01
 -5.6527732e-03
 -3.9854103e-01
  1.8250966e-01
  3.2301733e-01
 -1.9355284e-01
  2.2593031e-03
 -8.7974474e-02
  2.5335833e-01
 -1.8524151e-02
  1.4565282e+00
  2.8767687e-01
  4.6416453e-01
  2.8281593e-01
 -1.5344831e-01
 -1.8945958e-02
 -1.5667217e-02
 -4.3005854e-01
  2.6354775e-01
  3.0073686e-02
  8.0418386e-02
  2.0805274e-01
  8.6851490e-01
 -4.8361602e-03
  2.6151320e-01
 -4.4145432e-01
  1.9380875e-01
  1.8266788e-01
  3.0005556e-02
 -9.6943352e-04
 -5.2769044e-03
 -7.4388377e-02
  2.4129574e-01
  4.3286286e-02
 -6.8625258e-03
 -3.0367521e-03
  1.4186560e-02
  3.6583878e-02
 -6.7773246e-04
 -7.3126338e-02
 -2.9030102e-04
  1.8757212e-04
 -4.0979765e-04
  4.8787222e-04
 -1.3772717e-04
 -1.1109533e-03
 -1.0348194e-04
  8.3711006e-05
  5.1831407e-04
  3.3239270e-05
  3.7241902e-05
  1.4607845e-03
 -2.5966496e-03
 -4.1684767e-04
  1.3581243e-03
 -1.0717919e-03
  1.0730651e-03
  3.1122199e-05
 -1.2721328e-04
 -5.1483553e-04
  7.9240035e-06
 -3.2170095e-02
 -4.0753112e-06
  2.3283165e-04
  6.5719255e-04
 -4.1813351e-04
  1.8891740e-03
  1.4656426e-04
  2.5170110e-04
 -3.9311826e-02
 -7.9560984e-04
  1.2537745e-04
  6.4571366e-05
 -1.0523721e-04
 -2.5900118e-02
  4.6690495e-04
  2.3474247e-04
 -5.2119105e-04
  2.2711065e-03
  4.3209744e-05
  1.2499511e-03
  3.6227379e-05
  4.5100987e-04
 -8.9380518e-04
  1.7353722e-04
 -4.4476063e-04
  1.6515424e-04
  3.2212004e-02
  1.5489253e-01
  1.0214344e-02
 -1.2876211e+00
  8.6905971e-02
 -9.6628822e-02
 -4.7770906e-03
  1.6424114e-01
 -1.5337698e-04
 -1.7454392e-04
 -3.6537615e-04
 -5.6601880e-04
 -5.1737679e-05
 -2.5357590e+00
 -2.2383789e-04
 -1.5224201e-04
 -5.9011105e-05
  3.1605893e-04
 -3.4734800e-05
 -2.3178711e-04
  2.3564576e-04
 -6.3877165e-02
  2.6903482e-04
  4.8205980e-05
  1.7692799e-04
 -4.6471221e-04
  3.3713327e-04
 -3.1583184e-01
 -3.8002541e-05
  1.5228790e-04
 -1.7432912e-03
  1.5637722e+00
  2.4472658e-02
  2.4715468e-04
  1.9732834e-04
 -7.1134343e-04
 -9.0082869e-02
  4.4647479e-04
  2.3077294e-04
 -5.2877549e-02
  3.1976248e-04
 -3.9914629e-04
 -1.7630446e-01
  2.7144962e-04
 -2.7875489e-04
  1.3951882e-04
 -6.6049496e-04
  2.0458043e-04
 -4.6826634e-04
  8.5384847e-04
 -1.9203337e-04
  2.7182413e-04
  1.8159127e-04
 -1.0915461e-03
  3.3527362e-01
 -4.6187501e+00
  1.9445486e-03
 -1.8784888e-01
  3.0030170e-01
 -2.7411425e-01
  1.9780591e-01
  1.7408135e+00
 -4.7379932e-01
  7.7970239e-04
 -1.9780286e-01
 -1.0962994e+00
 -4.5152329e-04
 -1.1322913e+00
 -5.8056933e-01
 -4.6369511e-01
  2.1739972e-01
  1.9373745e-01
 -8.0988002e-01
  1.3705280e-01
 -8.8419282e-01
 -9.6502811e-02
 -8.6597309e-02
 -1.9519133e-03
  2.8791770e-02
 -2.1581059e+00
 -1.1762627e-02
 -5.9753245e-01
 -9.3680387e-03
 -4.4724289e-05
 -1.0104774e-03
  3.4949526e-01
 -6.4064342e-01
  1.2611005e-01
 -1.0934026e-03
 -4.9058758e-03
 -3.3548808e-01
 -1.1075703e+00
  1.0030779e-04
 -3.3498475e-01
  1.0427176e-01
  1.3646836e+00
 -3.1722489e-01
 -3.4178618e-01
 -5.7114756e-01
  1.6539267e-01
 -3.4798275e-05
 -1.8626114e-04
 -8.0950871e-05
  1.0997733e-01
  3.1553238e-04
 -9.9755019e-02
 -4.4469634e-01
 -2.5808734e-01
  2.8208508e+00
  4.5431358e-01
 -2.3926431e-01
  1.7024094e-01
 -3.2199991e-01
 -2.1687882e+00
 -2.1745448e+00
  2.5768175e+00
  1.0265622e-01
  6.8702044e-05
  1.8322533e-01
 -2.0281645e-03
 -2.8927729e-01
  1.1008407e+01
  5.1156898e+00
  3.1922989e+00
 -3.3876178e-01
 -3.6426782e-04
  4.4640279e-01
 -3.4411466e-01
 -5.3910071e-01
 -2.8817850e-01
  1.8500221e+00
  8.3995658e-01
 -2.2484169e+00
  2.3666878e+00
 -3.4902580e+00
  4.4352994e+00
  4.1518068e-01
 -3.2019439e-01
 -3.7450729e-05
  4.7079304e-01
  1.8189769e+00
  5.0313167e-02
 -1.2171962e-01
  1.1430441e+00
 -2.1256216e+00
  1.5586060e+00
 -2.9220819e-01
 -9.1561353e-01
  1.1730752e+00
  7.4320263e-01
  2.3829556e+00
 -2.6620646e+00
  1.1181960e+00
  2.7709621e-01
  2.4821675e-01
  2.0237072e-04
  1.7426736e-03
  3.3845177e+00
  4.1100106e-05
  1.3361055e-03
  3.3862573e-01
  5.6235138e-02
 -2.0574987e-01
 -1.6773608e-02
  1.7020999e-01
  3.1875071e-01
  1.9011195e+00
 -8.1039749e-02
  3.8496435e-01
  4.2913813e-02
  4.9771795e-01
  3.4577220e-03
 -4.4474588e-03
  1.8680375e-04
  1.6042561e-05
  6.3093682e-04
  7.6237969e-02
 -3.1389410e-04
 -1.7582878e-04
  3.0924237e-04
  9.6998048e-01
 -2.4212251e-04
  1.2385966e-04
  2.3495654e-02
  8.7653875e-04
  2.2998199e-01
 -4.9057372e-02
  4.4672903e-02
  2.6548791e-01
  3.3310461e-01
  8.1814654e-02
 -3.0018002e-04
 -5.5424008e-04
 -7.1272599e-03
  3.5879293e-05
 -5.5980043e-05
  1.0526713e+00
  4.7201719e-04
  6.0426265e-01
  4.0795649e-03
 -3.1075600e-05
 -2.9566985e-05
 -2.7443838e-01
  4.1762352e-01
  8.8574374e-03
 -9.5178336e-02
 -3.7882154e-04
 -1.8138080e-04
  2.8111064e-04
  1.7082672e-05
  6.2858924e-02
 -5.6887617e-05
  4.8414695e-05
 -1.1755691e-03
 -1.6165306e-04
 -7.4873918e-05
 -3.7485826e-01
 -4.5098063e-01
 -3.2870084e-01
  2.6636988e-01
  1.1478469e+00
  8.2862836e-01
  5.7280123e-01
  2.4607114e-01
  3.7883383e-01
  1.1506943e+00
  3.7423328e-01
  2.1474976e-02
 -2.0248702e+00
  2.1579012e-01
 -6.7504324e-02
  1.2116542e+00
  9.6818097e-02
  4.3945813e-01
 -2.6119739e-01
  5.8278090e-01
 -1.4190952e+00
  4.4635704e-01
  5.5885922e-02
  6.6364861e-01
 -5.3851354e-01
  4.3462756e-01
  2.6975462e-01
  4.5476729e-01
 -5.0059587e-01
  1.4042184e-01
  3.6029607e-01
 -2.0981605e+00
  8.4961265e-01
  2.6665395e-01
  1.3969485e-01
 -5.2628130e-01
  2.3718540e-02
  7.3940188e-01
  6.8537295e-01
 -7.4724078e-01
  1.6858579e-01
  2.4208918e-01
  3.0257601e-01
 -3.0377290e-01
  7.6673251e-01
  4.3445408e-01
 -2.9548538e-01
  7.3271793e-01
 -6.8512641e-02
  7.6347941e-01
  1.2126676e-04
  5.3988951e-01
  2.1144202e-01
  4.4004345e-01
  5.8461082e-01
  5.4480419e-02
 -9.7331840e-01
 -6.2954986e-01
 -3.4596616e-01
 -1.1820039e+00
  1.0035865e+00
 -5.6195372e-01
  6.9225155e-02
 -2.0252566e-03
 -9.0198219e-01
 -7.3354644e-01
  1.2010883e-01
 -6.5948814e-01
  1.9684197e-01
 -2.9377295e-02
 -1.8466371e+00
  4.8361003e-01
 -9.2852181e-01
 -3.1602222e-01
 -1.4311893e-02
  3.8172477e-01
 -5.3200573e-01
 -8.3225739e-01
  4.0612183e+00
  6.5760803e-01
  1.6806819e+00
  3.4156755e-01
 -1.8026528e+00
  8.4098417e-01
  6.0131198e-01
  8.8228129e-02
 -1.1391562e+00
  3.2919055e-01
  3.5279477e-01
 -1.4252448e-01
 -4.3837389e-01
 -9.3095995e-02
 -7.7558112e-01
 -7.5488490e-01
  2.0719226e-01
  3.0145168e-01
 -7.3273712e-01
 -2.7856582e-01
  3.4032398e-01
 -3.4629950e-01
  6.9146109e-01
 -1.2433819e+00
  1.1269946e+00
 -5.4777086e-01
 -1.3169969e-04
 -8.1989229e-01
  2.5807169e-01
  9.8235029e-01
  4.8504196e-04
  1.0216440e-01
  1.0012689e-02
 -1.1442448e+00
  1.8622353e-03
 -5.8700580e-02
 -2.4208863e-05
  2.5324656e-02
 -1.8247290e-04
  5.5205357e-05
  1.2997651e-04
  1.7617258e-05
  6.0829951e-04
 -4.8469831e-04
 -2.5874135e-04
 -3.6173564e-04
 -7.5971147e-06
 -8.9960013e-06
  1.3176014e-04
  1.9947660e-05
  1.1149609e-04
  1.0930389e-05
 -1.7298081e-04
 -1.1200734e-03
  1.7126884e-05
  1.0993584e-05
  9.1856942e-05
 -5.2091727e-05
  7.0674454e-05
 -7.9616286e-05
  2.8845019e-04
  2.5179193e-04
  4.1557429e-04
  3.6986574e-05
 -3.9143994e-04
 -5.7389447e-05
 -4.1910569e-04
 -8.0093494e-05
  1.4705367e-04
  1.1475317e-04
 -2.9926383e-04
  3.7436857e-04
  2.5526489e-04
  3.9659051e-04
 -1.1358620e-04
 -9.3145098e-04
  1.1452724e-04
  4.4886991e-05
  1.0550266e-04
  2.9985781e-04
 -1.6808277e-04
  2.7787150e-04
  8.7962144e-07
 -3.1578940e-04
  6.1798644e-01
  5.7868606e-01
  9.3961842e-02
  1.5900378e-01
  4.0876374e-01
  4.3696620e-02
 -6.8209714e-01
  5.0795030e-02
 -3.6981008e-03
 -4.4007686e-01
  5.4307722e-02
  1.6697254e-03
  3.0309433e-04
  9.7132243e-02
 -1.5017954e-01
 -6.7832045e-02
 -6.9020666e-02
 -6.2676960e-01
 -1.9393641e+00
  8.2621467e-01
  3.6716411e-01
 -2.8866354e-01
  9.4998866e-01
 -2.4688655e-01
 -6.4668086e-05
  2.1268239e-03
  1.8230823e-01
  4.5342523e-01
  1.4734117e+00
  2.2296975e-03
  6.2771834e-04
  5.4001045e-01
  1.8530841e+00
 -1.2640643e-01
  1.7310591e-01
 -9.9959155e-04
  1.6923150e-01
  1.0898002e+00
 -1.4986448e-01
 -6.6896714e-02
 -1.4607562e-01
 -1.2145724e-01
  1.1133862e+00
  4.3882411e-02
  4.6858919e-01
 -4.3559253e-01
  1.6947216e-04
 -8.7310653e-04
  1.6702343e-03
  1.2288395e-01
 -3.5869900e-05
 -1.2417099e-03
  6.2339789e-01
  1.8752408e-01
 -2.8642764e+00
 -1.9053700e+00
 -8.2361841e-01
 -2.9740360e-02
  3.2733326e+00
  3.1564977e+00
 -1.1184393e+00
  4.5507410e-01
  3.9782517e+00
 -3.0451312e-04
 -2.8673155e+00
  1.6339327e-04
  1.2754754e-07
 -7.8725912e-02
 -3.4572973e+00
  2.7573392e-01
 -1.0055840e+00
  1.4672647e-04
  7.1253723e-01
 -3.9963141e-01
 -1.2627938e-04
 -1.4230089e+00
  1.9770816e-01
 -2.4394996e+00
 -1.7147750e+00
 -2.2154667e+00
  7.1331275e-01
 -2.0077799e-01
  1.2820246e+00
 -5.5352587e-01
 -7.5298703e-01
  4.0040591e-01
 -8.1358309e+00
 -3.1934450e+00
 -4.5809948e-01
  5.4898793e-01
  2.1378326e+00
 -5.4059086e+00
 -2.5709191e-01
  4.3147847e-02
  1.7711307e+00
  4.9508877e+00
 -1.7198801e+00
 -4.2614004e-01
 -2.6349645e+00
  2.3619506e+00
  5.4072059e-04
  7.1638048e-02
  1.3706636e-03
  4.6245760e-01
 -9.9984580e-05
  1.2043135e+00
  2.1947873e-01
 -1.4128056e+00
 -1.6842354e-02
 -4.6272090e-01
 -6.6306412e-02
 -8.3554912e-01
  1.3180475e-01
  1.9532591e-03
  3.8894939e-01
  2.9750672e-01
 -5.6769288e-01
 -2.1296591e-03
  4.1109353e-02
  1.7849603e-04
  7.3866415e-01
  1.6662378e-02
 -1.3557930e+00
 -3.8610867e-01
 -2.7023080e-01
 -5.0814885e-01
 -1.0523743e-01
  2.0660555e-01
  7.4354433e-02
 -1.0832037e-03
  2.0246741e-01
  8.7818825e-01
  6.2159169e-02
  1.0539953e+00
  5.5178933e-02
  2.5398874e-01
  1.7191769e-01
  3.1572163e-05
  1.2336619e+00
 -1.6617428e+00
 -7.5114310e-01
 -1.6044852e-03
 -1.6068123e-01
  9.5741023e-05
 -7.7443469e-01
 -1.9924700e-01
  1.3902359e+00
 -7.0551008e-01
 -1.5618332e-01
  1.8000011e-01
 -2.0938906e-01
 -2.0341229e-01
 -1.6429490e-01
 -5.2919543e-01
  1.9501492e-01
 -5.8926303e-02
 -2.2327337e-01
  8.9878452e-01
  4.7106460e-05
  1.0374194e-01
  4.6851441e-01
 -5.3335458e-01
 -5.2629900e+00
  3.1348082e-04
 -1.7970986e-03
 -5.1249190e-05
 -9.8459401e-05
  3.0787207e-05
  4.6078417e-01
  2.5658781e-04
 -5.2947243e-04
  4.7435399e-04
  5.8469007e-04
 -9.5656214e-05
  8.2900908e-05
 -1.0326190e-04
  5.2399566e-05
 -2.9906846e-04
 -1.3373833e-04
  3.5722126e-04
 -2.0761536e-04
  8.5842352e-05
  2.5275749e-05
 -2.6879713e-04
  3.8058986e-04
 -3.5869944e-04
 -6.6994480e-04
  1.9750209e-04
 -1.2380979e-04
 -5.6454111e-05
 -2.4037933e-04
  7.2412338e-05
  2.9713754e-04
 -9.8807002e-05
  1.0524927e-04
  2.7896732e-04
  3.5449074e-04
  6.2399115e-05
 -1.2219305e-05
 -1.0572695e-04
  2.1462629e-04
  2.6359656e-04
  9.1748014e-05
 -3.2738837e-05
 -8.4422369e-05
 -5.8893900e-04
 -2.4258727e-04
  8.4324522e-05
  1.9182527e-05
 -6.0014304e-04
 -5.9766011e-05
 -7.6087090e-05
 -3.2068096e-05
 -1.4167163e-04
  4.6254776e-04
  7.4940035e-05
  7.5437911e-06
  5.6061953e-02
  2.0215078e-01
 -8.1117243e-01
  5.6622244e-02
 -9.3094066e-02
  1.9272722e-03
  7.5228982e-02
 -3.4301076e-04
  5.7768676e-04
  8.8964198e-06
 -7.8397436e-04
 -1.7777592e-04
 -1.6587586e-04
  1.3258000e-07
 -9.8183176e-05
 -1.8285731e-04
 -1.0953996e-04
 -4.9407068e-03
  7.0556314e-05
  2.9805818e-04
  1.7141015e-04
 -6.2909297e-04
 -1.0597180e-03
  3.5756762e-04
  6.3115609e-04
 -4.2011231e-04
  1.5128340e-04
  2.4356630e-04
  4.5027176e-04
 -3.3218090e-05
  2.1304149e-04
  1.2160859e-01
 -1.8285559e-03
  4.5524747e-04
  3.6989430e-05
 -1.5069943e-05
  2.0633418e-04
  6.6279455e-05
 -2.4738785e-02
  1.2461450e-04
  3.0581063e-02
 -5.5700976e-02
 -1.2001656e-04
  1.3412508e-03
 -5.1695947e-03
  2.9543138e-04
 -6.8891735e-05
 -3.2512500e-04
  2.7695147e-04
 -4.8150879e-04
 -1.4596706e-04
  2.4832138e-05
 -1.5034921e-05
  7.2457004e-01
  1.7036280e-01
  2.4001515e-01
  1.1912974e+00
  6.3378650e-01
  1.2192433e+00
 -1.7548355e+00
 -1.7103475e-01
  1.2156076e-01
  1.3677537e-04
 -1.7128155e-01
 -1.6211405e-04
 -6.0711551e-05
  6.0765892e-01
 -1.8560054e+00
  9.9583000e-01
  2.3518023e-01
  8.4252053e-01
  1.0781643e-02
 -4.0857816e-01
  1.4047214e-01
  2.4501383e+00
 -6.8292636e-01
 -4.7572175e-01
 -8.7337285e-02
  2.0785408e+00
  1.7950895e+00
  1.9627854e-01
 -6.3341139e-03
 -6.0078601e-04
 -1.4348619e-01
  1.5291146e+00
  2.7837930e+00
 -1.6432452e+00
  2.5856702e+00
 -3.3044252e-01
  3.4100848e-01
 -3.4894555e+00
 -2.7514571e-01
  7.1664438e-02
 -6.6751622e-02
  4.4039723e-01
  1.1997101e+00
  1.4304239e-01
  8.6998206e-01
  4.8272929e-01
  4.2356434e-01
  3.2948150e-04
  6.0964911e-03
  7.8054339e-01
 -1.0410192e-03
  4.5322841e-01
 -6.0104251e-01
 -5.4504181e-04
 -1.7459227e-01
  3.6882037e-01
  1.3461849e-02
  9.6808404e-01
 -8.7490566e-02
  2.6821248e-02
 -7.2213680e-01
 -3.9531094e-01
 -2.4262743e-01
  2.6555150e-04
  2.4338257e-01
 -8.7484106e-04
  7.3252094e-04
  1.8125856e-01
  3.4266763e-04
 -2.7108932e-04
 -1.2291202e-05
 -4.8205315e-05
 -1.6229508e-02
  4.9889539e-03
 -1.3107508e-05
  1.3816962e-03
 -2.3692483e-05
  3.3025099e-05
 -1.9150929e-04
  1.7055626e-01
 -2.8907195e-01
  3.6282395e-03
  8.2005709e-02
  1.0977138e-02
 -1.6976777e-04
  2.3715657e-01
  2.2324322e-01
  3.8769912e-02
  2.5192893e-01
 -1.4879422e-02
 -1.6657464e-01
 -1.1255512e-02
  2.1952703e-05
 -2.5513151e-01
  1.7493535e-02
  1.4063634e-02
  4.3398775e-02
  4.2589672e-04
  1.0081805e-05
 -2.3793785e-01
  1.6633443e-05
 -2.7180342e-05
  1.7504006e-05
  9.3878293e-01
  7.1948925e-05
  1.8591816e-04
 -1.0534064e-01
  4.0870287e-05
 -5.6811533e-04
  1.1719979e-04
  7.0862938e-04
 -3.0625668e-01
 -2.0278718e-03
  1.1278104e-04
  8.0404204e-04
  4.7922928e-02
 -3.6432355e-04
 -1.2946270e-04
  1.3402363e-03
 -1.5560033e-04
  1.3306970e-04
  4.5930941e-05
 -5.5686356e-05
  1.7520333e-04
  1.5213704e-04
  5.1011360e-05
  3.4768687e-04
 -4.0081741e-06
 -7.7074132e-05
 -9.0325004e-05
  5.1067682e-04
 -1.8011573e-05
  1.7582487e-04
 -1.9758329e-05
 -6.2717801e-05
  8.2493841e-04
  2.2624034e-05
 -7.8787743e-05
 -2.1946120e-05
 -2.3864304e-04
 -3.2718951e-04
 -1.0571153e-04
 -2.0886031e-04
  8.8776585e-05
 -2.8774902e-04
  1.5609221e-03
 -7.2321057e-04
 -7.5317905e-05
 -5.2949617e-04
  5.5445952e-04
 -1.4953823e-03
 -3.2444266e-04
  3.1646268e-04
 -1.0136480e-03
 -3.1096602e-06
  3.8444687e-05
 -3.3111506e-04
  3.1962962e-04
 -8.2618408e-02
 -3.6040004e-05
  9.4661173e-06
  7.5505450e-05
  1.1689779e+00
 -9.3091303e-01
 -6.0116714e-01
 -1.2503698e-01
 -4.4373047e-01
  1.5519619e+00
  1.1952568e+00
 -2.3536511e-02
  5.2897209e-01
 -1.1866444e+00
 -2.6046094e-01
 -1.0647438e+00
 -6.6883524e-04
 -1.6924824e+00
 -7.0629329e-03
 -6.3020420e-01
 -3.2477105e-01
  2.1656504e-01
 -7.8331816e-01
  1.1579963e+00
  2.3569499e-01
  3.4477736e-03
  2.5204554e-02
 -8.2550377e-01
 -9.4447255e-01
  7.3358524e-01
  3.6409564e-02
 -3.8647909e-02
  7.4838817e-01
 -1.2406435e+00
 -8.7950742e-01
  7.9551034e-02
 -1.8868291e-01
 -2.1733027e+00
 -9.4955283e-01
  8.4146611e-02
  2.8916219e-01
 -6.5424584e-02
 -3.7624873e-06
  6.2960447e-03
  2.1942601e-01
 -7.2548944e-01
 -2.2646962e-01
  1.5185989e-01
 -6.0434127e-01
  1.5309675e+00
 -1.4523100e-04
  1.8315856e-01
 -3.7580341e-02
 -5.5997446e-02
 -1.7369400e-04
  2.0625405e-03
 -5.9273887e-01
 -5.9177051e-04
 -4.9430880e-01
 -5.5063349e-01
 -4.1402870e-01
 -1.9210431e-01
  1.3689523e+00
  3.0801606e-01
  5.3111738e-01
  5.0320220e-01
 -1.1849915e+00
  7.8755289e-01
 -3.1460667e+00
 -3.6601588e-01
  9.6727267e-02
 -4.4872478e-01
 -6.8755913e-01
  2.7005622e-01
 -7.1759331e-01
  2.7638919e+00
  3.0952144e-01
  1.8868868e-01
 -1.2744621e+00
  3.4352604e-01
  1.8386425e-01
 -5.9921342e-01
  8.9271283e-01
  1.1013699e+00
 -5.4352502e-03
 -1.1076870e+00
  4.2859148e-02
  2.2506340e-01
 -4.6360108e-01
 -1.2093561e+00
 -2.3130435e-01
 -6.6400403e-01
  1.2154812e+00
 -1.3366714e+00
 -1.2070203e+00
 -3.0675432e-01
  1.2496547e+00
  4.8259875e-01
 -6.4294541e-01
 -2.4617375e-01
 -5.5135388e-02
  4.6388543e-01
  2.2220318e+00
  1.5375963e+00
 -7.2904617e-01
  3.1261081e-01
 -8.5907495e-01
 -1.4426696e-01
 -1.9718900e-04
 -9.1489977e-01
 -3.6180705e-02
  3.5341617e-04
  6.9643448e-07
  1.1131096e-02
 -1.6226780e-04
  5.4084621e-03
 -1.0082633e-04
 -1.0770326e-04
  2.7720882e-03
  1.4512713e-05
 -1.2410758e-04
  2.1614148e-03
 -7.7552203e-04
  6.5107981e-04
  1.7098308e-04
  4.6733414e-05
  1.6398939e-04
  6.3912717e-05
  3.5750433e-03
  9.9878944e-06
  5.1958541e-05
  1.1047036e-05
  2.8639147e-04
 -1.3902581e-05
 -2.2790418e-05
  3.9895528e-04
 -2.2027652e-05
 -8.5476959e-01
  4.3998010e-04
  7.7597782e-05
  2.7953347e-04
 -2.6852512e+00
  5.5097276e-04
 -3.1619199e-04
 -8.9435838e-05
 -1.0021140e-04
 -1.3927038e-05
 -2.2494569e-04
 -1.2145608e-04
 -2.0998128e-04
 -1.2352096e-04
  7.4630027e-04
 -2.4572297e-04
  1.7305403e-05
 -8.8450761e-06
  4.4996581e-05
 -1.0676638e-04
  5.8883303e-05
  4.7798772e-04
 -6.2957284e-04
  7.0730934e-04
 -6.8369387e-05
  1.1710969e-04
  1.3852707e-04
  1.0606593e-03
 -1.1084019e-04
 -7.0762545e-02
 -2.8897269e-04
 -3.0600387e-01
 -8.1770904e-02
  2.0471531e-04
  1.1473311e+00
 -4.5040506e-01
  6.4784861e-01
  4.8470256e-04
  1.6482891e+00
 -7.4717915e-01
 -2.0253291e+00
  3.1699852e-05
 -1.6177255e-01
  3.0946748e+00
 -1.2410781e+00
  4.9106382e-02
 -1.1062241e-01
 -1.6040695e-04
 -4.8194985e+00
  1.3672565e+00
  8.5520655e-02
 -5.9610236e-01
 -3.4573549e-01
 -4.3521282e-01
  5.4109782e-01
 -4.3906510e-01
  1.6939102e-02
  1.0613975e-03
 -5.2811074e-01
  3.1359652e-01
  3.8918626e-04
  7.3915742e-02
  1.0245098e+00
 -2.8769674e+00
 -5.7138082e-02
  1.5429894e+00
 -4.3992868e-01
  3.4240197e-02
 -3.6789510e-01
 -7.5648952e-01
  5.9959638e-01
 -6.4335507e-01
  1.2330768e-01
 -4.0412865e+00
 -2.0975809e-01
 -2.0678795e-05
 -1.0085479e+00
  3.2041362e-01
  1.4042801e+00
  2.4878892e-01
 -2.7984107e-02
  8.5457879e-01
 -1.0855713e-01
  1.9296179e-02
  8.1748962e-01
  8.2428269e-02
  3.6746075e+00
 -7.9639105e-04
 -6.6904336e-02
  2.4112204e-01
  2.0713289e+00
  8.2906513e-03
 -7.1279339e-02
 -2.0908460e-01
  1.1317845e-01
 -4.3647322e-01
  1.2744874e+00
 -1.0006760e-02
 -1.7955030e+00
  2.2413917e-02
  5.0507611e-01
 -2.1565494e-01
 -4.3279400e-01
 -4.9284193e-01
  1.1017548e-01
 -3.5712749e-01
 -7.0768952e-02
  1.0656094e-01
 -3.8891107e-01
 -1.8209885e-01
 -4.3850198e-02
  9.1736838e-02
  1.6305950e-01
 -5.2064795e-02
  6.5952724e-01
 -1.2539740e+00
  9.3477416e-01
  1.3753630e-01
  1.1184450e-01
 -1.0362057e-01
  1.2510276e-01
 -1.2975156e-01
  1.0426834e-01
 -1.3333616e-01
  3.5989997e-01
  3.8779572e-02
 -1.5827214e+00
  1.5090753e+00
  3.8723379e-02
  6.7615333e+00
  1.3572897e+00
 -5.3027244e+00
  1.5543817e+00
 -6.3084412e+00
  3.5633704e-05
 -3.0821396e-02
  1.1941915e+00
  5.4613328e+00
  1.0015824e+00
  1.3524315e+00
  5.1643329e+00
 -3.9129338e+00
 -8.5509121e-01
 -5.3789110e+00
 -1.8613744e+00
  5.0789895e+00
  3.1001627e-01
  6.7395568e+00
 -8.4813826e-02
  1.9099674e+00
 -8.5363638e-01
 -2.1189427e+00
 -7.8927407e+00
 -2.4327021e+00
 -1.2268372e-02
 -5.0718074e+00
 -1.3079737e-01
 -8.5616387e-02
  6.0089630e-01
 -2.4099107e+00
 -1.0246456e+00
 -4.9777603e+00
 -2.4886973e+00
  2.8188577e-02
  3.5665708e+00
  9.2968673e-02
 -2.2203796e+00
  4.2197223e+00
  4.6010885e+00
 -4.8157682e+00
  1.1684403e-02
 -1.6902717e+00
 -4.3331289e+00
 -1.3062359e+00
 -8.6484277e-01
 -1.7083727e+00
 -1.0471544e+00
  4.6868898e-02
 -1.4104028e+00
 -9.1619623e-01
 -6.0749394e-01
  2.1852846e+00
 -5.9430164e-01
  1.8267232e+00
 -4.0227313e+00
 -2.3958251e+00
  1.1352992e-04
  8.0899829e-01
 -1.2016536e+00
  1.0683894e-01
  1.7907633e+00
 -2.0671599e+00
  5.3735870e-01
 -1.8272721e+00
 -1.3007814e+00
  4.3431840e+00
 -8.2208270e-01
  3.3989826e-01
  1.0005857e+00
 -2.0560141e+00
  5.5887585e+00
  3.3244860e-04
  6.3960857e+00
  2.7378910e+00
  2.2755189e+00
  3.8716426e+00
  6.5401226e-02
 -6.8260425e-01
  3.0142472e+00
 -2.9865301e+00
  1.5812635e-02
 -2.1101639e+00
  1.8792061e+00
 -3.3913293e+00
  2.5075164e+00
 -1.0547960e+00
  1.6724477e+00
 -9.0391928e-01
  4.1534362e+00
  1.5150920e+00
 -2.2365761e+00
 -1.1311941e+00
 -6.1817825e-01
  3.1445589e+00
 -4.7245291e-01
 -1.8376305e+00
 -7.6763570e-01
 -4.4909258e+00
 -1.0858309e+00
  1.3171172e+00
 -8.9050180e-01
 -2.7104039e+00
 -4.8039131e+00
 -4.7222548e+00
  4.1904635e+00
  1.0810877e+00
  9.9742711e-01
  3.3371854e+00
 -4.7666952e-05
  8.9259881e-01
 -2.9372456e+00
 -2.1337965e+00
 -1.8636103e+00
  1.3770454e-01
  1.9162583e+00
 -5.1821485e+00
  1.3530933e+00
 -2.6004407e-01
 -1.9407637e+00
  1.0057274e+00
 -2.5503471e-04
  2.2619181e+00
 -4.2363396e-01
  1.3270926e+00
 -1.3487212e-01
  1.1345394e+00
  1.0642500e+00
 -1.2219110e+00
 -2.8936296e+00
 -6.2022763e-01
 -2.4780191e-01
  3.4815943e+00
 -2.1839519e-01
 -9.7786433e-01
  3.4927638e+00
 -3.2586690e-02
 -1.8388524e+00
  1.6755080e+00
 -4.2009535e-01
  6.2549853e-01
 -3.2742834e+00
 -5.9144878e-01
 -2.9026670e+00
  2.2915540e+00
  3.1137791e+00
  1.1246374e+00
 -3.7072164e-01
 -1.0865890e-01
  3.1285444e-01
 -2.0975149e+00
  2.0839288e+00
 -2.3925495e-01
  1.1335173e-01
 -3.0429220e+00
 -1.7893647e+00
  2.8185933e+00
  3.8225698e+00
 -3.0012125e-01
 -4.4889817e+00
 -1.3240060e-01
  4.7788297e-05
 -4.4462962e+00
 -3.8666555e-01
 -5.9717441e+00
  1.2756429e+00
  2.1805761e+00
 -4.7688460e+00
 -1.2325236e+00
 -5.7390509e+00
 -5.5412221e-01
 -2.0854311e+00
 -2.8211579e+00
  1.2498201e-03
 -7.5055346e+00
 -3.7827697e+00
 -2.3660746e+00
 -4.8395935e-01
 -1.2101402e+00
 -1.2518126e+00
  1.2425045e+00
  3.9837427e-02
  3.2263269e+00
  9.5076209e-01
 -7.8152496e-01
  2.3928493e-01
  6.9127309e-01
 -1.0518217e+00
  2.5136499e+00
  4.6201234e+00
 -4.7299757e+00
 -1.9032826e+00
 -1.3799648e+00
 -9.6143049e-01
 -5.9528613e-01
 -4.4091091e+00
 -1.4242105e-01
 -4.0323863e+00
  6.5094274e-01
  4.5045066e-01
  8.7754631e-01
  2.1130589e-01
  8.3575308e-01
  3.7362147e-03
  2.1321543e-01
  1.6991968e+00
 -5.3113818e+00
  9.0568537e-01
 -9.5732222e+00
  4.3139368e-01
 -3.0381814e-01
 -3.9054010e+00
 -1.9969049e+00
 -1.9400568e-04
  2.4542904e+00
 -2.8008461e+00
  1.7371558e-01
 -2.4188046e+00
  5.8859897e-01
  3.9640770e+00
  1.8900324e+00
 -4.2406994e-01
 -3.8544670e-02
  4.0036063e+00
  3.1399205e+00
  3.4855999e-05
  1.0378855e+00
  4.7021098e+00
 -1.5463614e-01
  2.1302192e+00
 -1.3840194e+00
 -2.1554995e+00
 -1.5628282e+00
 -1.2306643e+00
 -2.3008838e+00
 -2.9604278e+00
 -4.3893147e+00
 -8.9978230e-01
 -9.2861094e-02
 -3.7767866e+00
 -1.5992264e+00
 -1.1873831e-01
  4.1455999e-01
  9.8948711e-01
  2.2841153e-01
 -4.2080607e+00
  9.3340313e-01
 -1.6123377e+00
 -2.4783804e+00
  1.2489755e+00
 -2.1404991e+00
 -6.7607903e-01
 -5.4121213e+00
  1.2491343e+00
 -5.0261664e+00
  1.1351166e-01
  1.0124466e+00
  9.1558975e-01
  1.4751341e+00
 -1.0360802e+00
 -3.8363567e-01
 -1.2067336e+00
 -1.0027525e+00
 -3.7904115e+00
  3.7787657e+00
 -3.3940497e-04
  4.3671963e-01
  1.6078960e+00
  6.8598203e-02
  1.0680923e-02
  2.8425476e-01
 -8.8565063e-01
  6.0064063e+00
 -2.7780132e+00
  1.2113895e+00
 -3.1553811e-01
 -3.7839634e+00
  8.8243411e-05
  1.7424129e+00
  3.1910119e+00
  9.6590364e-01
 -2.5681152e+00
 -3.9589744e+00
  4.8665792e-01
  2.0860749e-01
  1.2839092e+00
  7.2902344e-02
  3.1277976e+00
 -4.4103774e-01
 -2.8266689e-01
  1.7505872e+00
 -1.3161134e+00
 -2.9650726e+00
 -6.5468019e-01
  2.7842624e+00
  3.1852683e-01
  9.6554267e-01
 -1.0299088e-02
 -1.8089794e-01
 -1.2938188e+00
 -3.1206589e+00
 -1.1354940e+00
 -5.2668267e-01
 -2.4529953e+00
  8.2056761e-01
 -6.0744558e-02
  2.5769563e+00
 -4.9785262e-01
  2.3968494e+00
  1.8085911e+00
 -4.4328904e-01
 -7.1609867e-01
  1.6346540e+00
 -2.8040876e+00
  2.6036426e-01
 -1.4414940e+00
  8.2047665e-01
  3.5801064e-04
 -4.3634696e+00
  3.0207965e+00
 -6.1665857e-01
  8.7699568e-01
  7.5180292e-02
 -5.0243955e+00
 -8.0430448e-01
  3.9331605e+00
  5.7810098e-01
  1.6754518e+00
  5.5064659e+00
  3.3966839e-04
  8.8006519e-02
  6.9876468e-01
  1.2219172e+00
  2.0845642e+00
 -7.6481295e-01
  5.3464293e-01
  7.2783461e+00
  3.6924571e-02
  3.7951076e-01
 -1.2243789e+00
  6.5404907e-02
 -5.7962475e+00
 -5.3464907e-01
  1.0435470e+00
 -4.3219037e+00
  4.8845901e+00
  7.1166742e-01
  2.8321490e+00
 -2.3118894e+00
  5.3143233e-01
 -3.1987324e-01
 -1.3564736e+00
  7.3727012e-01
  4.6873627e+00
  9.3490440e-01
 -1.6109848e+00
 -1.5257175e-01
  2.4056675e+00
 -8.3744220e-02
 -1.2816243e+00
  4.1620177e-01
  8.8620973e-01
  1.9675790e+00
  4.4731745e-01
 -1.4934331e+00
  1.7062379e-01
  6.6926372e-01
  5.2897722e-01
 -3.1564779e+00
  5.0015748e-04
  4.7029358e-01
 -1.2771972e-01
 -1.6366162e+00
 -1.1016428e+00
 -1.2385347e+00
  1.6860714e+00
 -2.0550306e+00
  1.0214537e+00
  2.0052938e+00
  1.4994304e+00
 -3.0108662e+00
 -1.1507732e-04
  1.9155771e+00
 -5.8481832e+00
  1.0578240e-01
  3.4619260e-01
  3.3676226e+00
 -4.9063020e+00
  1.7114855e+00
  2.4386826e+00
  5.0004144e+00
  2.0151688e-01
  1.0493933e+00
  4.7806344e+00
 -1.7367743e+00
 -1.7415265e+00
 -2.1033368e+00
  3.9777958e-01
 -1.7593538e+00
 -4.0193291e+00
 -1.2365243e+00
 -2.1431818e+00
  8.7656921e-01
 -2.7534840e-01
 -6.5995830e-01
  6.7798984e-01
 -3.7419868e-01
  1.1265022e+00
  6.8959951e-01
  4.3493633e+00
  2.2450365e-01
  1.3600483e+00
  2.2718863e+00
 -1.9411100e-01
  2.4848869e+00
 -3.4533944e+00
 -1.3792143e+00
 -5.8717018e-01
 -2.0501633e+00
 -3.3300561e-01
  1.6918976e+00
  3.7064016e-01
  9.8617184e-01
 -6.8760522e-02
  3.7151148e+00
 -1.9158520e+00
  8.5874772e-01
 -2.4385402e+00
  2.8387101e+00
  3.2103529e+00
 -5.0265056e-01
 -9.1078818e-01
 -1.8370153e+00
  4.5919675e-01
 -1.1889604e+00
  2.5412443e+00
 -4.9445834e+00
  7.0444876e-01
  2.8503263e-01
 -1.3687449e+00
 -6.7962807e-01
 -1.1266104e-01
 -8.8379014e-01
  2.1986718e+00
  3.4455693e-01
 -5.9667602e+00
  4.0142131e+00
  1.0362318e+00
 -9.3877184e-01
 -7.6152164e-01
 -1.0897845e+00
 -5.2863264e-01
  9.4050807e-01
  1.2342049e+00
  1.5506469e+00
 -1.7109882e+00
  2.1488554e+00
  7.8919005e+00
  5.2332848e-01
 -8.1244463e-01
 -5.3607845e-01
 -1.9746109e+00
  1.4836789e+00
  6.0925964e-02
 -2.3841310e+00
  3.8733275e+00
  2.4274962e+00
  1.2853292e+00
  1.2603735e+00
 -1.6963068e+00
  2.2748067e+00
  4.7996020e-01
  1.5775179e+00
 -1.2283795e+00
 -1.0009421e+00
 -1.4381959e+00
 -6.0081784e-02
  3.3015053e+00
 -8.9716482e-01
 -1.8833261e-02
  5.8396244e-01
 -9.4591796e-01
 -1.4507781e+00
  5.1695198e-01
 -6.9680542e-01
  2.8682759e-04
  6.6628256e+00
 -1.4231022e-01
  3.7025042e+00
  1.3024548e-01
 -7.9836422e-01
  7.0134825e-01
  9.3370581e-01
 -5.1809173e+00
 -2.1320202e+00
 -2.7329082e+00
 -6.6323864e-01
 -1.1636683e+00
 -1.6562634e+00
  1.1006951e+00
 -1.2293553e+00
  1.5095869e+00
  2.9719937e+00
  3.0776331e-01
  2.3909309e+00
  3.2427597e-01
 -1.1151183e+00
 -2.8762588e-01
  6.9298625e-01
 -3.3006363e+00
  3.1100801e-01
 -9.6622717e-01
 -1.4897524e+00
  1.3191943e-01
 -1.7623628e+00
 -3.7328544e-01
 -2.3199797e+00
  7.3789126e-01
  7.5853240e-01
 -3.2238781e-01
 -2.6424068e-01
 -1.2707254e+00
  9.3701208e-01
 -1.6859114e+00
 -1.5329015e-02
 -4.4899213e-01
  1.3044521e+00
  9.3551010e-01
  2.8830221e-01
 -1.5637295e+00
  1.8904139e-01
  7.6068318e-01
 -2.5538476e+00
 -3.8345375e+00
  7.3254186e-01
  2.1317887e+00
 -5.4198831e-01
 -2.6609930e-01
  4.1060658e+00
 -1.5296525e-01
  2.9448562e+00
  2.0993775e-01
  5.7520866e-01
  3.2625452e-01
  2.8603074e-01
  3.8575834e-01
 -9.4624400e-01
 -1.2189462e+00
 -2.2436851e-01
 -8.9629275e-01
 -7.1996170e-01
 -5.6563773e+00
 -2.6234968e+00
 -9.4201444e-03
 -1.2365112e+00
 -3.5971658e+00
  1.6873072e+00
 -1.9251703e+00
 -8.1790656e-01
 -3.8104865e-01
  3.0504496e+00
  5.1702493e-01
 -8.0236083e-01
 -1.3454551e-01
  1.4709537e+00
  4.4812093e+00
 -1.3264422e+00
 -1.1450547e+00
 -2.4906271e+00
  1.7577304e+00
  2.6079673e-01
  6.5683806e-01
 -1.7230340e+00
  1.2058258e+00
 -2.8676744e+00
 -2.6579928e+00
  5.3173369e-01
 -2.4089835e+00
  1.1494283e-01
  5.0226188e-01
 -1.0544677e+00
  3.3809009e+00
 -4.3804403e-02
 -5.6834104e-03
 -4.1666818e-01
  6.0827196e-01
  6.7723427e+00
  1.1421332e+00
  2.6670892e+00
 -4.7658953e-01
 -1.3415252e+00
  9.5401192e-01
 -3.6516553e-01
 -4.9821730e+00
 -2.1351101e+00
  2.2810845e+00
 -1.9912386e+00
  2.8347454e+00
 -7.3216434e+00
  2.1586061e+00
 -5.0713217e-01
  4.6565431e-01
  3.1910920e+00
 -9.7507888e-01
 -2.0959383e-01
  8.6586618e-01
  4.0398793e+00
 -3.3484955e+00
  1.0673016e+00
 -1.4649426e+00
  2.4425273e+00
 -1.0291018e+00
  1.0403675e-01
 -3.3759689e-01
 -2.6869962e+00
  2.6752320e-01
 -6.5863067e-01
  1.7797194e-01
 -2.0568967e+00
 -3.4187689e-01
 -1.0189835e+00
  6.1293346e-01
 -1.1468964e+00
 -3.7787408e-01
 -3.9465854e-01
  1.7754401e+00
 -3.2735460e+00
 -1.6769321e+00
  4.3358984e+00
 -2.0514793e+00
  1.6302710e+00
 -2.2179110e+00
  8.6328661e-01
 -6.8423694e-01
 -1.4493665e+00
  3.5256238e+00
 -1.3659898e+00
 -2.1351345e+00
  2.0153022e+00
  1.5047029e+00
 -1.9165550e+00
 -1.1999016e+00
 -3.5736537e+00
 -6.3913065e-01
 -2.3093464e+00
 -3.3515024e-01
 -1.1440376e+00
  5.4709762e-01
  3.1682534e+00
  3.9643519e+00
  1.7737854e+00
 -8.8479447e-01
 -4.2409334e+00
 -1.4610090e+00
  1.2255489e+00
 -3.2333663e-01
 -2.5553050e+00
 -3.0495504e-01
 -6.1478716e-01
 -2.0960695e-01
 -1.8738153e+00
 -3.0557175e+00
  2.7243328e-01
  3.4058097e-01
  6.2425894e-01
 -5.8817667e-01
  1.4455191e+00
  3.4623337e+00
 -4.8101589e-01
 -5.1807005e-02
  1.5364385e+00
  9.9386936e-01
  1.5985962e+00
  7.5679880e-01
  8.7823057e-01
 -1.0699378e+00
  1.4283358e+00
  3.8677635e+00
  4.1177306e+00
 -9.4600427e-01
  4.8495493e+00
  6.0111207e-01
  1.8264064e+00
 -6.6587645e-01
 -5.2224627e+00
 -3.5144823e+00
 -2.0507615e+00
  2.1675961e+00
 -3.5392594e+00
 -8.1452453e-01
 -4.1922355e-01
  1.4287253e-01
  2.8185649e+00
 -3.2221093e+00
 -1.0237787e+00
 -1.7993741e-01
 -4.4681659e+00
  1.5623071e+00
 -8.8284940e-01
  2.2237887e+00
  2.9475727e+00
  1.5711195e+00
  3.1611018e+00
  3.1395109e+00
 -1.4763047e+00
  7.2903824e-01
  2.0338377e-01
  2.2371728e+00
  2.8358243e+00
  1.7536575e+00
 -3.0892601e+00
  1.5117453e+00
 -1.8833996e+00
 -9.6744257e-01
 -1.1423666e+00
  3.7653437e-01
  5.1118767e-01
 -1.7847365e+00
 -1.2344670e+00
 -3.2437301e-01
 -1.7385839e+00
 -1.3906000e+00
  7.0122075e-01
 -9.3017685e-01
 -7.6687384e-01
  1.3155329e+00
 -1.1526351e+00
 -5.2019161e-01
 -1.1337674e+00
 -4.9502042e-01
 -5.1519650e-01
  1.1885290e+00
 -1.0925044e+00
  5.9644232e-04
  1.8383397e+00
  2.8659053e+00
 -3.5508808e-01
  1.3743312e+00
 -2.0330720e+00
 -1.1195440e+00
 -1.2557837e-01
  4.6995206e+00
 -3.3897214e-02
  6.1873138e-01
 -2.7681768e+00
 -8.1770724e-01
  2.3646641e+00
  2.5026758e+00
 -1.6643897e+00
 -9.3898559e-01
 -1.6362083e+00
  1.2132865e-02
  1.5282747e+00
  2.9546399e+00
  1.9405755e+00
  7.8245765e-01
  1.0717527e+00
  1.2705539e+00
 -2.2313295e-01
 -2.5624681e-01
  3.4120469e+00
 -8.2373208e-01
  1.8308599e+00
  1.0551018e+00
  7.2281295e-01
  2.3348503e-01
  9.7507611e-02
  8.0783337e-02
  5.1643133e-01
  2.0653040e-03
  3.7846550e-01
 -1.9783455e-01
  1.6672195e-01
 -1.8634747e+00
  2.6473379e-01
 -2.4997699e-01
  1.2701149e+00
 -9.9144703e-01
  5.9967663e-02
 -4.3248323e-01
  4.3489629e-01
 -7.1156621e-01
 -2.0281327e+00
 -8.6823136e-01
 -3.5108757e-01
  6.1704315e-02
 -8.2115620e-01
 -4.4235630e+00
 -4.0585489e+00
  3.4971848e-01
 -7.4629122e-01
 -2.3149402e+00
 -2.6221902e+00
  1.1590195e+00
  5.0886660e+00
 -7.4910438e-01
 -1.3051591e+00
  3.0903230e+00
  3.0898197e+00
 -5.4935449e-01
  1.5513663e+00
  1.7532076e+00
  1.1579896e-01
  8.6838365e-02
  1.2010775e+00
 -1.8916243e+00
 -1.0678279e+00
 -9.8787117e-01
 -9.4338745e-01
  1.6396246e+00
 -2.6787298e+00
  1.8846744e+00
  4.9541566e-01
 -1.0408828e-01
 -1.5977021e+00
 -5.2363515e-01
  2.9487839e+00
  2.3658223e+00
 -1.5908151e+00
 -3.4952191e-01
  8.0025417e-01
  1.8194218e+00
  1.5576123e-01
  1.2465990e+00
 -5.6909633e-01
  1.2620516e+00
 -2.2172762e-02
  1.6999570e+00
  1.2297124e-02
  1.8203764e-01
 -4.1148268e-02
  2.3892085e-01
  8.8287890e-01
 -1.3009647e+00
 -5.8943987e-01
 -3.8946540e+00
 -2.7421916e-01
  1.2646103e+00
  2.5204176e-01
 -2.2658472e+00
  6.5388501e-01
  1.6169980e+00
  3.0556865e+00
  1.6223228e+00
  1.0133857e-01
  3.3654585e-01
  2.3417439e+00
  4.9605308e+00
 -3.8181696e+00
  1.8003001e+00
 -2.8732219e+00
  8.6613655e-02
 -6.4953690e+00
  1.8331293e+00
 -2.5624030e+00
  3.2351508e+00
  4.3172927e+00
 -1.8640608e+00
  1.7455198e+00
 -4.6881148e-01
  2.1028767e+00
 -8.1357872e-01
 -1.4432621e+00
  3.7322958e+00
 -5.1642591e-01
  6.3362134e-01
  6.4521825e-01
 -3.9218828e-02
  1.5523674e+00
  2.1649776e+00
  2.9228008e-01
 -2.4274819e+00
 -8.9711761e-01
  6.2708902e-01
  2.8378444e+00
 -2.4912305e+00
 -2.0142193e+00
 -1.1788625e-02
  1.7140489e+00
  6.2557822e-01
 -3.3284849e-01
  3.8232201e-01
 -1.6384988e-01
  2.9553339e-01
  2.0763874e+00
 -2.5000694e+00
  9.8259193e-01
  1.6861554e+00
  3.4402624e-01
  2.1977766e+00
  1.0351281e+00
 -1.2477663e+00
 -1.6649851e+00
  1.3810761e-01
 -2.0421429e+00
  2.3297656e+00
  9.2513102e-01
  1.2286963e+00
 -8.6660922e-01
 -2.5532224e+00
 -3.0012660e+00
 -7.2916991e-01
 -2.2572596e-01
 -7.5187361e-01
 -1.3995708e+00
  1.2567718e+00
  1.5031363e+00
  2.0634849e+00
 -2.4846079e+00
  7.6470673e-01
 -1.1664184e+00
  3.6219425e+00
 -1.1625565e+00
 -3.4524372e+00
  7.4313116e-01
  1.0813205e+00
  2.5592208e+00
 -1.4677800e-01
  1.9759737e+00
 -3.4947612e+00
  2.4790466e+00
 -2.5977011e+00
  1.9654559e+00
 -1.3063174e-01
 -1.8665376e+00
 -1.2648755e+00
 -9.2139894e-01
  7.7509612e-01
  1.0881882e-01
 -4.8156425e-01
 -9.6398646e-01
 -7.8820384e-01
  2.3610497e+00
  1.1567200e+00
 -7.8958917e-01
 -2.2574246e+00
  2.2555161e+00
  6.2281784e-02
  6.2281784e-02
  6.2281784e-02
  6.2281784e-02
  6.2281784e-02
  6.2281784e-02
  6.2281784e-02
  6.2281784e-02
  6.2281784e-02
  4.1459482e-02
  4.1459482e-02
  4.1459482e-02
  4.1459482e-02
  4.1459482e-02
  4.1459482e-02
  4.1459482e-02
  4.1459482e-02
  4.1459482e-02
  1.5726607e-01
  1.5726607e-01
  1.5726607e-01
  1.5726607e-01
  1.5726607e-01
  1.5726607e-01
  1.5726607e-01
  1.5726607e-01
  1.5726607e-01
  4.6247751e-02
  4.6247751e-02
  4.6247751e-02
  4.6247751e-02
  4.6247751e-02
  4.6247751e-02
  4.6247751e-02
  4.6247751e-02
  4.6247751e-02
  4.3830566e-02
  4.3830566e-02
  4.3830566e-02
  4.3830566e-02
  4.3830566e-02
  4.3830566e-02
  4.3830566e-02
  4.3830566e-02
  4.3830566e-02
  2.3048677e-01
  2.3048677e-01
  2.3048677e-01
  2.3048677e-01
  2.3048677e-01
  2.3048677e-01
  2.3048677e-01
  2.3048677e-01
  2.3048677e-01
