nep4 2 Mo Te 
cutoff 5 5 19 19
n_max 8 8
basis_size 12 12
l_max 4 2 0
ANN 50 0
  2.0688217e-02
 -4.2036265e-02
  5.5342459e-04
 -5.0226324e-03
  2.1633055e-04
 -1.3426723e-04
  5.9110625e-04
  3.3569886e-04
  9.4060734e-04
  9.3539638e-05
  1.2497299e-05
  1.3717053e-04
  2.3908369e-04
 -1.5731403e-04
  1.3557843e-04
  1.6953671e-04
  3.0112056e-05
 -4.5545795e-04
  7.7502109e-06
 -2.3763611e-04
 -1.3818147e-04
  1.6822093e-03
 -3.2222189e-04
  2.5440443e-02
  3.2501891e-03
 -6.3593902e-02
  6.9279713e-03
 -6.9362903e-01
 -1.2642812e-03
 -2.4514293e-04
 -4.3361690e-03
  2.6710154e-07
 -7.7464533e-01
 -2.5910084e-04
  3.7015718e-04
 -9.4233193e-03
  2.1252710e-04
  5.4140182e-05
  1.5832909e-03
 -1.0045650e-03
 -5.2065621e-05
 -1.9246209e-04
  5.4821321e-05
  4.1608652e-04
  4.1534286e-03
  3.0705232e-06
  1.6348078e-05
  6.6281646e-05
 -1.2890220e-02
 -1.4584030e-04
 -1.8023115e-04
 -2.0319399e-04
  1.9674987e-04
 -1.6746263e-03
 -6.1597323e-01
  1.7127015e-01
  2.2557262e-01
  1.2339474e+00
  5.9299435e-02
 -1.5644720e-01
 -1.6406269e-01
  3.5014648e-02
 -2.4522625e-01
 -1.2889242e-04
  2.2828816e-04
  2.1454955e-05
 -2.8299388e-01
 -1.3681210e-04
 -5.5151165e-01
 -1.5836632e-02
 -2.0950513e-04
 -3.5082254e-01
  1.5618918e-03
 -4.4950403e-02
  8.9247040e-03
  2.8851843e-01
 -2.0970292e-01
  3.6733586e-02
  3.1979272e-01
  6.2415782e-02
  5.4672535e-04
 -4.0751160e-04
  6.0460452e-02
 -3.3404574e-01
  1.2349023e+00
  8.6139618e-05
 -8.9198865e-02
  5.4770613e-01
 -6.0032931e-04
 -4.5779489e-02
 -4.2103407e-01
  3.0949572e-01
 -4.4649833e-01
  2.4555953e-01
  7.1245857e-02
  2.2381946e-01
  4.8973623e-01
  1.8800245e-04
 -9.8656863e-02
  1.5628739e-04
  5.5800495e-04
  5.2867264e-01
 -2.5984833e-01
 -6.4622802e-01
 -5.3582472e-01
 -6.7150285e-03
  1.8495148e-04
 -2.7367923e-01
 -5.7180518e-01
  4.8183930e-01
  1.9980462e+00
 -1.6887213e+00
  9.2082591e-05
  5.6535959e-01
 -3.1718642e-01
  1.0038764e-03
 -1.9000414e-01
  9.8440083e-05
  3.7999125e-05
  5.2215141e-04
  3.8684733e-02
  3.3545424e-05
  1.5925311e+00
  3.5551181e-01
  5.1630992e-01
  4.7009642e-04
 -3.8166761e-02
 -8.1732385e-02
 -1.8229935e+00
 -7.3428333e-02
 -1.0883658e-01
  6.9857471e-02
 -2.6470283e-01
 -2.5823762e-04
  1.1791778e+00
  5.0196785e-04
 -8.6146152e-01
 -9.0424128e-02
 -1.1647996e+00
  5.1306288e-05
  8.4522599e-01
  9.0130109e-01
  2.4884468e-04
 -5.4508095e-05
  1.0434883e-02
 -9.1679796e-04
  2.9997543e-01
  4.3441594e-01
  4.2326476e-02
  7.4810922e-02
  2.5967395e-01
  3.3765903e-01
 -7.7238351e-01
 -7.4338843e-04
  3.4549877e-05
  2.4617062e-04
 -3.9190829e-01
 -1.2666060e-01
  1.4391948e-01
 -3.1531399e-01
 -5.2930677e-04
  2.0332173e-01
  2.3700562e-03
 -1.0682178e+00
 -5.2236862e-02
  2.6205802e+00
  1.3327643e-01
  9.5949751e-01
 -1.9338694e+00
 -1.7078888e-01
  8.2630759e-01
 -1.0720359e-03
  7.6867997e-05
 -6.8900117e-04
 -1.4845352e-01
 -2.3157678e-04
 -9.9956620e-01
 -1.3765727e-01
  9.6045696e-05
  1.3335413e-04
 -1.8716963e-04
 -1.0784880e+00
  1.0610760e+00
 -4.7560412e-01
 -3.4678036e-01
  8.5989237e-01
  1.6534404e-01
  7.7443260e-01
  8.3731002e-01
 -3.6962371e-04
 -3.8866280e-03
  1.7856833e-04
 -2.6631850e-01
 -1.8271637e-04
 -1.3174261e+00
 -5.1984542e-05
 -5.8025430e-04
  3.4499219e-01
  1.0070726e-04
 -6.5905653e-04
  2.2191567e-04
 -1.1263790e+00
 -2.9869436e-04
 -1.3953282e+00
 -7.1360171e-01
  1.2834994e-04
 -1.6990149e-01
 -2.6747439e-04
  3.4108621e-01
 -4.0140450e-05
 -1.5146005e-01
  4.2364054e+00
  1.3283551e-01
 -5.1592982e-01
 -5.1182741e-04
  3.1956232e-01
 -3.8582358e-01
 -4.6715084e-01
 -4.6827562e-02
 -5.0763166e-01
  5.1221669e-01
 -3.1166592e+00
  5.3520077e-01
  1.2772082e+00
  1.0580870e-02
  2.0370595e-01
  2.3147438e-04
 -2.4647221e-03
  2.2278860e-04
  3.2393850e-06
 -1.9191700e+00
  5.3180194e-01
  2.8044626e-04
  5.2987683e-01
 -2.0408966e-02
  9.1422445e-01
 -3.3196834e-01
  9.3885183e-02
 -2.1803156e-02
  1.6093846e-01
 -2.0421243e-01
  4.4415659e-01
  1.0189297e-01
  2.8966425e-02
  1.2921939e-03
 -4.9719922e-03
  3.0141288e-01
  9.0292643e-04
 -3.7241746e-02
  3.0197895e-01
  4.0348750e-06
  6.5398943e-01
  1.3227827e-02
  9.9650830e-01
 -2.0665912e-01
  4.0720394e-01
  5.2790828e-02
  5.4732889e-01
  1.2290921e-01
 -4.0527436e-01
  1.9974111e-01
  2.6641563e-01
 -5.6596678e-01
  6.9294065e-01
 -1.0463702e-01
 -1.6268815e-01
  1.5817969e-01
  8.5717931e-02
 -8.9697391e-01
 -2.2430579e-01
  7.8849190e-01
 -5.5523187e-01
 -2.9255775e-01
  3.4844705e-01
 -1.8050663e-01
 -2.0996368e+00
  2.1302507e+00
  1.1788446e-01
  6.8501979e-01
 -5.0511942e-05
 -1.5224780e-04
 -1.6230246e-04
  1.2948385e-02
  3.1225383e-04
  6.0795501e-02
  1.9781379e-04
  1.1390093e-04
 -6.2657474e-04
  6.2561822e-01
  4.6938699e-01
 -9.3999320e-01
  5.1822490e-01
  9.9157467e-02
 -2.0006135e-01
 -8.8647825e-01
  2.2277230e-02
 -1.1751314e-01
 -4.6571130e-01
 -8.6239183e-01
  5.4635111e-05
 -1.3796935e-02
 -4.5581575e-04
  9.0094790e-02
  8.9591432e-01
 -5.3597927e-01
  4.0309757e-01
  6.8880338e-04
  1.2209029e-01
  2.9864159e-06
  3.5107732e-02
  1.3381114e+00
 -1.4609888e-01
 -1.3958158e-02
  7.3270123e-03
 -4.5252603e-01
 -5.8908677e-01
 -3.2099205e-01
  1.2564953e-01
  2.7221158e-01
 -6.5803394e-02
 -5.4546332e-01
 -2.1843220e-01
 -3.2410520e-01
  1.0595354e-01
 -2.3117739e-04
  1.5202331e-04
  7.1984177e-05
  5.0254882e-04
  2.6621119e-05
  3.1145499e-04
 -2.3977853e-04
  9.5818448e-04
  4.4230788e-04
  3.9709856e-05
 -2.1070540e-04
 -3.3881464e-05
  1.0293170e-05
 -2.5273141e-04
 -4.5196468e-04
  6.9107577e-05
 -2.2214010e-05
  5.3722379e-05
  7.7424425e-04
  1.5414845e-04
  5.6426431e-04
 -4.9676531e-04
 -4.0667495e-04
  7.3144335e-04
 -4.0028165e-03
  1.6046726e-04
 -6.9726678e-04
 -4.0340182e-04
  1.8874370e-04
 -1.7109203e-04
 -5.4707009e-05
 -6.2945987e-06
 -3.7490076e-07
 -4.0054783e-05
  3.7831572e-04
  5.9463055e-05
  9.8943368e-05
  1.5339386e-04
  5.4191776e-05
 -2.8080423e-05
  4.7947495e-04
  4.4366808e-04
  2.9627236e-05
  3.2211808e-04
  1.6217204e-04
  3.7387508e-08
  1.3993072e-04
 -9.9411391e-06
 -2.3440458e-04
 -7.9490026e-05
 -1.6442551e-04
 -2.1942638e-05
 -2.3261613e-04
 -1.0059621e-05
  4.7443473e-01
 -1.0602747e+00
 -1.4297619e-01
 -6.7951554e-01
  1.6392555e-04
  1.7377939e+00
  1.6228375e+00
 -1.5116931e-01
 -2.8502626e+00
 -1.2458559e-05
 -6.1217230e-05
  2.4137720e-04
 -2.3546934e-03
  3.3861239e-04
 -1.2959414e-03
 -5.7314377e-04
  5.4475466e-05
 -1.2011769e-04
 -3.4310776e-01
 -7.9032516e-01
  8.6428124e-01
  5.8245099e-01
  3.5907695e+00
 -1.3478625e+00
  6.6429800e-01
 -5.8241749e-01
  2.8013399e-01
 -5.2998739e-04
  6.6259915e-01
  6.9732618e-05
  1.9211401e-01
  2.1466771e-05
 -9.4170529e-05
  1.5194944e-04
 -5.6972420e-01
  1.7641190e-01
 -1.0012789e+00
  5.4997849e-01
 -5.3513318e-01
 -2.5654098e-01
 -9.1836251e-02
  1.0256194e+00
 -1.0366248e+00
 -6.0052896e-04
  4.1528860e-01
  7.3189894e-03
 -2.0239000e-04
  4.8421022e-01
  4.1627321e-01
 -1.6166547e-01
  4.0274313e-01
  4.2813462e-01
  6.1206857e-04
 -1.0525598e-01
 -1.2790046e-02
  5.3994703e-01
 -2.2167807e-02
 -5.1517153e-01
  5.3176683e-01
 -4.9202272e-01
  6.3846141e-02
 -1.9393153e+00
 -1.2880498e-02
  3.6736783e-05
  4.3049257e-04
 -1.7195463e-05
 -9.8151261e-01
  2.8822902e-05
 -8.7186021e-01
 -1.4282395e-04
 -6.7259505e-02
 -3.4918718e-05
  7.2646722e-02
  4.7600535e-01
 -1.0983271e-01
 -1.0407518e+00
  3.0643496e-01
  5.6320870e-01
 -8.6487215e-03
 -6.0144252e-01
 -2.1355124e-01
 -2.0271267e-03
  2.5001100e-01
 -2.4659415e-03
 -7.9166317e-01
  5.8066220e-05
  6.8413299e-01
  9.6573812e-01
 -3.2881193e-04
 -7.7480823e-02
 -6.4710286e-05
  2.4643125e-06
  5.5505037e-03
 -2.2505388e-01
 -7.3546928e-01
  2.1639436e-01
  3.9397481e-01
  1.0323036e-01
 -3.5580045e-01
 -8.7730550e-05
  3.1202430e-02
  1.1534747e-01
 -1.5174612e-01
 -3.2314453e-01
  1.2354260e-02
  4.0018320e-01
 -3.5362082e-05
  5.9916991e-01
 -3.5510296e-01
  1.0197457e+00
  5.7847840e-01
  2.6819378e-01
  1.4396600e+00
  4.4679068e-02
 -5.6265583e-03
 -4.0838933e-01
 -4.8143876e-01
  3.8585381e-04
 -7.0609828e-03
  1.1280405e-04
 -6.3511293e-04
 -2.0265707e-04
  9.9115912e-04
  1.2555608e-03
 -2.6551988e-03
 -1.1788070e+00
  6.5802646e-01
  2.7901486e-01
  7.0976430e-01
 -2.0153202e-01
 -3.8348281e-01
  1.1021460e+00
 -3.8939908e-01
 -5.5109551e-05
 -3.1346998e-01
 -1.3355078e-04
  6.1163075e-05
 -6.6887727e-04
  2.6433640e+00
  5.0723983e-04
 -4.7443443e-04
  1.0110236e-01
 -1.2163687e-03
  1.0254281e-01
  1.5335588e-04
  1.7144974e-05
 -7.2007602e-01
 -8.4845471e-01
 -1.2201688e-01
 -4.6501443e-01
 -3.4745943e-02
  5.8259171e-01
  2.7460685e+00
 -1.0894098e+00
 -2.9104043e-04
  3.7833853e-04
 -8.6574703e-01
  4.3287170e-01
  2.7162474e-01
  1.0075148e-01
 -2.3066373e-04
  9.3793862e-02
 -3.2695598e-04
  4.0492651e-01
 -3.8810115e+00
 -2.1049258e-05
  2.3512001e-01
  1.0487921e-02
  2.4361126e-01
 -2.0510423e-01
 -4.9988210e-01
 -7.4233641e-05
  1.3414948e-04
 -2.4824694e-04
 -1.5096665e-04
 -1.7438253e-04
 -9.9549836e-01
 -1.0875465e+00
  2.0279580e-05
 -2.2328041e-04
  5.0863022e-01
 -2.8360586e-04
 -2.2607048e-01
  1.6508574e-04
  1.1512466e-02
 -5.3460315e-02
 -1.5991290e-01
  4.6192342e-03
  1.9609971e-01
  6.0434024e-05
 -5.4717326e-04
  1.1984073e-05
 -2.7597159e-01
 -1.8299397e-04
 -1.1407126e+00
  1.8903621e-01
 -1.6896690e-04
 -1.1649354e+00
 -1.0688548e-03
 -1.4414530e-01
 -9.0806140e-04
 -8.1925958e-01
 -4.9631568e-03
  9.3169964e-04
  1.0592042e-03
 -1.4724497e-04
 -1.7282051e-01
  1.8551775e-04
  3.2697808e-02
  8.0654630e-04
 -6.6243833e-01
 -5.8546316e-02
  1.3749549e+00
  3.1302306e-01
 -7.9309102e-05
  1.3537997e-01
 -3.0663884e-01
  2.9349500e-01
  2.1348746e-02
  1.6768858e-01
  1.1339264e+00
  2.3930188e-01
 -3.0613136e-01
  7.1657270e-02
 -3.6673090e-01
  2.0139104e-04
  1.1629854e-01
  3.5691017e-01
  3.5445016e-02
 -3.5502770e-04
  5.8940363e-01
 -3.7994227e-01
  8.2356703e-01
 -5.5006289e-01
  2.5634190e-01
 -1.4250457e-01
 -2.1760011e-01
  3.9383778e-01
  1.6326967e-01
  3.0251941e-01
 -5.0196397e-01
 -1.6276231e-01
 -1.4501914e-02
 -2.8150205e-05
 -1.9575039e-01
 -9.2263901e-05
  1.9816767e-01
 -1.3262304e-03
  1.5895505e+00
 -2.0659743e-01
 -7.1301049e-01
 -2.3426570e-01
  2.7255324e-04
  1.2037291e-01
  1.3967467e-02
 -7.7923484e-02
  1.9661354e-02
 -4.8691954e-02
 -6.8744733e-03
 -5.0454867e-01
  1.8915522e-01
  5.3511196e-01
 -2.7647358e-01
  1.1943188e-03
 -5.1207460e-02
 -2.6354659e-01
 -1.7497349e-01
 -8.6389966e-02
  1.1313296e-04
  5.3555155e-01
 -6.2370561e-02
  1.4144540e-01
 -7.3723905e-03
  3.5431281e-01
  3.7987626e-04
  1.7564432e-01
  6.4769716e-05
 -9.9197042e-04
  1.9631747e-04
 -5.8768725e-04
 -2.5248207e-04
 -2.7276448e-05
  4.1283376e-04
 -1.0161158e-04
  4.7181814e-04
  5.5500219e-05
 -2.5826631e-04
  5.4889289e-04
 -1.1292385e-04
  5.3935586e-05
  1.3409747e+00
 -2.6945027e-03
  1.0156474e-04
 -9.8235887e-03
 -1.1140291e-01
  9.4959334e-02
 -6.5461792e-02
  3.5344021e-04
  1.0732395e-03
  1.4058927e-03
  6.3072452e-03
 -3.4241606e-05
  4.6120663e-03
 -6.4051454e-04
 -4.2545225e-04
  1.8016048e-01
  5.6475936e-05
 -4.6982626e-05
 -1.4488479e-03
  1.8795626e-03
 -3.0588970e-05
 -2.1778142e-04
 -2.1488925e-04
 -5.1769966e-05
 -1.7706595e-02
  7.7769929e-04
 -1.3668064e-04
 -6.7507336e-04
  1.0008740e-04
  1.3466976e-03
 -6.2679843e-05
  4.0476688e-04
 -1.4649337e-04
  7.6643011e-04
  2.4665352e-02
  1.4414957e-01
 -4.5599904e-02
  1.2096616e-01
 -2.3427503e-01
  6.1679222e-02
  7.7781945e-01
  1.5290475e-01
 -9.4963616e-01
  1.0632240e-05
  7.8414828e-03
  1.0730098e-04
  7.5557399e-01
 -1.4866758e-04
 -3.8038310e-05
 -3.1531576e-02
  1.4763385e-01
 -2.2494354e-05
 -1.1420001e-03
  2.1405613e-01
  2.2256313e-01
  3.4586370e-01
  8.2633020e-03
  1.0881752e-01
  3.5087708e-01
 -1.1448570e-01
 -1.8044284e-01
  4.1357136e-05
 -2.2559635e-01
 -3.1797795e-04
  5.2934444e-01
  2.6019072e-05
 -1.2057087e+00
 -1.0234125e-01
  1.8704336e-04
  4.5019972e-01
 -8.9790369e-04
  1.6295825e-04
  1.2359919e-01
  1.2260006e-01
  3.5394207e-02
  9.9520542e-02
  4.6514332e-01
 -4.9198023e-03
 -8.1678635e-01
  7.2281651e-04
  1.5372200e-01
 -4.1355292e-04
  3.0278008e-02
 -9.6929669e-03
 -1.8039621e-01
 -3.8592789e-01
  8.2834738e-01
 -8.4171420e-01
  1.8562071e-01
  1.0425882e-02
 -1.3213821e-01
 -1.5883407e-01
  4.3916493e-04
 -7.4875587e-01
  2.6731300e-01
  8.5466698e-02
  7.4543893e-01
  1.1574449e-04
  3.0259069e-05
  6.9084977e-05
  3.8709095e-05
 -1.6450376e-04
  6.0945936e-04
  7.7762394e-05
  3.4096412e-04
 -4.6623896e-05
 -1.3163110e-04
  6.2162358e-01
  1.6929461e-01
  3.3867244e-02
 -1.9364007e-04
  4.4373894e-01
  1.2708805e+00
 -7.7385783e-01
 -2.0274508e-04
  4.2512896e-04
 -1.1716196e-03
  9.9732337e-05
  4.5214310e-05
 -1.0772398e-04
 -1.1073225e-03
  1.6106291e-04
 -5.8496167e-04
  2.4501719e+00
  2.4789595e-04
  4.9026089e-04
 -1.6243015e-04
 -4.7764483e-01
  1.6250041e-04
 -1.4908708e-02
 -8.7647690e-03
 -1.5188858e-04
 -8.5940635e-01
  1.2254872e-04
 -4.5566714e-01
  1.8516290e-01
 -5.0378589e-05
 -2.6659446e-04
  2.2239228e-04
 -1.3554201e-01
  1.1894269e-03
 -1.3655922e-01
 -1.1733227e-03
  9.4461679e-02
  4.9286216e-02
  7.9325158e-03
 -4.4678319e-03
 -3.6287908e-02
  6.5821439e-02
  7.9532731e-01
  7.4181235e-01
  2.1507512e-04
  6.5595633e-04
  1.3755352e-04
  5.8149002e-05
  1.2816300e-04
 -1.5193806e-04
 -2.5720457e-03
 -1.2871271e+00
 -4.9685091e-02
 -2.3947749e-04
  2.9943297e-03
 -1.9147762e-04
  3.7656584e-01
 -2.7697012e-02
 -5.5459023e-02
 -1.5743490e-01
 -8.4235318e-05
  7.0146732e-02
 -9.0585690e-04
 -2.8666717e-04
 -2.1882213e-03
 -1.7685799e-02
  1.1850800e-04
  6.4762986e-01
  7.8031400e-05
 -1.0102544e-03
 -7.6666452e-02
 -7.9288664e-05
 -1.4778438e-04
 -5.8541231e-05
 -1.3796888e-01
 -7.5415820e-02
  1.9599763e-01
 -3.6667770e-05
  9.6746619e-05
 -3.2632991e-03
  7.9296231e-05
  1.4337668e-01
  9.0161288e-05
 -7.2707576e-01
 -7.3937409e-02
 -1.8247232e-01
 -3.9137220e-01
 -1.7510243e-01
 -2.7681578e-02
 -2.2145405e-01
 -4.9595076e-01
  4.9605802e-01
  1.6476336e-01
 -8.0379912e-05
 -8.4481168e-01
  1.7658548e-01
  2.9356664e-04
 -6.7078656e-01
  5.3511723e-04
  1.6431653e-04
 -1.8648787e-04
 -1.7886295e-04
 -1.2210407e-04
  1.7474488e-04
 -1.3942653e-04
 -2.2612013e-04
 -2.0067752e-04
 -1.3124261e-03
  7.2341011e-04
  2.1882175e-04
 -1.0154352e+00
 -2.4876297e-05
  2.1920180e+00
  4.4906917e-01
 -2.3460521e-01
  6.5558150e-02
 -8.9597621e-04
 -1.3285124e-04
  6.9822177e-05
  4.3802553e-01
  1.3232297e-04
 -2.5596060e-05
 -1.0903630e-01
 -1.4933247e-04
  8.2520828e-02
  2.5213945e-01
  4.7341408e-04
 -9.9524055e-05
  7.2050720e-02
 -2.8613460e-04
  4.9466059e-01
 -1.6970554e-04
 -2.0676262e-04
 -4.6866864e-02
 -9.3204901e-05
 -7.9472642e-04
  3.2673041e-05
 -1.6539332e-02
  8.4551764e-05
 -5.8613515e-01
 -5.4809272e-01
 -1.7115557e-04
  1.9330148e-02
 -2.2729425e+00
 -1.6489522e+00
 -1.4708223e+00
  6.6096961e-01
  2.6306324e+00
 -1.5017264e+00
  1.3403955e+00
  9.0773329e-02
 -2.6707165e+00
  7.4687827e-01
  1.2335053e-04
 -2.2161214e-04
  8.9184779e-01
 -1.7543335e-04
  3.5721529e-02
  3.4220047e+00
  5.1376969e-01
 -1.1726588e+00
  3.5874419e+00
 -3.6583236e-01
  1.5231557e+00
 -5.0886971e-01
 -5.4117780e-02
  5.0267361e-02
  5.1843517e-02
 -1.2776852e+00
  4.7017640e-01
 -2.5871772e-01
 -6.0891587e-05
 -1.4685622e-01
  3.0432114e-02
 -2.7754955e-04
  1.2458475e-01
  1.7160026e+00
 -4.1716367e-01
  1.0701863e+00
 -1.0325868e+00
  4.0859893e-01
 -1.5634469e+00
  3.7910208e-01
  5.0274234e+00
 -1.0400395e-01
  1.3008680e+00
  6.4769439e-02
 -6.4210713e-02
  1.8785538e-02
  1.3829910e+00
  1.1254658e+00
 -2.7055001e-01
 -1.0864443e-01
  1.4547005e-01
  8.3823919e-02
 -7.5178524e-04
  5.8362895e-01
  3.6596960e-01
 -2.1573738e-03
 -2.2815391e-02
  4.2354131e-01
 -3.6018953e-01
  7.1974754e-01
  7.7954121e-02
 -3.1909831e-02
  2.2654104e-01
  1.6812043e-03
 -2.1399754e-01
 -1.9257742e+00
  1.5862215e-01
 -5.4410579e-05
 -1.0753263e+00
  4.2058110e-02
  5.2903348e-01
 -1.1895112e+00
  3.8652014e-02
 -5.9602398e-01
 -1.7545998e-01
 -2.4398574e-01
  2.2930054e-01
 -2.7141958e-01
 -1.3981962e-01
 -2.1822533e-02
  2.6595685e-01
  3.4994510e-04
 -1.2222300e-01
 -3.7190360e-01
 -7.7669549e-01
 -1.0466380e-01
  8.3809152e-02
  6.2314278e-01
  1.3602325e-03
  9.0759449e-02
 -2.1852928e-04
 -7.3540971e-02
  6.2539326e-03
 -5.2330869e-01
 -1.0529164e-02
 -1.5713529e-01
  1.8355663e+00
 -3.0034997e+00
 -6.3311189e-02
  9.9493557e-01
 -1.8802065e-01
  4.1022032e-01
  4.3168060e-02
 -7.0198506e-01
 -2.3007748e-01
 -3.1289217e-01
  2.5924855e-01
  2.4303891e-01
 -5.1617384e-01
  8.1843212e-02
 -1.1462212e-02
 -6.5117151e-02
  3.0987713e-02
 -2.1601477e-01
 -8.6272761e-02
  2.8641446e-04
  6.6527826e-01
 -4.1261774e-05
 -1.1001504e-05
  3.1820814e-06
  3.9824264e-04
  6.9882772e-05
 -6.5585523e-04
  3.6500078e-05
 -3.9517274e-04
  1.4662612e-04
 -1.6280283e-04
 -3.4681268e-04
  1.9280805e-04
 -1.7863816e-02
 -1.9367272e-03
 -2.4841231e-01
 -4.3844402e-01
  1.1136360e-01
 -2.8930166e-01
  5.9412116e-05
  1.7552758e-05
 -1.7343201e-04
  1.7682931e-01
  1.4628342e-04
  2.2205834e-01
 -4.4032841e-04
  8.4108862e-05
  3.8586265e-01
 -4.0541818e-05
  7.0594507e-04
 -6.2017584e-01
  3.0948395e-01
 -2.7802307e-03
  2.6641963e-02
 -2.4114373e-05
  1.6323877e-04
 -1.0185826e+00
 -2.6231635e-04
 -2.6214818e-04
  7.7701450e-05
  1.3016199e-01
 -1.3391604e-04
 -4.6022337e-02
  3.5137288e-02
  4.1926021e-04
 -7.6184392e-02
  9.8735929e-01
 -7.7658159e-01
  1.1075921e+00
  3.2456486e+00
  6.1953897e+00
  4.3232455e+00
 -1.5251697e+00
 -1.1084345e-02
 -3.0397850e-01
  3.2156720e-05
  2.9785860e-01
  2.3941880e-03
 -9.9235070e-01
  3.5454141e-04
  2.4211893e+00
 -1.5726081e-01
 -9.8727119e-01
 -4.2287797e-05
 -9.9812508e-01
 -4.3177941e-01
  5.9081203e-01
 -2.7343458e-01
  1.1415817e+00
  2.7899531e-01
 -8.1248248e-01
 -3.7939001e-02
  3.1910357e-01
 -5.8961957e-04
  2.1804788e+00
  2.1737953e-01
  1.3520737e-01
  9.6403390e-02
  4.1141233e-01
  6.5340704e-01
  2.9373597e-02
  1.1482029e-01
  2.4795957e-02
  1.3775264e+00
 -8.2962912e-01
  8.8869077e-01
  4.9258915e-01
 -2.3692569e-01
  3.1016587e-04
 -2.0994976e-05
 -4.6665916e-01
  4.7455523e-03
  3.1735319e-01
  1.1306569e-03
 -9.1886558e-02
  4.9601071e-02
 -1.3774818e-01
 -3.7297449e-01
  2.8455262e-03
  8.2734898e-02
  2.6629609e-01
  2.5560098e+00
 -6.7034015e-03
 -2.0728973e-01
  2.3720753e-01
  2.1212447e-01
  6.9710422e-01
  1.8611033e-02
 -6.0292733e-01
  7.1744871e-01
 -7.6979297e-05
 -3.1499355e-04
  7.4040872e-01
  7.9148967e-04
  5.7593723e-05
  8.7584060e-01
 -9.2034424e-03
 -2.3760247e-01
 -2.0923907e-02
  3.5803983e-01
  3.2516393e-01
  2.1715590e-01
  3.3709761e-02
 -1.7726347e-01
  2.9918859e-02
 -3.1738910e-03
 -2.0531255e-01
 -1.9794177e+00
  6.0386998e-03
  6.0795981e-04
  1.4133186e+00
 -5.5346954e-01
  1.2148383e-01
  6.7631131e-01
 -3.5185650e-01
  1.3661546e-01
  6.5729283e-03
  2.6385084e-02
  3.5316758e-02
  4.2823954e-03
  3.1235391e-01
 -4.2565453e-01
 -4.2109221e-02
  6.5533948e-01
  6.9927089e-02
  2.3274092e-02
 -3.3183217e-02
 -2.3029558e-04
  2.0979917e-01
 -1.4562638e-01
  1.9582456e-02
  5.7029879e-01
 -1.0118102e-01
  3.8363287e-01
 -1.9112374e+00
 -3.3903277e-01
  3.4582069e+00
 -1.6360581e-01
 -3.4094137e-01
 -5.9076381e-01
  3.3449492e+00
  3.2347295e-01
  2.0640811e-01
  5.9630699e-04
 -7.3617790e-05
 -9.1918464e-06
  8.9206582e-01
  8.0774853e-04
  9.0811506e-04
  1.3789684e-01
  3.6436602e-04
 -2.6107629e-04
 -8.3226518e-04
 -3.2374880e-01
 -2.7938234e-03
  1.4888322e-03
  1.9898617e+00
  5.8155607e-02
 -5.6139946e-02
 -5.0525910e-01
 -3.0572963e-01
  3.0782371e-04
 -1.7222496e-02
  3.8457208e-04
 -1.5429711e-01
 -6.6329289e-05
 -2.9710285e-02
 -3.0093338e+00
  2.2236753e-04
 -5.6588268e-01
  4.8622649e-05
  1.3034136e-04
 -1.0893086e-04
  5.4081941e-01
  1.0838790e+00
  3.7893912e-01
  7.8815196e-05
  1.8073834e-02
 -2.3903427e+00
 -4.2952117e-04
 -3.7596925e-05
  2.9962563e-05
 -2.4687898e-04
 -6.7161441e-01
 -2.8948396e-01
 -1.6710277e-01
 -1.8748117e-04
  3.1726909e-01
 -3.3493182e-01
  2.0476477e-01
  2.1218257e-01
  1.0047411e-02
  6.4780140e-01
 -4.7816870e-01
  4.0954226e-03
  1.0947623e-01
 -4.7584388e-01
  8.8476911e-05
  2.8252660e-04
  2.4897206e-04
 -1.0962950e-04
  1.6914068e-04
  3.1011048e-04
 -4.0833838e-05
  5.7413650e-04
 -6.2103517e-04
 -3.5922491e-04
  1.8642750e-06
 -9.1437072e-01
 -2.2331350e-01
 -1.8535001e-04
  1.8485853e-02
 -2.4886124e-01
  5.7442019e-05
  4.7668744e-02
  3.5777804e-05
 -4.2709631e-05
  5.1932258e-04
  2.3735891e-01
  8.5183485e-05
  8.1501226e-04
 -2.6420557e-01
  1.2198989e-04
 -9.6087472e-04
 -2.2149021e-03
 -7.5399235e-04
 -9.3886303e-04
  2.5627606e+00
 -3.6487568e-04
  4.2425480e-02
 -1.5483412e-03
  2.4077194e-04
 -2.5809267e-01
  2.4845474e-04
  2.0722621e-04
  8.3172432e-04
 -1.2333733e+00
 -2.8912758e-04
 -4.6806708e-02
 -3.8699570e-01
  8.1330609e-06
 -1.6812477e-01
  2.1404749e-01
  1.6063803e-01
  4.8948232e-02
  6.9806247e-04
  6.7072803e-01
  2.6145926e-01
 -4.6560764e-01
  6.0234094e-01
 -1.1352075e+00
 -7.1368989e-04
  3.3778566e-04
  2.3530472e-05
  2.4702165e-01
 -1.0559378e-03
 -4.0108529e-01
 -9.3011755e-01
  9.5092636e-01
  1.1639369e+00
  1.0277499e+00
 -8.6864284e-06
  8.9775115e-02
  1.2761912e-01
  2.1693039e+00
 -1.0987674e+00
  1.7385848e-01
  1.1322656e+00
  2.4299355e-01
 -1.2793481e+00
  2.2920468e-04
  5.5349094e-04
  9.7629130e-01
 -3.3714336e-01
  4.3766576e-01
 -1.4789860e+00
 -2.4526863e+00
 -9.5800644e-01
 -3.3871774e-02
 -8.9231437e-01
  6.8029746e-02
 -3.8837379e-01
  8.4783769e-01
 -2.4067165e-01
 -1.0967245e-01
 -6.3147420e-01
  1.0400987e+00
 -3.0244872e-01
 -2.7749291e-01
  2.0118120e-01
 -1.6355389e-01
 -2.2061671e-01
 -9.5277530e-04
  2.2909759e-01
  4.4398865e-04
 -2.8675613e-01
  1.1883938e-01
 -3.1921923e-02
 -5.5898193e-02
  3.5582730e-04
 -7.1769361e-03
 -2.1476202e-01
 -1.2243610e-04
  1.6682866e-01
  9.4477907e-03
  1.3158278e-04
  8.9498848e-05
 -9.7614262e-05
  2.3674044e-04
 -2.5382560e-05
 -4.0175974e-01
 -9.8014879e-04
  4.3586093e-05
 -2.1098562e-02
 -2.2936963e-04
  1.0590497e-03
  4.6002340e-05
 -9.7853877e-02
  3.2845974e-02
 -9.4008602e-02
  1.4731018e-01
 -2.0592710e-01
 -1.8897832e-03
  1.4161544e-04
 -2.2653737e-03
 -4.0353145e-04
  1.3255076e-01
 -3.5656101e-04
  5.3334862e-02
  4.4954685e-04
  1.8984818e-05
 -4.1527957e-02
 -1.5383001e-03
 -3.7386367e-04
  3.8791144e-01
 -4.8117765e-04
  6.1862387e-02
  4.6172016e-03
 -7.7455865e-05
 -1.5179851e-04
 -2.6165035e-01
  7.8035379e-04
 -8.8052446e-05
  2.4107069e-04
 -4.3939512e-02
 -1.5858577e-01
  4.9902084e-01
 -1.2255220e-03
  1.5180832e-04
  3.1163350e-01
  9.7172432e-02
 -5.6486517e-01
 -2.6047759e+00
 -9.0245169e-01
  1.3654971e+00
 -2.7133387e-01
 -1.6920884e+00
  2.7932827e-03
  9.7326618e-03
  1.0114365e-04
  3.5597375e-04
 -1.2057532e-04
 -1.6586512e-01
 -3.4298489e-05
 -5.4348993e-01
  1.1171536e-03
  3.6076101e-04
  5.1054015e-04
 -1.3524935e-01
 -2.1371534e-02
  6.5064341e-01
  4.5231414e-01
 -5.0149867e-03
  3.4281586e-03
 -1.8462531e-01
 -2.6450963e-03
 -4.6358734e-01
 -2.0869301e-01
  5.3568084e-02
 -1.7334445e-04
 -5.2094769e-02
 -2.4861725e-02
 -1.8033233e+00
  1.8478695e+00
 -5.4103564e-02
 -2.3285594e+00
  3.7177928e-02
 -6.9042449e-05
  7.8121650e-01
  5.1897466e-01
  5.7528587e-04
 -9.3139446e-01
 -1.2041889e-01
  1.6376573e-04
 -3.8798612e-01
 -4.0485454e-01
 -4.1210324e-01
  8.6375739e-04
  6.0662913e-01
 -3.3854145e-01
  2.8644168e-01
 -4.3865165e-01
  4.1914560e-04
 -9.2020112e-01
  9.4164670e-01
  1.6677190e-01
 -4.9832034e-01
  9.6167159e-01
  1.6811837e-02
 -1.5516889e+00
 -2.3016080e-01
 -6.0082132e-01
  2.5685124e+00
  7.9901409e-01
  1.3469356e-03
 -2.7036882e-04
 -2.5336990e-01
  9.6155811e-05
 -1.5645826e-04
  2.5915556e+00
  2.5507619e+00
 -7.0078013e-04
  8.4343249e-01
  2.1520838e-02
 -1.8594311e-01
 -5.8651572e-01
 -4.9427086e-01
 -1.1498201e-02
  9.7325552e-01
  1.7601837e-05
  9.0715200e-01
 -2.6591911e-04
 -2.7171764e+00
 -3.5997557e-05
 -1.1294270e+00
  1.8835056e-03
  7.6137877e-01
 -3.3089128e+00
 -4.3658163e-02
  4.4121337e-01
 -1.8639805e-02
 -3.2079124e-01
 -3.9021045e-01
  1.1049418e-01
 -5.4600306e+00
 -1.6372864e+00
 -9.6845776e-01
  1.3181565e-02
  2.6260680e-01
 -3.9906667e-05
 -1.1495550e-01
  1.3795619e-01
  2.8703156e-01
 -9.2299724e-01
 -1.4876808e-01
  1.6782586e-01
 -6.9746114e-02
 -1.6109647e-01
 -5.8438425e-04
  1.3461631e-03
 -1.7333163e-04
  1.0282127e-03
 -6.6105749e-05
  8.7792512e-05
 -4.7395236e-04
 -3.2306307e-05
 -3.0324487e-02
 -5.7885179e-04
 -2.7538085e-04
  2.3815694e-04
 -3.4282129e-04
  8.3923136e-05
  7.5922173e-05
  6.1856449e-04
 -7.5803615e-02
  3.1200083e-04
  5.5168633e-04
  9.2329581e-05
  3.0869126e-04
 -1.2276268e-04
 -1.9346095e-04
 -4.1611514e-05
 -1.9529506e-04
  1.7874320e-04
  3.8711310e-04
 -6.9962424e-04
  6.4958549e-06
  4.5151328e-04
 -1.1178313e-04
 -5.7645437e-05
  6.2491396e-05
  5.1496341e-04
  1.1059801e-04
 -9.2892573e-05
 -1.3033563e-04
 -3.4837776e-05
  2.0906705e-04
  3.8935506e-04
 -9.1186579e-05
 -2.4292865e-04
 -1.5279066e-04
  8.1082129e-05
  4.2791216e-04
  2.7104534e-05
 -2.6364537e-04
 -2.2060110e-04
 -9.8733472e-05
  6.3739187e-04
  2.8193783e-05
  1.4212688e-04
  8.4937936e-05
  1.2709862e-04
 -2.4019048e+00
  9.0645379e-01
  1.3052870e-01
  1.4186202e-01
 -3.1322491e-01
  2.0760110e-02
 -8.0077124e-01
 -1.9244799e-02
  1.4362751e+00
  3.3319785e-04
 -3.4809611e-03
 -7.4607815e-05
  2.0156884e-05
 -4.8814956e-04
 -8.9846849e-03
  1.4798285e-04
 -7.6124299e-05
 -6.3180510e-04
  1.0142818e-04
  1.8190962e+00
  3.6110872e-01
 -7.6422548e-01
 -2.8894150e-01
 -6.0409319e-02
 -3.0339614e-01
 -1.4975631e-01
 -1.0694410e-01
  5.3453660e-01
 -1.7901135e-04
 -3.1519554e-05
 -4.5614877e-01
  2.7320557e-03
 -1.8545824e-01
 -6.4499664e-01
 -1.3477817e-04
  3.9392015e-01
 -3.6032736e-02
  9.0145707e-02
 -9.6828634e-01
  3.1510976e-01
  4.2129776e-01
 -7.4575955e-01
  7.4673373e-01
  3.5221973e-01
 -2.3651910e+00
 -1.3455922e-03
 -6.4166100e-04
  5.4534417e-01
  1.4567922e+00
  3.6769386e-02
 -6.1764383e-01
 -6.5601110e-01
 -1.7998141e-04
  4.7030711e-01
 -7.2129883e-02
  1.4071618e-01
 -2.6609141e-01
  4.4180715e-01
 -1.0939879e+00
  3.7942538e-01
 -1.0700016e+00
  5.2405709e-01
  2.6023406e-01
  2.1204972e-04
 -5.5900629e-04
  8.9158595e-05
  1.3553217e-01
  1.0728851e-04
  2.1333300e-01
  7.3755932e-01
 -6.3852698e-01
  1.3198302e-03
  1.9385763e-01
  2.4775247e-05
 -3.6910873e-02
  8.6775506e-01
  2.1303701e-01
  1.5741690e-01
 -2.0733042e-02
 -5.6049854e-01
  7.0122182e-01
  2.9667479e-04
  6.5953112e-01
 -6.8237656e-05
  1.6268413e-01
 -7.5398173e-05
  3.1785448e+00
 -3.7338197e-01
  8.8895569e-05
 -1.1887277e+00
  4.8396315e-02
  6.7830592e-04
  4.8406459e-05
  1.5384011e-01
  3.1064716e-01
 -2.5426552e+00
 -5.4192442e-02
 -4.1951425e-05
  5.5173200e-01
 -9.6346207e-02
 -4.2171672e-02
 -7.4584208e-02
  2.4129736e-01
 -8.0769759e-01
  2.9362524e-01
 -1.9220750e-01
  1.8621869e-04
  5.9483659e-01
 -9.6432300e-04
  8.6218398e-04
  2.3356015e-05
  2.4934538e-04
 -6.4951084e-05
 -1.1221970e-04
 -1.1624912e-04
 -2.4765377e-06
  7.4599797e-05
  1.9664520e-04
 -1.4692426e-05
 -1.1917056e-04
  3.1459215e-04
  1.0092968e-04
  4.0343771e-04
  2.6895861e-05
  3.4086126e-05
 -6.5797637e-04
 -1.2619478e-04
 -3.6855665e-04
  3.5553148e-05
 -1.2307307e-03
 -1.8658723e-04
 -5.0571276e-04
 -9.2181406e-05
 -6.3198029e-05
 -5.6845276e-04
  2.2282841e-04
  2.0396302e-04
 -3.9425900e-05
 -1.1567789e-05
  1.0561093e-04
  3.9430000e-04
 -4.8370584e-05
  2.4604908e-04
  2.1211258e-03
 -1.0917217e-06
 -1.3152114e-05
 -5.0875277e-04
  1.6280006e-03
  2.4553074e-04
 -3.9770972e-04
 -5.4852816e-04
 -9.9132623e-05
 -2.8147598e-04
 -1.8218039e-04
  3.3697879e-04
  3.5160288e-04
 -1.8386396e-04
 -4.4151875e-05
  5.4931745e-04
  1.3175347e-05
  2.1746764e-05
 -4.2840384e-06
 -4.6400357e-02
 -2.1863738e-02
 -5.8924639e-01
  2.8037691e-02
 -2.3288821e-01
  6.1766617e-02
 -9.5499918e-02
  7.4905092e-01
 -5.1844984e-02
  6.8809299e-05
  2.1043379e-04
  3.6315463e-04
 -2.2139573e-02
 -1.3834055e-04
 -8.0652814e-04
  2.8336206e-03
  2.0935269e-04
  2.1976581e-01
  1.9914490e-01
  4.7817672e-04
  1.1083769e-03
 -1.0659496e-02
 -1.7859143e-01
 -3.1370455e-01
 -2.1211582e-01
 -1.5496412e-01
 -3.2075095e-01
  7.6429141e-01
  8.8574618e-01
 -4.9373746e-04
  8.8787861e-02
 -2.9238797e-04
 -1.1800712e-01
  2.9987895e-03
  1.6625564e-01
  3.1666136e-01
 -1.7218596e-04
  9.9448073e-01
 -3.0841941e-02
 -3.3942420e-02
 -2.8577852e-01
  7.5001724e-02
  8.5250817e-02
  1.3424421e-04
 -1.1480718e-01
  2.2473958e-04
  4.2853590e-05
  3.2685089e-01
  6.5715767e-02
  2.9252702e-03
  1.1263242e-01
 -6.7558110e-01
  1.1279689e-02
 -8.4713869e-02
  2.3128654e-01
 -4.7331601e-01
  1.3308519e-01
 -3.1521153e-01
 -9.2677690e-02
  7.1104127e-04
 -2.9393533e-01
  1.1357018e-02
 -2.4464315e-02
  3.7646320e-04
  1.0398314e-03
  3.5005520e-05
 -3.9968871e-02
 -7.2936047e-05
  2.0269457e-04
 -3.6923814e-04
  1.4741145e-04
 -2.5037822e-04
 -8.4959225e-05
 -1.1204581e+00
 -1.6471708e-01
  9.3437083e-02
  2.1824501e-01
 -1.6014919e-02
 -2.0556755e-01
 -2.2946030e-01
  1.9180217e-01
 -4.9756993e-05
 -3.5934043e-01
 -2.3707926e-01
 -2.2889762e-01
  2.1688751e-04
 -5.4285043e-01
  3.4496963e-01
  1.3802736e-01
 -1.4440228e-01
 -2.3380348e-04
 -9.3439789e-03
  6.4656103e-01
  9.4049443e-03
 -1.0912511e-01
  7.4540868e-02
  8.0571741e-02
 -2.9891897e-03
  2.5474778e-01
  7.4136970e-03
 -1.9851337e-04
 -5.0457929e-05
 -2.3323552e-01
 -1.2272912e-01
  1.9147770e-01
 -2.4072148e-01
  1.3519899e-04
  1.2021053e-02
 -2.1116670e-04
  8.9785899e-05
 -1.5467936e-04
 -8.2314661e-04
  1.9753759e-05
 -2.2213938e-04
  1.3806338e-03
 -1.9314748e-05
  6.7912471e-01
 -5.2608113e-04
 -1.1734269e-04
 -1.1156032e-04
  7.5271324e-05
 -2.3627070e-04
 -3.0351247e-04
  2.1393556e-05
  1.4604967e-04
 -8.3959247e-05
  7.9528865e-04
 -1.1556706e-04
  5.6103960e-04
  5.4633456e-06
  1.9530442e-05
 -2.5285987e-04
 -6.3126389e-04
  3.0492714e-05
  9.6683907e-05
 -7.3948351e-04
  4.9555732e-05
 -4.3952037e-05
  1.2047574e-04
  3.9670445e-04
 -9.2381169e-06
 -1.1073296e+00
 -2.6974690e-04
 -2.9956974e-04
 -1.6250593e-05
 -3.4637189e-05
  8.8271388e-04
  1.2460673e-05
 -2.8643582e-04
 -4.9462763e-04
 -2.9717098e-04
  4.2916639e-05
  2.0093659e-04
  8.8304012e-05
 -3.2677737e-04
 -1.9323181e-04
 -9.7705153e-05
  1.1650075e-04
  1.1561456e-06
  6.4958876e-05
 -1.5814669e-05
  5.7215753e+00
 -2.7194040e-04
  1.0198260e-04
  3.9320972e-07
  8.5031963e-05
 -1.3072259e-04
 -3.3866611e-04
 -3.7310263e-06
 -1.3050227e-04
  5.0831019e-05
 -1.4711040e-04
 -3.9116471e-06
 -4.5201097e-02
  4.6764713e-04
 -3.4797049e-05
 -6.6011463e-04
 -2.1493851e-04
  2.8371226e-04
  2.5862322e-05
  2.2913195e-04
 -1.1574913e-04
 -3.0821349e-04
 -8.9377246e-04
 -1.3729589e-04
 -2.5396463e-05
  6.8042180e-05
 -3.8349678e-04
  1.8629809e-05
  2.0434654e-05
 -5.7144178e-05
 -3.6532518e-05
 -1.3456224e-04
 -5.0968112e-04
 -5.2059340e-06
  3.0025240e-05
  3.3917906e-05
  5.5485690e-04
 -5.2768644e-04
  9.8583667e-05
  2.7196282e-05
 -6.7905599e-04
 -1.4567802e-04
  3.5254279e-04
 -4.1073459e-04
  5.3681964e-05
 -1.7371979e-04
  1.0223488e-04
  4.4035396e-04
 -2.3282143e-04
  4.0520663e-06
 -3.8371536e-06
  1.2446474e-05
 -3.9423245e-05
  1.2685262e-04
 -2.8546542e-04
 -2.9535909e+00
 -8.7597491e-03
 -3.2963032e-01
 -4.4078477e-02
  3.9249223e-01
 -5.7168886e-02
  3.6875751e-02
 -9.5981769e-02
 -1.2707103e+00
  1.4442293e-01
 -6.2986731e-04
  6.1403727e-05
  2.7187343e-04
  5.4092525e-04
  1.1759377e+00
  1.1255486e-02
  3.4397292e-01
 -1.0551435e+00
  7.9462838e-01
  3.7320501e-01
  6.0547207e-02
  1.9528350e-02
  1.9642180e-01
  3.8217269e-02
  1.0407935e+00
 -8.4647164e-04
 -3.4806497e-02
  1.2126300e-04
 -2.4775675e-01
  1.3619792e-04
 -1.3809995e-01
  3.2102983e-04
 -1.8174729e-01
  1.0379850e-02
  7.0013162e-03
 -1.6441827e+00
 -5.9958529e-02
  4.5530038e-04
 -8.4357262e-02
 -3.7607241e-02
  1.3415892e-01
  6.3551269e-02
  9.7514145e-02
 -8.7201988e-05
  2.3328909e-01
 -2.5401333e-01
  4.9034384e-01
  6.6938126e-01
 -7.5470001e-02
 -9.6137993e-02
  3.0990410e-01
  2.3510498e-01
  7.6993123e-02
 -2.8141767e-01
  1.5631193e-02
 -4.0532902e-02
 -2.0444654e-01
  1.1598561e-01
  2.6563721e-04
  1.8259456e+00
 -3.1023270e-01
 -6.0223359e-01
 -1.8851544e-01
  3.0863198e-04
  2.4805780e-05
  8.0873306e-06
 -7.4582601e-01
 -1.2896863e-04
 -9.4576855e-05
 -5.5818605e-06
  5.1213499e-02
  6.9798732e-01
 -9.5971435e-02
 -3.4105247e-01
 -5.4557484e-01
 -5.1482361e-02
  1.6956733e+00
  4.9555260e-01
  1.5516309e-01
  3.0932692e-03
 -5.1997751e-01
 -4.7003407e-05
 -2.2619842e-04
  2.0118291e-04
 -1.0235656e+00
  1.1813862e-03
  2.7244719e-04
  2.2913034e-01
 -2.5122767e-05
 -1.6292160e+00
 -1.4253790e-03
 -5.6186062e-04
  5.6031102e-05
  1.8602492e-01
 -9.6727818e-01
 -1.0456738e+00
  1.3634600e-01
 -1.4586340e-05
 -8.4726936e-01
 -3.8509746e-03
  6.4834597e-04
  3.9147139e-03
  7.4683607e-01
  9.7082537e-03
 -1.3884909e+00
  2.7629209e-04
  3.2648086e-04
  9.2663068e-01
  6.2549859e-02
 -4.6572942e-02
  6.9196224e-01
  6.2087423e-01
 -1.0688683e-01
 -1.3343935e-01
 -6.4893350e-02
  1.7401902e-01
 -1.0634411e-01
 -5.9791567e-04
  7.2269802e-05
 -2.9838496e-01
  5.5890559e-04
 -1.9715240e-04
  4.4129314e-04
  2.8045380e-01
  8.4911388e-01
 -1.2050788e+00
 -5.4195065e-02
  1.1907183e-01
  2.3108600e-01
 -2.4309168e-02
  1.4514187e-01
 -5.1785339e-02
  2.1323790e-01
  1.5078994e-03
 -1.1578508e-01
  1.5673297e-03
  4.7538286e-01
 -1.7575760e-01
  2.9557314e-02
  7.4279355e-04
  1.9850481e-01
  2.5861893e-02
 -1.4673962e-04
  3.4366497e-01
 -3.2443486e-04
 -6.5010168e-02
  1.0799880e+00
  1.2678909e-01
  2.3041898e-01
  2.6451549e-01
 -1.5686469e+00
 -2.0297543e-04
  1.4651100e-01
 -3.7999263e-01
 -1.1617952e-01
  2.4294081e-01
  1.0130438e-01
 -4.1742012e-01
 -9.1923356e-01
 -2.5360593e-01
 -3.6713618e-04
  1.2773314e-01
 -2.7541360e-01
 -3.4537287e+00
  1.1436456e-01
  2.6360452e-01
  8.9487296e-01
 -3.0756921e-01
 -7.0029968e-01
 -3.5615009e-01
  9.4377309e-01
  7.2199601e-01
  1.2489151e-03
  3.1507796e-01
  9.6818335e-02
 -1.4596691e-04
  5.1396418e-01
  5.7962286e-01
  1.7389274e-03
 -8.5245294e-04
 -2.2548151e+00
 -1.3835020e-01
  7.6273942e-01
 -5.7510245e-01
  3.3306512e-01
  4.1459733e-01
 -5.0100249e-01
  4.1552114e-01
 -2.8961176e-01
 -1.1079282e+00
 -5.8178097e-01
  8.0919563e-04
  4.9743250e-02
 -3.0509473e-04
  1.7148471e+00
 -2.5992620e-01
 -7.1090150e-01
 -6.1968517e-01
  1.3337372e-02
 -4.6050337e-01
 -6.8605059e-01
 -2.6388688e-02
  7.5752310e-02
  3.9068988e-01
 -2.6699517e-02
  6.9893092e-01
 -2.8476879e-01
  1.6724280e-04
 -2.0956693e+00
  2.7623889e-03
  1.3007318e-02
 -3.5787505e-01
 -7.6854342e-01
 -4.2298064e-01
 -4.9872187e-01
  6.3995928e-02
 -6.8937635e-01
 -2.3887479e+00
 -7.6960966e-02
  8.3152279e-03
 -9.1805153e-02
  1.9885447e+00
 -8.8758320e-01
 -1.1145777e-02
 -2.0617709e-02
 -3.6743996e-04
 -4.0598554e-04
  3.9355902e-04
  7.9439580e-02
  1.1716958e-04
 -4.2048751e-04
  7.5705349e-01
 -1.9186971e-04
 -2.3929420e-04
 -3.9769000e-01
  4.0537943e-04
 -2.7058097e-03
 -2.0004492e-02
 -1.3532462e-02
  5.4009813e-01
  4.8638129e-01
 -6.7381834e-04
 -6.0141391e-01
  6.7637680e-05
  2.6846223e-04
 -1.3054169e-03
 -1.8096464e-02
  5.2048970e-04
  2.1967223e-01
  5.8872271e-01
  7.4118449e-05
 -1.3636359e+00
 -2.1611920e-04
  1.1987206e-01
 -3.9365324e-05
 -1.4954371e+00
 -1.4144898e-04
 -5.1144105e-01
 -1.0377050e-03
 -2.1383281e-04
 -6.0751164e-01
 -3.1493543e-04
 -2.8348319e-02
 -6.8019552e-05
  2.9811338e-01
 -1.4371736e-02
 -6.7054659e-01
  7.1174823e-02
 -2.9215057e-04
 -2.9802081e-01
 -1.3077924e-02
  7.8632623e-01
  8.6362320e-01
 -6.8372428e-02
 -6.0737861e-04
 -1.0223340e+00
  4.9414399e-01
  5.0470632e-02
  1.3631424e-01
  4.1580314e-04
 -2.7735613e-04
  1.3553759e-04
  2.1420153e-04
 -5.9221254e-04
  4.9464197e-06
  1.2660717e-03
  3.6291228e-04
  1.7664382e-04
 -1.6382990e-04
 -4.1509062e-01
 -4.1567240e-02
 -1.0056486e+00
 -4.4458531e-02
 -2.0733066e-01
  2.5570283e+00
 -8.4205996e-05
  6.8366700e-03
  7.1475632e-05
 -2.2924336e-05
 -2.7939744e-04
  3.1469273e-05
  2.8736566e-04
 -3.2405913e-04
 -9.9583462e-02
 -1.1076095e-03
 -7.3564559e-01
 -9.0432259e-05
  2.3957444e-04
 -1.7177283e-05
  1.3919294e-01
 -2.5058817e-04
  3.1390283e-01
 -4.4869090e-04
 -7.7457196e-05
 -1.3985558e-01
  6.9876009e-04
 -1.3170407e-04
  4.4429220e-02
 -5.3565186e-01
 -5.1708717e-04
  1.3324672e-02
  1.0125318e+00
 -1.4633732e-04
 -3.1236634e-03
 -1.4498147e+00
 -1.1530807e+00
  1.7112074e+00
  1.1796479e+00
 -1.4864963e-02
 -1.0253834e+00
  5.7829189e-01
 -1.5031842e+00
  1.4201783e+00
 -1.4160630e+00
 -3.8553562e+00
  8.5941261e-01
  2.8727770e-01
 -5.4569691e-01
 -3.6291747e+00
 -7.4706858e-01
 -2.6507537e+00
  8.3890886e+00
  9.9967152e-01
  1.5025434e+00
 -5.8572018e-01
 -3.2497373e-01
 -2.6725903e+00
  2.9954070e-01
  2.3846498e-01
 -1.5931823e+00
  2.4350481e-01
  1.7185500e+00
  8.1772202e-01
  3.3486371e+00
  3.6408705e-01
  4.3048432e-01
 -7.8508800e-01
 -2.2054996e+00
 -2.5535493e-05
  7.9360867e-01
  1.7946552e-02
 -1.4096047e+00
  1.4458125e+00
  2.6827831e+00
  5.3449786e-01
 -5.2657998e-01
  9.9741720e-02
  1.2632611e+00
 -1.8768820e-01
 -1.9388517e+00
  2.9757807e-01
  1.0057981e+00
 -1.0030504e-01
 -3.9645023e+00
  1.5795636e-01
  3.0569846e-02
  5.0950706e-01
  2.9722039e-02
 -2.0847017e-01
 -1.7398222e-03
 -1.3504191e-01
 -1.8766983e-01
  2.9974580e-02
 -2.6506969e-01
  9.0136252e-02
  1.1032691e+00
  5.3642653e-02
 -4.9905793e-04
 -5.1826256e-04
  6.3494474e-05
  8.8602491e-03
  3.9841462e-04
  5.4686540e-04
  9.0943475e-05
 -9.8284669e-05
 -2.5186741e+00
  5.0185299e-01
 -1.2282097e+00
 -9.8561680e-01
  1.8706521e-02
  3.7237540e-01
  2.8656670e-01
 -2.3467438e-01
 -1.2988389e+00
  2.0656811e-01
 -1.9678053e-04
 -1.5566042e-01
 -9.0206144e-05
  4.8666589e-02
 -7.0295180e-05
  8.7299126e-01
 -8.9999670e-01
 -3.8340546e-05
 -4.5838779e-01
  3.7603569e-04
  2.5238343e-05
  1.1038888e-04
 -4.0593646e-02
  1.6524416e-01
  7.4254251e-01
  8.6392865e-02
  1.8015002e-01
 -3.6789134e-02
 -3.2888560e-04
 -1.1048539e-01
  2.1036102e-03
  2.3168722e-01
 -3.8973272e-01
  2.9182851e-01
 -2.4380544e-01
  4.0695915e-05
 -7.8029412e-01
 -1.2198569e-03
 -2.3943312e-02
  1.6352985e-03
  2.7071626e-04
  4.2568521e-05
  6.5764710e-02
  2.1493834e-01
 -5.1050186e-02
 -4.4155896e-01
 -3.8799932e-04
  5.9795915e-04
 -1.2453715e-04
 -8.1885204e-04
 -3.9217157e-05
  1.0939074e-04
  3.0378543e-04
 -1.1448376e-04
  4.0293210e-03
 -1.6105087e-02
 -3.3870101e-02
 -6.2826386e-04
 -5.1200736e-02
  5.3337967e-04
 -4.4743974e-02
 -2.1636771e-04
 -4.1586696e-04
 -3.6822680e-01
  3.9911724e-04
  9.7697077e-04
 -1.0009959e-04
  2.7668201e-03
  2.6251911e-04
  4.5341429e-05
 -3.0802056e-04
  4.1746540e-04
  2.3626279e-02
  1.5013230e-03
 -5.7595629e-05
 -2.1181761e-05
  6.1396598e-03
 -3.1115100e-04
  1.4315367e-04
 -2.8516066e-05
  1.3160784e-06
  5.9787620e-02
  1.8780476e-04
 -4.7945457e-05
  2.2088502e-04
  5.1437032e-01
  1.8255936e-02
  1.3106612e+00
 -1.5912041e-01
  9.6534187e-04
  4.5398858e-01
 -1.5262221e+00
 -2.9534814e+00
  1.5199660e-01
  1.7161563e-01
  1.4659683e+00
 -2.0520205e+00
 -1.0732936e+00
  4.5476198e-01
  2.0394917e+00
 -3.7564678e-04
 -3.7708227e-04
  7.8979938e-05
  9.9793135e-04
  1.7294082e-05
  1.0328637e+00
 -6.7547232e-01
 -1.8622938e+00
 -3.3039842e-03
 -6.6162646e-01
  7.4773264e-01
 -5.4400069e-01
 -6.4279109e-02
  8.8163090e-01
 -9.1891207e-02
  9.3172950e-01
 -1.5577879e+00
 -4.8133394e-01
 -1.1165971e-03
  6.1109412e-01
 -1.2033617e-05
 -1.6299556e+00
  3.2621913e-04
  1.3436328e+00
  3.5506573e-02
 -5.8334917e-01
 -1.8134557e+00
  3.4115035e-02
  1.9266045e-05
 -2.1695563e-01
  4.8520830e-01
  3.9232901e-04
 -2.5892597e-01
 -9.1434538e-01
  8.8180780e-01
 -7.2997826e-01
  4.9778948e-05
 -2.7908566e-03
  1.0977152e-02
  6.6480798e-01
 -1.4633989e+00
 -2.9490936e-01
 -6.9927134e-02
 -1.3097911e-04
 -2.2421224e-02
 -6.4427716e-01
  1.0107443e+00
  7.2806543e-01
 -1.2726821e-04
  1.1470685e+00
 -2.1884491e-01
  4.6340939e-02
 -3.6342166e-02
  7.3864609e-02
  2.5468346e-04
 -2.1786609e-04
 -2.3040891e-04
 -7.2828021e-05
 -1.4926762e-04
  1.3937794e-04
 -4.9145002e-04
 -2.7629976e+00
  3.4199572e-01
 -2.3312266e-01
 -2.3203599e-01
 -1.3040265e-01
 -2.6061955e-01
 -3.2911681e-02
  9.9909768e-02
  7.5486916e-01
  4.2659554e-04
  3.0446875e-01
 -1.7748062e-04
  6.2506846e-03
  4.8301680e-04
  3.5462904e-01
 -9.8852412e-05
  2.8001727e-03
 -9.0473187e-01
  4.3170349e-04
 -6.4466107e-01
  3.1069329e-04
  1.7060163e-04
 -6.3686329e-04
  2.7373506e-02
 -3.3889794e-01
 -2.1514790e-02
 -5.6798407e-04
  3.8989293e-04
  5.3350233e-02
  5.1356019e-03
  5.3681437e-05
 -4.5677312e-05
  5.0556022e-01
  1.1469553e-01
  2.2409353e-03
 -1.2829667e+00
  3.9019786e-05
  5.9818354e-02
 -6.7470617e-05
 -5.2214472e-04
 -7.3081930e-05
  4.7460042e-05
 -1.8069893e-04
 -1.7563388e-04
  5.4754305e-04
  2.6286763e-05
 -1.3741283e-04
  1.3991833e-05
 -1.7748939e-04
  9.6677315e-05
 -1.7032737e-04
  5.8356662e-05
  1.4776562e-05
  5.4150678e-05
 -1.5478628e-04
 -3.2650313e-04
 -7.7747274e-05
  7.0661603e-04
  2.2533824e-04
 -6.3639585e-05
  6.5511929e-05
 -1.0657913e-04
  8.7216642e-05
 -2.1539129e-04
 -1.7475328e-04
  2.4894177e-04
  1.6102662e-05
  1.6440351e-04
  2.5437430e-05
 -8.8007306e-05
 -2.6982813e-04
 -1.2769876e-04
  6.6570523e-05
  3.9374639e-04
  2.3525917e-04
 -3.2205637e-05
 -4.8296428e-05
  5.3858867e-06
 -1.0487610e-04
 -3.0756206e-04
  6.1982202e-05
  1.6374521e-05
 -3.7399834e-04
 -3.1897915e-05
  7.8554658e-06
 -1.2445176e-04
 -8.7451026e-06
  1.7268196e-04
 -2.1343954e-05
  3.6774858e-04
  8.0052222e-04
 -2.5808820e-04
  5.2508291e-02
 -5.9480506e-01
  9.2548333e-02
 -5.7295752e-01
 -3.0020617e-02
  6.4543545e-02
 -7.6080337e-02
 -1.8465462e-03
  7.8389591e-01
 -2.8434017e-04
  2.8903192e-05
  7.3634495e-05
  6.4353001e-01
 -1.1661553e-03
 -1.4072168e+00
 -4.9434495e-03
  1.2264748e+00
 -6.5589614e-02
  5.8426505e-01
  1.3968483e-01
  6.9573003e-01
 -1.1999723e-01
 -2.1077099e-01
  1.6213745e-01
 -2.2203925e-01
  4.3409023e-02
 -2.6272061e-01
 -3.0398153e-04
  7.5278491e-01
  7.6134747e-01
 -6.8122518e-01
 -3.9948672e-03
  1.7620006e-01
  3.6290255e-01
 -1.9750543e+00
 -1.9730835e-01
 -1.3610287e+00
  4.9524765e-02
 -3.3010253e-01
  3.9538589e-01
 -2.4080157e-02
 -3.8977340e-01
  1.4648399e-01
 -1.8953513e+00
 -8.1413031e-01
  4.1198686e-02
 -7.7553207e-01
 -1.4571841e-01
  6.0229170e-01
  8.4870952e-01
  3.2165211e-02
 -2.7489606e-01
 -9.3473160e-01
  1.0810650e-01
 -1.1110584e-01
 -1.7334728e+00
  6.4322859e-01
  5.3958297e-01
  8.7101929e-02
  2.0464857e-01
  6.8392408e-01
  1.0915287e+00
  4.0132519e-02
 -6.9829565e-04
 -3.3348446e-05
  3.8868492e-04
 -6.8276320e-03
  7.3619667e-05
 -1.5586331e+00
  6.0747725e-01
 -2.1133365e-04
  1.5080786e+00
  3.2986351e-04
 -1.0627410e-02
 -9.2859179e-02
 -2.4779752e-01
 -4.1507566e-01
 -3.3545676e-01
 -3.6632699e-01
  1.3818112e-03
  1.6519058e+00
  4.1268378e-01
  2.6560470e-01
  1.1388724e+00
 -9.4730094e-02
  3.4040175e-04
 -4.2991146e-02
 -6.2934831e-02
 -1.6842778e-04
  2.0530927e+00
  4.8677909e-01
  8.0543900e-01
  2.1761826e-03
 -4.9602002e-01
 -6.4193346e-03
 -9.1105634e-03
 -4.5849048e-03
  7.2105986e-06
 -1.0724678e-01
  3.3795854e-01
 -1.2137409e+00
  2.0178544e-04
 -9.1692376e-01
  9.5262174e-03
 -7.7823722e-01
 -6.5476219e-03
  1.9110937e-03
  6.4144999e-01
 -3.1923421e-04
 -1.4750157e-01
 -1.8873146e-03
 -2.2845872e-01
  1.3304691e-01
  1.6847044e+00
 -1.8535310e-04
 -5.5128080e-01
 -6.7066056e-01
  6.8467891e-01
  1.1079006e-01
  3.3859521e-01
  3.6540817e-04
  6.9620126e-01
  1.7742220e-01
 -2.9404747e-01
 -3.0386187e-02
 -1.1334486e+00
  1.3614544e-01
  3.6162145e-02
  3.4421778e+00
  3.5088634e-01
 -3.3618456e-01
 -4.7584508e-02
 -5.5156428e-01
 -6.4972550e-02
 -9.7289461e-01
  2.9340252e-01
  7.7986107e-05
  6.0844535e-01
  3.4423888e-01
 -8.7894223e-05
  1.6619239e-02
  2.7015463e-01
 -3.2330881e-04
 -2.3776441e-04
 -2.9286739e-01
  2.4470587e+00
 -1.9000215e-02
 -1.1296471e-01
 -8.9311785e-01
  2.7483469e-01
  1.1436031e+00
  1.2834942e-01
 -1.0039167e-02
  3.4601119e+00
 -3.4448668e-01
 -3.7065301e+00
 -3.9942381e-01
  7.6953870e-01
 -1.8435063e-02
  2.2355765e-01
  7.4879140e-01
  4.1412151e-01
 -4.1469166e-01
  1.4846246e-01
  6.2953462e-03
  7.2239310e-01
 -9.0768501e-02
  4.4540055e-02
 -3.6574784e-01
  3.6869845e-01
  2.5293259e-02
 -6.5832049e-01
  2.6498303e-01
 -1.1582333e+00
  1.6570963e-02
 -8.2164533e-02
 -2.5086722e-01
  2.0438638e-02
 -3.1974101e+00
 -7.6292932e-01
  9.8310983e-01
  6.6602655e-02
  1.4872237e-01
 -4.7846075e-02
 -5.8673993e-02
 -1.9868046e-01
  3.4152612e-03
  1.9247599e-01
 -5.2537434e-02
  8.2178451e-03
 -6.2258106e-02
 -7.1176596e-02
 -5.7423164e-05
 -2.8182332e-05
 -1.3516591e-01
 -3.6780208e-01
 -1.0211870e-01
 -1.2370335e+00
 -8.7686646e-01
 -1.9315149e-01
  2.5742689e-01
 -4.3056231e-02
  3.4494359e-02
  1.0285703e+00
  3.3543106e-02
 -3.7913109e-04
  2.6005435e-01
  2.8469092e-01
 -1.3939192e-04
  5.4687536e-01
  1.1665862e-04
 -9.8004304e-05
  1.9813697e-04
 -1.3478697e-04
  1.3533646e-04
 -1.1622599e-04
 -1.3170412e-01
 -2.9987565e-04
 -1.3568308e-04
  1.0608352e-04
  3.5944802e-04
 -1.7824990e-04
 -6.1015482e-05
  2.0579716e-04
 -1.5213516e-05
 -1.5609933e-04
  4.3355950e-04
  1.6476447e-04
 -1.4698169e-04
  4.4067373e-04
 -4.2913653e-05
  1.5093698e-04
  1.0839084e-04
  7.5950018e-05
 -1.3482810e-05
  1.8649599e-04
 -4.0529012e-05
 -2.5935276e-04
  2.0974303e-04
  1.5789703e-04
  4.3783791e-04
 -9.5967269e-05
  6.0861050e-05
  5.6063094e-05
  2.1967036e-04
 -8.0438163e-05
  1.1287584e-04
  1.2920963e-04
 -2.2121108e-05
  1.6935664e-05
 -1.8478520e-04
  1.3922318e-04
 -2.9111612e-05
 -9.1628310e-05
  8.1244951e-05
 -6.6405322e-05
 -7.6417840e-05
  9.3615294e-05
 -2.1582966e-05
 -1.1861911e-02
 -3.0307079e-04
  1.0580919e-04
 -6.2277514e-01
  3.1698339e+00
 -8.1061572e-03
  4.7319093e-01
 -1.3586910e+00
  9.5687816e-03
 -5.2491337e-01
  1.2162462e+00
  1.4713541e+00
 -1.5514894e-04
 -7.9372770e-01
 -2.4639630e-01
 -4.9613704e-05
 -2.5154406e-02
  1.4310691e-01
 -6.0580287e-04
 -6.2996784e-04
 -4.6749401e-01
 -1.0970863e-01
 -8.4149122e-01
  1.0116309e-01
  2.6293960e-01
 -5.4044915e-05
 -3.1008972e-03
 -5.8042846e-04
 -1.0361127e+00
 -2.0611156e-05
 -1.7146988e-01
 -7.5584751e-01
 -3.9718463e-05
 -6.2182158e-01
  8.1230355e-03
 -8.3939056e-04
 -1.7788653e-01
 -1.7626464e-01
 -2.0477790e-05
 -5.9908397e-02
 -1.2454688e-01
 -4.6387416e-01
 -5.9658661e-02
 -1.9031816e+00
  8.5759425e-01
 -8.3383614e-01
 -2.4900128e-01
 -1.5822171e+00
  2.4671646e-04
  4.4370029e-04
  2.1826499e-04
 -1.0511596e-04
 -7.2884402e-04
  3.5247323e-01
 -9.1818749e-04
 -2.9020747e-02
 -5.1108050e-01
 -3.6647448e-01
  1.8720156e+00
 -8.0897528e-01
  2.0828936e+00
 -2.4537888e-01
  7.2210199e-01
  1.0857246e+00
  1.5892452e+00
  2.4103410e+00
  1.5447728e-01
 -1.7879870e+00
 -1.0054046e+00
 -4.9406871e-02
 -1.1674781e+00
  1.0378355e-01
 -3.9968742e-03
 -6.5006655e-01
 -4.4420857e-02
 -6.4522564e-01
 -6.1182344e-01
 -1.4607884e+00
 -1.1805591e-01
 -1.4751494e-01
 -2.3557527e+00
  5.2457899e-01
  1.7373686e+00
  3.5850140e-01
 -3.2030022e-01
 -1.1401782e-02
 -3.2174957e-01
  3.1492277e-04
  4.9601600e-01
 -1.8535167e+00
  2.7804481e-02
  7.6878555e-03
  4.9950700e-02
  3.6726856e-01
 -1.0468233e+00
 -1.2284889e+00
 -3.3385873e-01
 -2.3387420e+00
  1.4918429e-01
 -4.9968164e-02
 -7.8910369e-01
 -4.2620376e-01
 -4.7672871e-01
 -1.9312327e-04
  5.3790939e-01
 -3.2981366e-04
  9.2245529e-05
  6.3326961e-04
 -8.0011079e-05
 -1.4291857e-01
 -3.3479024e-02
 -1.3712901e-01
  1.6989411e-01
  1.5359449e-01
 -1.0769941e+00
  2.8326386e-01
 -1.3283347e-01
 -1.0707241e+00
 -1.2385706e-01
  1.2204810e+00
  1.8682782e-01
  5.2560312e-01
  2.0735540e+00
  1.1894572e+00
  5.9231833e-02
 -7.3867768e-02
  9.3826674e-02
  6.6155337e-02
  2.4620492e+00
 -1.6983101e-02
  5.2478157e-02
  9.1577917e-02
  2.7116531e-01
  1.6082882e+00
  7.7293807e-01
  2.7987063e-01
  2.7376321e-01
  3.0974615e-01
  5.6056702e-03
  1.0873904e-02
  7.9606569e-01
 -5.9016097e-02
  2.0357232e+00
  2.3614147e-01
 -7.6328949e-03
  6.5092611e-01
  1.4174315e+00
 -4.0533888e-01
 -6.2048733e-01
  2.7810855e+00
 -4.0753245e-02
 -2.1189790e+00
 -8.4563188e-02
 -1.3289412e-03
 -5.7313353e-01
  6.8941280e-02
  1.1703994e+00
  1.4437902e-04
 -2.0640226e-02
 -3.3637276e-03
 -2.4063297e-04
  3.2493904e-01
  8.0339029e-04
  9.8318553e-01
 -5.5599766e-04
  2.1288366e-04
  1.8404213e-01
 -6.9186627e-03
  5.1969886e-02
  1.4130116e-04
  2.8428441e-04
  3.1844282e-04
  6.0454298e-05
  7.7447202e-04
  5.0717899e-05
 -1.1725658e-04
  4.8054571e-04
  1.6009244e-04
  9.5960750e-05
  2.0109458e-04
 -1.9633702e-05
  1.5894676e-03
 -4.6334177e-01
 -2.5916202e-06
 -1.6016129e-04
  1.2013013e-02
  1.9426944e-04
 -5.9446483e-04
  2.8533602e-04
 -6.7166795e-05
 -2.3151442e-02
  2.2150780e-04
  1.3940576e-04
  2.1043971e-04
  1.1546286e-04
  2.3746054e-04
 -2.0031419e-04
  1.9329118e-04
 -6.1675929e-04
 -7.0277747e-05
  6.9999885e-05
  7.5693394e-04
 -4.5692053e-04
  1.7134806e-04
  6.5678667e-04
 -8.7361521e-05
  1.8955566e-04
 -2.9144932e-05
 -2.7253323e-03
 -2.5409495e-04
 -2.0344675e-04
 -5.8821046e-05
 -7.1213064e-05
  4.1018036e-05
 -1.5470482e-04
  6.3974690e-04
 -5.5830755e-05
  1.8324600e-04
 -1.0829821e-05
  1.4330688e+00
  4.6879038e-02
  5.7985103e-01
  1.5881449e-01
 -2.5428233e+00
  2.4846263e-01
  3.1104770e-01
  3.0191543e-02
  1.0444010e-01
 -5.4516288e-04
  1.1793075e-01
 -1.5915060e-05
  1.3498405e-04
 -9.7328998e-02
 -9.4331102e-03
  4.6604346e-02
 -2.6760373e-04
  6.0589059e-04
  4.3916273e-01
  1.1468253e-01
 -6.4548403e-01
 -1.4183970e-01
  5.5485648e-01
  5.8943868e-01
 -2.5320661e-01
  1.7681572e-05
  5.1667515e-02
  9.3589264e-01
 -2.0151229e-01
 -1.1419227e-04
 -1.4571993e-04
 -4.3540496e-01
 -1.0878833e-04
 -9.8883712e-01
  5.9828454e-01
 -3.6507896e-01
 -7.0927839e-04
 -1.9444093e+00
 -6.8225213e-03
  1.6261490e-01
 -1.9832456e-01
 -1.1048042e+00
 -7.8974104e-01
 -1.4897862e-01
 -6.5495420e-01
  1.2708088e+00
  3.5803486e-04
 -1.3342840e-03
  1.9844095e-01
  1.1336222e-04
  6.4502138e-01
 -1.2799280e-03
  4.6546571e-04
  4.3011394e-05
 -2.5679372e-04
  2.1076804e-01
  4.7898570e-01
  1.1699350e+00
  5.0251521e-05
 -2.1659539e-04
  6.7332603e-02
 -3.4865076e-05
  3.3532392e-02
  2.9078926e-04
 -1.2365803e-04
  3.4400972e-04
  2.8059405e-04
  2.6050178e-04
  5.9247453e-05
 -5.4279946e-05
  7.7648081e-02
 -3.2352065e-04
 -6.5049517e-04
 -2.6498918e-04
 -4.4818690e-01
  3.9023609e-05
  8.2082376e-02
  7.7427765e-05
 -3.8763194e-04
 -4.8265790e-04
  7.0874310e-05
  2.1996093e-04
 -2.0256516e-04
  9.9143972e-06
  3.9891596e-04
  1.2201220e-04
  3.7403424e-05
  2.3863772e-04
 -9.8006185e-06
  2.5818360e-04
  1.0814347e-03
  3.3069297e-04
  7.1701495e-04
  3.7439208e-04
 -7.2428450e-04
 -4.5273564e-04
 -1.3019041e-04
 -2.7646860e-02
  5.1781128e-04
  4.9070513e-04
  1.3626032e-04
 -6.1761175e-06
 -5.1884788e-05
 -2.2476101e-03
  6.3705331e-05
  4.7448348e-06
 -2.5090881e-04
 -1.0749383e-04
 -1.7964580e+00
 -2.2564912e-01
 -6.8675840e-01
  3.0995929e+00
  6.2761814e-03
  5.5562299e-01
  3.0793462e+00
 -1.9788198e+00
  1.5764649e-01
 -2.8672872e+00
  2.2792008e+00
 -3.2266653e-01
 -4.2719283e+00
  3.5499027e-01
  1.3697851e+00
  9.5214345e-05
  4.7551459e-01
 -3.9884335e-01
  6.8221617e-01
  7.7657565e-02
  2.0603776e+00
  8.0944163e-01
  1.8054379e+00
  2.1928396e+00
 -2.4705422e-01
 -2.2807126e+00
  9.7246861e-01
 -4.4363461e+00
 -4.5456114e+00
 -1.5129566e+00
 -2.8207099e+00
  2.3175012e-01
 -4.7300572e+00
  1.5466397e-04
 -1.2768545e+00
 -1.8817052e+00
  1.3480605e+00
  1.1560103e+00
  1.3130370e+00
  7.5985923e+00
  1.8896772e-01
  1.2272173e+00
 -7.4148738e-01
  1.1913413e+00
  2.6924899e-01
 -5.6406581e-01
  2.7098813e+00
  1.2083634e+00
  3.8516033e-01
  1.0217532e-02
  7.6884443e-01
  1.4602987e-01
 -2.5644197e+00
  1.3816491e-05
  4.6718438e-04
  7.4838848e-05
  7.2934560e-04
 -9.5103409e-05
  3.5924179e-04
  3.1923955e-05
 -7.0741901e-04
  1.1321226e-05
 -1.0164672e-03
 -4.4209253e-05
 -2.0171763e-05
  1.0229508e-04
 -1.6932216e-04
 -2.7878099e-04
  1.7095357e-05
  2.1080150e-04
  1.2043741e-04
  5.2939210e-04
 -1.1283458e-04
 -1.1963971e-04
 -5.4666860e-05
  4.7803340e-05
 -9.6217816e-05
 -9.4116724e-04
 -1.5057821e-04
 -2.6671827e-04
  1.9126625e-03
 -1.4188311e-04
  2.2578286e-04
  5.4015487e-04
 -4.3547017e-05
 -1.6559166e-04
  1.4780561e-04
 -3.4966474e-04
  3.7071915e-04
  2.2334261e-04
  5.8203123e-06
  1.7717823e-04
 -1.5730162e-04
 -1.3146948e-04
 -8.1772858e-05
  4.1249537e-04
 -1.2713223e-04
  2.0787890e-04
  5.3050051e-05
  1.1920536e-04
 -7.0861875e-05
 -4.8726849e-04
 -8.7827302e-06
 -4.1280859e-05
  1.5557611e-04
 -1.9050810e-04
  2.4351533e-04
  4.1940257e-05
  5.5948482e-04
 -6.3107223e-03
  1.0928306e-03
  5.2053779e-01
 -2.3791231e-01
 -1.4639167e-04
  1.1048504e-04
 -3.0477587e-04
 -2.3603144e-03
  8.3861851e-06
  1.4842382e-04
  1.1851745e-05
 -1.4941554e-05
 -2.8620247e-04
  1.4687210e-01
  1.2799865e-03
  1.8973486e-05
  1.1771157e-05
 -2.2433544e-04
 -5.2243361e-04
  1.5799599e-04
 -6.1118335e-05
  6.6673284e-04
  4.6953105e-04
  5.5436180e-05
  2.9756172e-04
  1.6374199e-04
 -1.5515652e-06
 -5.5815023e-04
 -3.8615518e-04
 -6.9715163e-05
 -9.5188771e-05
 -4.2430616e-05
 -2.2958580e-04
  2.1935100e-05
 -5.7126323e-05
  5.4900038e-06
  2.3036374e-01
 -6.3489983e-04
 -3.2684093e-04
 -2.2760658e-04
 -1.6124533e-04
  4.3371422e-04
  5.5019167e-04
 -5.4717813e-05
  1.7031215e-04
 -2.8022379e-04
 -1.4714880e-05
 -1.5166050e-05
 -1.3894428e-04
  4.7348869e-05
 -4.4754976e-05
  2.3077202e-05
 -7.6185832e-05
  1.8817023e+00
  2.2067592e+00
 -1.6567426e+00
  1.5786080e+00
 -9.4695079e-01
  2.7857101e+00
  1.0460949e+00
 -5.1379573e-01
 -1.4064260e+00
  3.4691091e-04
 -4.5131426e-04
  3.7966628e-04
 -5.6317109e-05
 -4.2856817e+00
 -3.8662369e-04
  3.0789286e-04
  1.4695041e+00
  4.9290997e-05
  5.3932959e-01
  3.2922984e-04
 -9.9075830e-01
  8.4051549e-01
 -9.6816674e-02
  1.6085254e-03
  1.2124324e-04
  1.0917214e-01
 -6.1290890e-01
  1.6494673e-04
 -8.9550167e-02
 -5.0782226e-04
 -7.7092671e-05
 -3.1034772e+00
 -1.0368534e-04
 -2.0487659e-01
 -8.7892759e-01
 -1.5102952e+00
 -1.2942047e-04
 -8.0726836e-03
 -5.5992516e-04
  1.6355190e+00
 -1.6173901e-02
  6.0813755e-02
 -4.4417046e-03
 -9.9793506e-01
 -2.2784841e-01
  1.2132771e-03
  6.1762163e-05
  1.4568966e-04
  1.1637040e-05
  4.1347422e-04
  9.1666698e-07
  9.3702001e-05
 -2.6745656e-06
  6.0299254e-04
 -5.7951862e-01
  1.6120702e+00
 -1.9148155e-01
  8.0427456e-01
 -4.4580281e-01
  5.7599545e-02
  1.5653761e-01
  3.3000189e-01
  2.5851231e-02
 -1.0411308e+00
 -1.1094247e+00
 -5.6568313e-01
 -3.2989807e+00
  6.2044036e-01
 -5.9106940e-01
 -1.1999277e-02
 -1.2897643e+00
 -1.4136784e-01
  5.5001253e-01
 -4.5705298e-01
 -5.3382057e-01
  2.1312979e-01
  6.1267132e-01
  1.2284206e+00
 -2.0964645e-01
 -9.1010499e-01
  9.4781490e-03
 -9.2910701e-01
  4.6194360e-01
 -1.7537639e-04
  1.7668355e-02
  1.5098401e+00
  1.6436925e+00
 -2.8275895e+00
  1.0928931e-01
  2.3239352e-01
 -2.1401632e+00
 -3.0342843e-02
 -4.2292440e-01
 -9.7637826e-01
  3.5244635e-01
 -5.7864416e-04
  3.2408217e-01
 -3.1504002e-01
  1.6158946e-01
 -4.5436877e-01
 -2.1623837e-02
 -7.9791170e-01
  3.5869163e-01
 -9.2309153e-01
  8.6381629e-02
  1.3050890e-01
  7.3324591e-02
 -3.7422571e-01
  1.7542075e-04
 -2.7073154e-04
 -3.2562661e-04
 -2.1435080e-05
  9.4642921e-05
 -6.3637002e-05
  1.9723749e-04
 -1.1183506e-04
  1.7802186e-04
  4.0726908e-04
  6.1507679e-05
 -4.0826740e-04
  1.5026898e-04
 -5.5131363e-04
 -4.6494883e-05
  2.1715194e-05
 -3.0622598e-06
 -1.0960517e-04
 -5.0935912e-05
  1.0352246e-04
  8.9193745e-06
  4.8121445e-05
  5.3188100e-04
  1.3113470e-06
  6.8094810e-06
  4.1058582e-05
 -1.8873562e-04
  8.4280531e-05
 -5.5031949e-05
 -4.9224100e-04
 -2.3849339e-04
 -2.8178835e-04
  2.8055680e-05
  6.9841382e-04
  1.3997310e-04
  1.5263495e-04
 -2.0289206e-04
  3.0698560e-04
  1.0606045e-03
 -1.6954518e-04
  3.3838012e-05
  2.4788265e-04
 -3.4931989e-04
  5.7801354e-04
 -1.9320774e-04
  2.0283568e-04
 -1.1158811e-05
  4.2644315e-04
 -5.6819699e-04
 -2.8899300e-05
  4.0855597e-05
  3.3724551e-05
  1.4808381e-04
  4.0089421e-05
  2.3427360e-02
  2.3715603e-03
  1.0388801e-02
 -3.4706143e-03
  8.2201734e-03
  1.8987895e-03
 -2.9451119e-02
 -3.8576738e-03
 -6.9122249e-03
  4.5550358e-03
  2.8628433e-02
 -1.0055411e-02
  1.8389533e+00
 -3.8692493e-02
 -1.1875308e-02
  3.8284188e-04
 -3.5372604e-02
  7.8985982e-02
  2.6403486e-03
  5.9010752e-02
 -8.7960716e-04
 -1.8777013e-03
  2.9121228e-03
 -1.9649933e-04
  6.3693924e-03
  3.3657025e-03
  4.2318497e-02
  1.3140023e-01
  2.2504635e-03
  9.5462762e-03
 -2.1136366e-03
  4.1418907e-04
 -4.2657426e-04
  7.1545035e-02
 -2.7859227e-03
  4.9908897e-03
 -1.0025955e-02
  5.1487093e-03
  2.4782080e-02
  8.0839228e-03
 -1.0144290e-01
 -5.8708782e-03
  1.7202738e-03
  5.0785068e-02
  4.1415251e-04
 -2.0805348e-02
 -4.1105688e-01
  2.6380893e-02
  4.4135391e-03
  7.1759999e-02
 -3.7440710e-02
 -8.3787432e-03
  3.3724982e-02
  4.5477338e-02
  3.0797991e-01
 -1.1659113e+00
 -5.4819096e-02
 -1.1017067e+00
  4.6352401e-01
  1.9979507e+00
 -3.0168140e+00
  1.9878088e+00
 -1.4099302e+00
 -6.2642073e-05
 -3.2774839e-01
  4.2342686e-04
 -2.0334707e-01
  1.5280305e+00
  5.3834474e-01
 -5.7142130e-05
  6.6807562e-01
 -7.0132536e-01
  1.4733272e+00
  6.4962548e-01
 -1.4050772e+00
  1.2732446e+00
  3.5417143e-01
 -8.6440735e-02
 -2.6019567e-01
  7.4502401e-02
  2.4357878e-02
 -5.5546135e-01
 -5.4469983e-06
 -1.0452163e-01
 -4.1265363e-01
  3.0235371e-01
  4.4763132e-04
 -3.4162921e-01
 -4.2802316e-01
 -1.0464782e-01
 -7.4383959e-02
  7.1136874e-01
  2.5959415e-04
 -6.8710595e-03
  3.0991245e-02
 -2.2055728e-02
 -2.9174876e-04
  3.0552724e-01
  9.3760085e-01
 -2.6571365e-02
 -1.5420845e-04
  3.2375142e-02
  2.7778997e-05
  5.4900203e-04
  1.0427465e-01
 -8.7416841e-04
  1.6597483e-01
 -3.9035482e-03
 -6.0588062e-02
  3.1438115e-01
 -5.8345342e-01
 -2.1715717e+00
 -1.2682967e-02
 -4.1294944e-02
 -2.8937514e+00
 -2.8291973e-04
 -5.4225707e-01
 -3.1949043e-05
 -6.4772677e-05
 -2.5511798e-05
  4.0500303e-04
 -1.5789089e-04
  1.2222808e-04
  3.6365428e-04
 -1.8677558e-05
  1.7973251e-04
  4.2536418e-04
 -3.2743188e-05
  1.6804952e-04
 -4.6560537e-05
  1.6367667e-05
  3.4702520e-04
  6.9792768e-05
 -1.3831180e-02
  1.0711809e-04
  1.4912966e-04
  4.3315536e-05
  5.1789288e-05
  1.0128939e-05
  4.8053855e-04
 -2.1079116e-04
  2.3024372e-04
  5.4984464e-04
  2.8240951e-05
 -4.3467816e-04
  1.2106424e-04
  6.4400534e-05
 -5.1295955e-04
 -5.3186819e-04
 -4.8905738e-05
 -1.2165743e-04
  7.5840135e-03
  9.8770761e-05
  1.6151626e-04
  1.0155637e-04
  8.3758423e-05
 -3.8893870e-04
 -2.6448260e-04
  1.5188845e-04
  3.8566595e-04
  2.7622841e-04
  1.8269052e-04
 -5.2116543e-01
 -2.0095201e+00
  6.3036382e-02
 -1.3115116e+00
  1.8020036e+00
 -1.6588897e-01
  2.9477704e-01
 -1.7793779e-01
  1.0885370e+00
 -4.2271845e-02
  3.5293777e-02
  3.4089987e-06
 -3.7499610e-01
 -1.9877771e+00
  1.2867284e-02
 -1.7989336e-02
  5.1628258e-02
 -1.0460786e-02
 -1.3775697e+00
 -9.9965429e-01
  2.2533204e-02
  2.4839641e-01
 -2.8074258e-03
 -2.2441229e-01
  3.0673540e-01
  5.0739592e-01
  2.4722595e-04
 -5.5577722e-04
  1.9006982e-05
  4.4103791e-03
 -1.2661963e-03
  5.0022537e-01
 -7.5001240e-05
 -7.4381990e-07
  4.9504889e-03
  5.0275803e-01
  1.5135022e-01
 -1.3245220e+00
  6.3082889e-02
  4.0489651e-02
 -5.1076766e-02
  2.8457689e-01
  9.8970377e-01
 -1.0686405e+00
  4.5311484e-01
 -1.0435203e-05
  3.9373663e-06
  4.2899358e-03
  5.7177847e-05
  7.6729357e-06
 -1.7150571e-03
  7.8047300e-04
 -2.5476599e-02
 -1.3204542e-01
  2.8667736e-04
  5.2013028e-02
  5.9477212e-03
  8.3439172e-06
  4.3219660e-04
  1.7080999e-04
 -2.7621482e-04
 -7.9890975e-04
  2.8515549e-05
 -2.8888289e-05
  1.0340365e-04
 -2.7518912e-04
  6.6149018e-06
 -2.4508481e-04
  6.0477560e-05
  2.7219994e-05
  1.6179973e-05
  1.9130313e-04
  4.2030319e-05
  3.1762640e-05
  2.9178869e-04
  1.6550859e-04
  5.9753913e-04
 -3.6328103e-04
 -6.1917148e-04
 -7.8743768e-05
 -7.3631505e-05
  4.5633245e-05
  2.7922343e-04
 -9.9649105e-06
 -6.2184256e-05
  7.4148311e-06
 -5.3838344e-04
  1.1248988e-04
 -8.9082005e-04
 -1.7743385e-05
 -3.7767447e-04
  3.8673388e-04
  1.0404310e-05
 -5.4300392e-05
  2.7522059e-05
  2.9341571e-04
  2.5939384e-05
 -8.2956903e-05
 -3.9059110e-04
 -9.1350870e-05
 -7.3998759e-05
 -2.9259216e-04
 -1.7557142e-04
 -2.2377090e-04
 -5.6256884e-04
 -3.7097000e-04
 -3.9540141e-04
  1.6541326e-05
  2.3501561e+00
 -1.2059239e+00
  1.2899570e+00
 -2.6036036e-01
 -3.4159368e-01
 -1.8595098e+00
 -9.5381820e-01
  1.0409792e-02
 -5.8531964e-01
  1.4921320e-04
 -4.7485402e-01
 -3.4789183e+00
  1.3596236e-04
  1.1283933e+00
  9.2029426e-05
 -1.9952191e+00
 -2.8163252e+00
 -2.6002533e+00
 -1.6289448e-03
  1.9034960e+00
  6.0685158e-02
  5.4452860e-01
 -1.6442230e+00
  4.4958115e-02
 -1.6784410e+00
  6.8849236e-01
 -1.8245013e-02
  1.4704233e+00
  2.7434111e+00
  1.4768027e+00
 -5.9557907e-02
 -2.5342655e+00
  2.1747307e-01
 -1.1543463e+00
  5.3925281e+00
  2.0629330e+00
 -2.0833692e-01
 -2.5439063e-01
  1.7682983e+00
  6.0676746e-02
  7.7941668e-01
 -1.0575722e+00
 -3.4811397e+00
 -4.0763435e-01
 -1.0765220e+00
 -3.7490734e-01
  4.3046876e-04
  2.0328534e-05
 -9.5132965e-04
  7.1983389e-04
  2.6295793e-01
 -1.2095579e-04
  2.9931445e+00
 -3.0799696e-04
  3.0823475e-01
 -1.7456261e+00
  1.2582210e+00
 -7.1186024e-01
 -3.0521679e+00
  8.6881375e-01
 -1.1605601e-01
 -7.4462646e-01
 -9.1176742e-01
 -1.4474072e+00
 -5.5601522e-02
  8.3503164e-03
 -5.6587302e-05
  1.3661933e+00
  1.1083708e+00
  1.6882387e-03
  1.3794413e+00
  5.2873635e-01
  1.3418512e+00
 -7.8453445e-01
  1.2874085e+00
 -5.1055253e-01
 -2.3256989e-01
  1.1865172e+00
 -5.4114479e-01
  1.9873509e+00
 -7.6680118e-01
 -1.6750594e+00
 -3.8624473e-02
  1.9496270e+00
 -2.3305690e+00
  2.6098733e+00
 -3.6377028e-01
 -4.5463669e-01
  8.5836244e-01
 -6.2215960e-01
  4.5853031e-01
 -1.6908771e-01
  1.1002316e-01
  6.0585093e-01
  2.9560549e+00
 -8.9084947e-01
  2.2157831e+00
 -8.0325210e-01
 -2.6940656e+00
 -1.1541735e-01
 -7.7458751e-01
 -1.2810398e+00
  3.1075445e-01
  9.3251175e-01
  7.3936516e-01
 -5.0616335e-02
  2.0166693e+00
 -1.9087247e+00
 -1.6357077e-04
  2.8930251e-02
  1.3742385e+00
 -6.8596905e-01
 -2.4997948e-03
  2.5700359e-03
  3.5422275e+00
 -1.7488291e-04
  2.8496990e-01
 -5.8492209e-04
  1.6957917e-04
  5.5261295e-02
  7.6746993e-04
  4.3281532e-05
 -1.7051422e-04
  1.2690228e-04
  1.2260341e-04
  8.7617972e-04
  1.1219645e-04
 -5.5868929e-04
 -2.3874998e-04
  6.6081987e-04
 -6.7703044e-01
  1.6783531e-04
 -6.4534016e-02
  1.9167698e-04
  1.8801985e-04
 -2.9826787e-04
 -2.0545744e-04
 -1.7817260e-03
 -4.4311730e-07
 -2.7967209e-01
  4.0901880e-04
 -2.1941755e-04
  1.6277358e-01
 -3.6282587e-04
  5.1221275e-05
 -2.1473586e-03
 -3.4170598e-04
 -1.0379917e-03
 -2.5109767e-03
  4.3210643e-05
  1.8384153e-05
 -4.0607446e-01
 -1.0103171e-02
  1.6267489e-04
 -9.4276424e-05
  6.1783016e-05
 -8.5448191e-05
 -1.1599342e-04
 -3.3252563e-05
 -1.7499822e-04
 -1.6470102e-04
 -3.5650097e-05
  1.2380647e-02
  6.7166710e-01
 -4.1550937e-01
 -1.8222848e-01
 -1.5175630e-02
 -4.6698987e-01
 -9.7621292e-01
  2.8435361e-02
 -1.2849149e-01
 -3.3446157e-01
 -7.3613837e-02
  5.3887547e-04
 -1.8681374e-03
 -4.3370958e-02
 -8.5991363e-05
 -3.3575387e-04
 -1.3432064e-04
 -3.1217942e-01
  4.3133983e-01
 -4.8194179e-01
  1.9594226e-03
 -1.7099203e-01
 -3.5609177e-01
  1.8995520e-04
 -9.7722863e-04
 -2.1584690e-01
 -1.0027740e-03
  1.0831980e-04
  6.2170374e-04
 -1.5396450e-04
  3.5685964e-04
 -3.0544060e-04
 -3.9195488e-04
 -6.6508621e-01
  3.0510339e-01
  1.8196568e-01
  1.6879107e-01
 -4.1290015e-01
 -7.6811790e-02
 -1.2226958e-01
 -1.2254533e-02
  8.8618465e-02
 -1.0741930e-04
 -2.8642118e-01
 -1.5180098e-02
  2.8279909e-01
 -7.1321502e-02
 -3.0779162e-02
  1.0821284e-02
  2.3591331e-04
  8.8436687e-03
  2.2370741e-04
  1.0411210e-04
 -1.8932761e-01
  1.2272010e-04
 -2.9710931e-04
 -5.1499845e-04
  1.3934184e-03
 -1.4048837e-04
  2.4224719e-04
  6.5400993e-05
  5.3444318e-04
 -4.8775815e-05
 -4.5109668e-04
 -5.3308380e-04
 -1.0467861e-04
 -3.0401832e-05
 -4.0092124e-05
 -1.6259470e-04
  1.2025287e-04
 -3.4911817e-04
 -3.1558381e-04
  1.7809652e-04
 -1.5678225e-04
 -3.2047225e-05
  6.3963298e-04
  1.7560133e-05
 -4.9183185e-05
  5.3077638e-05
  5.1578168e-05
  8.7903514e-05
  8.3210660e-05
 -1.8188612e-04
  1.9051248e-04
  1.9472913e-04
  2.5037094e-04
  4.6963312e-04
 -7.6069823e-04
 -3.6912202e-04
 -5.6919143e-05
  2.4204754e-04
 -2.9624245e-04
 -5.1049010e-05
 -1.3643790e-04
 -2.3754674e-04
  4.8665222e-04
  9.9138533e-06
 -5.2054766e-05
 -1.4905616e-04
 -2.8927810e-04
 -2.8619112e-04
  1.5661192e-04
  6.8391237e-06
  4.1818079e-05
 -1.8481915e-04
 -4.3032179e-04
  2.5419268e-04
 -6.7514175e-04
  3.8817778e-01
 -1.5393367e+00
  3.8784688e+00
  5.4237092e-01
 -5.5926192e-01
 -7.6590046e-02
  9.2336905e-01
  1.4157318e+00
 -1.1922978e-01
 -5.2862614e-04
 -4.6775911e-02
  4.9296748e-03
 -9.9635756e-05
 -3.5939500e-01
  1.1404284e+00
  2.5217875e-04
  1.6340558e-01
 -7.0958674e-02
 -1.0570183e+00
  9.9018612e-04
  5.6478822e-01
 -3.2821286e-03
  1.4965155e+00
  1.3879424e+00
  4.2601654e-01
 -1.6051999e+00
  2.2982361e+00
 -6.4079149e-04
  1.5766031e+00
 -3.5878822e-01
  1.3073461e+00
 -1.9318993e+00
 -3.6075756e-01
  1.6008857e-01
  5.4482836e-01
  6.7030206e-02
 -1.2315888e-05
 -5.3151273e-03
  1.3698718e-02
  1.9424949e-02
 -9.1419332e-02
  3.6448798e-01
  2.6298808e-02
  5.8798248e-01
  8.7030983e-01
  6.6816450e-05
  3.3724657e-05
 -4.5051984e-04
  4.2526730e-04
 -1.5404341e-02
 -3.8729853e-05
  1.5238326e-03
 -1.8868649e-01
  9.5694413e-05
  4.4436871e-05
  1.6135560e-05
  7.9544930e-05
  1.1793027e-03
  2.6400658e-04
  4.1024768e-04
  2.4950941e-04
 -3.6044771e-04
  8.9464174e-04
 -4.1554746e-04
  1.5603019e-04
  1.8163955e-04
  1.3994682e-04
  1.4018676e-03
  6.9748255e-04
  4.1310817e-05
  3.0331781e-05
 -1.0181044e-03
 -1.4099304e-04
  1.7270140e-05
 -1.6999239e-04
 -1.7332266e-05
 -1.9644564e-05
  4.4620483e-06
 -4.0491424e-05
  4.9428752e-05
  8.6160981e-05
 -8.8798515e-05
 -7.7824167e-04
 -2.2117585e-05
  1.7047518e-04
  1.2988310e-04
  2.4641855e-04
 -2.4239431e-05
  7.0980488e-05
 -6.9720052e-05
 -4.6598539e-04
 -3.2746833e-04
 -6.5488298e-04
  4.3755426e-07
 -1.6941085e-04
 -1.9045039e-04
  5.5065640e-04
 -4.3249209e-04
  5.1282323e-04
 -2.3582598e-04
  7.2121504e-05
 -2.7489616e-04
 -1.0395304e-03
 -4.9515592e-04
 -4.1497152e-04
  2.9768003e-04
  2.5589979e-04
 -6.5555098e-05
 -2.8241790e-04
  2.5345215e-01
 -2.1154515e-03
  2.3806538e-04
  1.9148458e-05
 -4.6819419e-04
  4.8878114e-04
 -3.7535591e-04
  1.0559670e-04
  9.3514987e-05
 -2.2481507e-04
  1.1682775e-04
  2.1253911e-05
 -1.0005903e-03
 -4.2225420e-06
  2.7055800e-04
  5.3190568e-05
 -7.1338043e-05
  8.5853286e-02
 -1.7574936e-04
  3.0409876e-04
 -3.8243149e-04
 -1.4396226e-03
  3.8338310e-04
  1.6773753e-05
 -9.8496675e-04
 -1.1321292e-03
  8.6386826e-05
 -3.5017350e-04
  2.0909988e-04
 -8.8336026e-05
 -3.0666854e-08
 -4.5561593e-04
 -2.3937679e-04
 -1.0697151e-04
 -4.0633441e-04
  3.4793629e-04
 -6.1528245e-04
 -6.1577884e-05
  4.1031184e-05
 -9.8065444e-05
  1.0029549e-04
 -3.3983373e-04
 -3.0054525e-04
  7.4131458e-05
 -4.9232104e-04
 -3.3506585e-04
 -2.5050159e-04
 -2.9112145e-04
  6.6567108e-04
 -3.4458473e-04
  1.0110201e-04
  8.9800873e-05
 -6.0850180e-05
 -5.5196896e-02
  3.8051743e-02
 -2.2866111e-02
  2.6311174e-02
 -5.6492118e-03
 -3.3382690e-03
  1.9955927e-01
 -6.0453522e-03
  2.8593938e-03
  1.7019223e-05
 -4.7629252e-02
  3.0561045e-03
 -4.5628098e-01
  2.0031105e-01
  1.1008916e-03
 -6.1674969e-04
  4.2046044e-02
 -2.5502378e-01
 -7.6167885e-04
 -2.9010361e-02
  1.9256402e-02
 -6.2138950e-03
 -2.0838143e-05
  7.2798942e-04
 -7.0538104e-04
 -4.0814359e-04
 -8.4999442e-02
 -2.1474916e-02
 -6.4974383e-04
  2.6492152e-04
 -1.2665655e-04
 -1.7661439e-03
  1.0297966e-04
  1.8711282e-05
  1.1951588e-03
  7.1116177e-05
  2.8921226e-02
  6.2341009e-05
 -2.5594780e-02
 -4.8317231e-02
  3.9274938e-02
  8.1870166e-05
 -3.2197495e-03
 -1.3669755e-01
 -6.7198626e-04
 -4.9504328e-05
 -3.4819337e-04
 -1.4224458e-05
  3.3641300e-05
 -2.2191640e-03
  5.3095759e-04
  1.1505352e-03
 -8.0222553e-03
  3.5773625e-04
 -2.5361881e+00
  3.3928743e-01
 -2.8039560e+00
 -2.3427024e+00
 -2.2341840e+00
  1.2724695e+00
 -6.2156516e-01
  7.0830390e-02
  2.9614704e+00
  1.8592285e-04
  2.6790395e+00
 -3.3925023e+00
 -3.4655553e-05
 -7.8250866e+00
 -1.9993085e+00
 -1.0248511e+00
  2.6627550e-01
  3.7607131e+00
  1.2276121e+00
 -2.9533727e+00
 -1.6545585e+00
 -2.8792679e+00
 -5.8925438e-01
 -8.0375209e-02
  6.7473221e-01
  2.4438225e-01
 -2.3707263e+00
 -2.9205339e-04
 -2.6842115e+00
 -8.3430290e-01
 -9.5411503e-01
 -1.9859635e+00
  2.0698284e-01
  4.7821445e+00
 -4.4804049e-01
  1.1163613e+00
 -2.0209847e-01
 -7.2506094e-01
 -1.2627214e+00
 -5.7076025e-01
  4.5833385e-01
 -3.9515048e-02
  4.6613913e+00
  2.9801090e+00
 -2.7380095e+00
  6.2245798e-01
  1.6289587e-04
  3.1455421e-01
 -9.3949288e-01
  1.9446850e-01
 -1.8109694e+00
  5.1749930e-07
 -2.9549778e+00
  2.5081810e-01
 -5.1440626e-01
 -1.5747815e+00
 -5.8691317e-01
 -1.1016937e+00
 -1.5692716e+00
 -1.4777090e-03
  1.5334030e+00
 -4.5074096e-01
  1.4902667e+00
  8.8654143e-01
 -8.5210067e-04
 -5.8046085e-01
  7.8946812e-04
 -4.7743101e+00
 -1.0146273e+00
  4.3397557e-04
  3.8008469e-01
 -4.1167393e+00
 -1.8603731e+00
  2.4398603e-01
 -8.4169674e-01
 -1.4412535e+00
  9.4453758e-01
  1.0941404e-02
  4.7398496e-01
  5.3380275e-01
 -5.9825648e-02
 -9.2444257e-05
 -3.0690444e+00
 -8.9609984e-04
  7.1485963e-04
  1.1207670e+00
 -5.0623150e-04
  7.2838759e-01
 -2.9926136e-01
  1.1574500e+00
  1.4845849e+00
  1.2094584e+00
  6.4531988e-01
  9.0229088e-01
 -2.0204771e-02
 -5.2691042e-01
 -8.1305903e-01
 -9.9017477e-01
 -2.3770452e+00
 -2.0335403e-01
  1.6990138e-04
  3.1928733e-04
 -1.4097966e-01
 -7.4467343e-06
 -7.2817063e-05
  8.0406520e-05
  9.5332134e-01
  7.3492620e-04
 -3.8293818e-01
 -2.9705414e-01
  3.0508733e-01
 -3.1130865e-01
  6.3932739e-02
  2.0876956e-01
 -5.6250489e-01
 -4.4439268e-01
  6.1785239e-01
  7.6246355e-04
 -4.6270263e-01
 -1.5639958e-04
 -2.9515228e-04
  4.7160935e-02
  2.3478644e-03
 -4.2623188e-04
  2.6931397e-03
 -3.8609754e-02
 -2.4044765e-03
 -6.7859895e-05
  4.4723714e-04
  3.0776420e-05
 -2.4854651e-02
 -2.7348715e-01
  1.0840560e+00
 -3.4952435e-01
 -1.7211626e-01
 -2.0977248e-02
  1.8949067e-04
 -2.4248443e-04
 -2.0848984e-05
 -9.3798830e-05
 -8.9319667e-04
 -1.8886621e-04
 -6.8900452e-05
 -1.2312862e-03
  2.3685853e-01
  1.5025446e-01
 -3.8079004e-04
 -1.8092813e-01
  6.1640628e-02
  1.1437388e-04
 -1.5907484e-04
 -5.1201875e-03
  2.0307767e-01
 -7.8904850e-07
  4.7702671e-04
  1.4798355e-05
  3.1418742e-05
 -6.9208624e-04
 -4.9257919e-02
  3.6785292e-04
 -1.8491944e-03
 -1.0314672e-03
 -1.5053684e+00
  1.9458938e+00
  2.5098526e-01
  1.8056420e+00
  4.6489075e-01
  9.7019726e-01
  1.5752447e+00
  6.1045802e-01
 -8.3541411e-01
 -9.7372464e-04
 -9.1628455e-05
 -4.0073002e-05
  1.9607881e-04
  3.1854652e-04
  3.6185361e-02
 -2.7222777e-04
  2.8405504e-02
  1.9736972e-04
 -1.7364187e+00
  8.4780680e-05
 -1.9537831e-04
  2.5946170e-01
  5.0619941e-02
  2.4683505e-01
  1.7384537e-03
  1.9318902e+00
  1.5184193e-04
  2.3425549e-04
 -6.4326572e-04
 -1.5175054e-03
  2.0721355e-04
 -1.3372606e-03
 -7.5657270e-04
 -1.3612864e-04
  5.6959863e-04
 -4.3867558e-02
 -2.0410547e-03
 -1.1639944e-01
  3.5420340e-04
 -4.3771838e-04
  1.9808087e+00
  2.1558227e-04
  4.0001437e-04
  3.6854228e-01
 -3.1711349e+00
  4.1914618e-04
 -9.0805355e-05
  6.2356872e-04
 -8.7864936e-04
  4.8135018e-05
 -1.7511182e-05
 -4.5092090e-04
 -1.2976511e-02
 -5.6839352e-05
  1.9518442e+00
  2.4983819e+00
  5.8508295e-01
  1.6530821e+00
  6.1200857e-01
 -6.0543793e-01
  1.2651892e+00
  5.6624496e-01
 -1.1387159e+00
 -1.1891054e-01
 -1.6151290e-01
 -8.8511425e-01
 -1.9832335e-03
 -1.1849308e+00
 -1.0614323e-01
 -2.2944751e-04
  1.4062490e-01
  8.3827693e-04
 -1.5528653e+00
  5.8554333e-01
 -5.1311749e-01
  7.3553914e-01
  9.5811981e-01
  3.3304906e-03
  8.6702243e-04
  6.8512082e-01
 -1.8960989e-01
  8.4489530e-01
  3.7699258e-01
  2.4415193e-02
 -8.4339082e-01
 -1.4118024e-05
 -1.8838968e-03
 -3.9124766e-01
 -3.7731916e-02
 -9.8536456e-01
  2.0056193e-04
  2.1680043e+00
 -1.1627843e-01
  9.9406317e-02
  1.1972406e-01
 -7.2494429e-01
 -4.4618884e-01
 -8.5599937e-02
  2.8416204e+00
 -2.2690846e-01
  6.6424720e-04
  5.0886840e-01
 -6.3662738e-02
  1.5361266e-03
  6.6499799e-01
 -1.1686924e+00
  4.5179430e-01
  3.8879336e-04
  9.1376022e-04
  8.0245234e-02
  1.2817967e-01
  3.2379162e+00
  2.7535748e+00
 -1.1699818e+00
 -1.6439252e+00
 -5.5437028e-01
 -3.8306795e-02
 -4.8147459e-03
 -1.3187494e-04
  1.9842022e-04
  5.9446838e-02
  1.6321625e-01
 -5.6481782e-02
  6.4285845e-04
 -2.4603073e-02
 -3.4036764e-04
 -3.7676145e-05
  3.0858692e-04
  3.3434388e-01
  1.9867046e-01
  1.9868056e-01
  9.9599701e-01
 -2.9214012e-04
  1.9103268e-01
 -5.8713624e-05
  4.2522341e-02
  4.0207353e-01
 -5.1662189e-01
  6.2856817e-01
 -6.7620385e-01
 -1.1427896e-01
 -2.0272462e+00
  5.7702655e-01
  1.6254987e-01
  9.5934718e-04
  3.0179638e-01
 -7.3043955e-04
  1.0988414e-01
 -1.1739761e+00
 -9.5916876e-05
 -1.0497924e-04
 -6.6583949e-01
 -1.8856570e-02
  5.8588211e-04
 -3.6263010e-03
 -1.3649596e-01
  2.5281226e-02
 -2.6705032e-04
  3.9805993e-01
 -4.1685969e-04
 -1.5002233e-04
 -6.7172652e-05
  7.5725310e-02
  1.0473726e-01
 -7.5592957e-02
 -1.5969659e-01
  7.1390671e-01
  2.7930918e+00
 -1.9022425e+00
  1.3435915e+00
  3.0086370e+00
  5.8215111e-01
 -8.2769036e-01
  1.2988006e-01
  9.5183009e-01
 -3.8521481e+00
 -5.0655866e-01
  5.3611697e-05
  6.8870373e-02
 -2.2598007e+00
 -2.6945493e-01
  1.5589759e+00
  7.8852773e-02
 -6.2931166e-04
  5.5335063e-01
 -8.1699573e-02
 -4.2400804e-01
  1.1299936e+00
 -9.9517685e-01
  1.3615155e-01
 -1.6807272e-01
 -1.4403316e-01
 -3.5973269e-01
 -7.6970272e-02
  6.7320353e-01
  1.7762995e-01
 -8.1455863e-01
  1.5272824e-01
 -6.6796136e-01
  1.0689094e+00
  1.9586337e+00
 -7.9210848e-01
  1.3968000e-01
 -2.1682286e-01
  4.3223879e-01
  5.6402355e-01
 -1.4849745e+00
 -3.9203176e-01
  7.1624905e-01
 -1.4001451e-04
 -4.2929291e-04
  7.8629278e-02
  2.1415798e-01
  3.9898958e-05
  2.0340106e+00
  1.1215298e+00
  1.2804441e+00
  1.6453358e+00
 -1.0976497e-02
  2.7807798e+00
  1.0205070e-01
  8.0927575e-01
 -4.0660911e+00
 -8.1135380e-01
 -1.6507028e+00
  3.5040507e-01
 -1.1423037e+00
  1.8449389e+00
 -1.9162351e+00
 -1.9037169e-01
 -1.7467035e+00
  7.9751038e-04
  2.3844485e+00
 -4.2091627e-02
  1.4519236e+00
  2.8824604e-01
  8.6050689e-01
 -1.0317074e-01
 -2.4046037e+00
 -1.8065860e+00
  5.5844581e-04
 -1.0683700e-01
  3.5335932e-02
 -3.9771789e-05
 -4.1864538e+00
  2.5043932e-03
 -1.1465775e-01
 -8.3111942e-01
  4.5092554e+00
 -1.1333351e+00
 -3.0026400e+00
 -3.8810229e-01
  5.2567047e-01
 -1.2873054e-01
  1.6213583e+00
  7.8125614e-01
 -2.0458872e+00
 -2.3986635e-01
 -1.0901885e+00
 -3.9259484e+00
 -1.6564420e+00
 -6.4613360e-01
  1.4936709e-04
  2.1628128e-01
  1.2978095e-04
  6.8813235e-01
  1.2830585e+00
  2.0653453e-02
  9.5790088e-02
 -6.8273606e-05
  2.9488739e-01
  1.5376537e+00
 -5.4021633e-01
 -1.3599728e+00
 -2.9572046e-01
  5.4595315e-01
 -5.3458080e-02
  1.1051260e+00
 -1.4152987e+00
  2.6552796e-01
  2.6215546e+00
  4.9370043e-05
  6.2491819e-02
 -5.8961320e-01
  9.1750053e-06
 -2.9168866e-04
 -6.4729017e-01
 -8.6718899e-01
 -2.7897787e-01
 -9.3625069e-01
 -1.4631268e+00
  7.2052944e-01
 -1.1257890e+00
  2.3004046e-01
  1.2285479e+00
 -9.8685932e-01
 -5.8553839e-01
  4.1143522e-02
 -6.3543206e-01
  3.4842193e-01
  6.2755408e-04
  6.8147242e-02
  4.6324280e-01
 -2.0497921e-01
 -1.2681569e+00
  1.5987465e-01
 -8.6828858e-02
 -6.8840343e-01
  6.0068703e-01
 -6.0997832e-01
  1.2962660e+00
 -3.5240147e-02
 -4.9215093e-01
 -2.9070723e+00
 -1.6382738e+00
 -2.2193040e-01
 -3.5965923e-04
 -8.1318605e-01
 -8.0656486e-05
  8.5965008e-02
  3.0804098e-05
  2.1933939e-01
  1.3124019e+00
  3.1700685e-05
  4.7806937e-01
 -1.0065758e+00
 -1.1104940e+00
 -2.2097311e+00
 -2.4820821e+00
  6.6639912e-01
  1.5767813e+00
  3.0047321e+00
  1.5130154e+00
  3.5989732e-02
 -7.5291693e-02
 -1.8221848e-01
  9.7293669e-06
 -1.4377704e+00
  6.9679791e-01
 -3.7051501e-05
 -2.9787169e+00
  1.1952678e+00
 -2.3430523e-01
 -5.1754680e-03
 -1.5507998e+00
 -1.0034558e+00
  4.7833414e+00
  2.5047210e-01
 -1.8141272e+00
 -7.6145285e-01
 -7.2268295e-01
  4.4695033e-05
  2.2920069e-01
 -1.3966022e+00
  5.4707259e-01
  1.1984559e+00
 -1.6885246e+00
  1.2144419e-04
 -9.2191435e-02
 -6.5773749e-01
  3.9912993e-01
  4.0719433e+00
  1.1784394e+00
  1.8321809e+00
  1.7129353e+00
 -1.1873271e+00
  1.1673733e+00
  1.4589498e+00
 -3.9108245e+00
  1.2628070e-01
 -1.1239599e-04
 -2.4944797e-04
  2.4491458e-03
  1.1942627e-04
  9.0142079e-03
 -5.4174394e-04
  2.2899179e+00
  4.4513305e-04
 -3.3840995e+00
  6.5661526e-01
  4.2094159e-01
  1.2809864e+00
 -5.8264506e-01
 -1.9040108e+00
 -6.0782778e-01
  3.9426890e-01
  6.9421506e-01
 -1.1017126e+00
 -1.4603262e+00
  5.3278818e-05
 -4.4021404e-01
  1.1862944e+00
 -8.8248104e-01
  1.7747008e-04
 -6.1535072e-01
 -3.3582693e-01
 -2.5922785e+00
  2.5789221e-04
  6.1527748e-02
  2.6102099e-01
 -2.3096719e+00
 -9.6360075e-01
 -2.0916009e+00
 -3.6553554e-02
  2.2348857e-01
  1.6131787e+00
  4.3463480e-02
  2.1837108e+00
 -1.1716800e+00
  1.1156551e+00
  1.7509100e+00
 -1.9478670e+00
  3.8432500e+00
  1.2333454e-02
 -9.1266453e-01
 -1.6089336e+00
  2.1777730e+00
 -1.4099486e+00
  3.8223180e-01
 -2.4261630e+00
 -5.1732244e+00
 -5.2403688e-01
 -4.2211251e+00
  1.1664360e+00
 -7.0309110e-02
 -1.0916165e+00
 -1.0194082e+00
 -1.8796294e+00
  5.2275013e-02
 -2.1503247e-01
 -7.5869507e-01
 -9.4555534e-04
  1.4087129e+00
 -1.1616218e+00
 -9.4141550e-03
 -7.2907358e-01
 -4.4739982e-01
  1.0281559e-01
  2.6122351e+00
 -4.5958976e-03
  2.3362253e+00
 -4.1431807e-02
  1.8675652e-04
  9.4652042e-02
  1.8992666e-04
  2.3432105e-04
 -4.8394181e-04
  4.8807260e-04
 -3.1977761e-01
 -4.9088860e-05
 -1.7206471e-04
  5.8703334e-04
  2.3699591e-02
 -9.8006822e-02
  8.1583559e-05
  6.7927132e-05
 -6.6921979e-01
  5.7218689e-01
  4.3850169e-01
  8.7535218e-06
  2.2362194e-04
 -7.6452857e-01
  5.6410078e-02
 -3.2718012e+00
  1.4865417e-04
 -1.3835622e+00
  1.1766837e+00
  3.6018612e-04
  3.7836615e-04
 -4.0052202e-01
 -6.7391299e-04
  1.9299742e-04
 -8.5738885e-01
  2.7773660e-01
 -1.3284655e-01
  6.8868023e-01
 -1.2082381e+00
  6.8094159e-05
 -3.1516611e-05
 -1.5023808e-04
  7.8557510e-05
 -5.3219674e-06
  2.9578039e-01
 -8.7386444e-02
  2.1593960e-05
 -1.2787378e-05
  1.8134071e-01
 -1.2426635e-02
  8.0413002e-01
 -6.5670806e-01
  1.3021544e-01
  3.5309315e-01
 -7.9436356e-01
 -3.7629690e-03
  1.9839267e-01
  4.2145494e-02
 -5.8348316e-01
 -1.5275508e-01
 -2.9248634e-01
  3.5817742e-01
  1.5091382e-01
 -8.4740910e-05
  1.9568682e-01
 -1.8756109e-01
  1.6317767e+00
 -9.8562849e-01
  1.1145151e-01
  1.2981160e-01
 -2.7224308e-01
 -8.0363348e-02
  8.3579355e-01
 -7.4714446e-01
 -2.4018519e+00
 -5.3276751e-02
 -2.5845793e-01
 -3.8407779e-01
  1.4491802e-01
 -8.1801921e-01
 -1.1819836e+00
 -2.0911402e-04
  1.3308352e+00
 -5.9424460e-02
  3.0177432e-01
 -2.0537567e-01
 -2.7425495e-01
  9.7630993e-02
  5.6629155e-02
 -4.4430953e-02
 -8.9497072e-01
 -2.5192149e-02
  1.7684807e-01
 -1.2315723e-02
  9.5242281e-03
 -4.6411774e-01
 -8.8315806e-04
 -6.4272702e-01
  1.9282616e-05
 -4.7863659e-06
 -1.3169970e-03
  2.9175673e-04
  5.5224373e-04
 -6.6654371e-05
  3.5280424e-01
  3.6206297e-04
 -4.3111737e-05
 -6.0655413e-05
 -2.4650176e-04
  9.4344148e-05
 -2.0012360e-04
  1.3239152e-04
 -1.0941331e-04
 -3.0516624e-04
  2.8722940e-05
 -5.4460517e-05
 -7.2247657e-04
 -3.2371789e-04
  2.1427965e+00
 -1.7728824e-04
 -8.5113134e-05
  7.5299788e-04
 -2.4576558e-04
 -1.7909890e-04
  3.6640049e-05
  6.2996894e-04
 -8.6749260e-06
 -3.2909572e-04
  1.7295494e-03
 -1.1025895e-05
  8.5002699e-05
 -2.6663245e-05
  1.0841757e-04
 -2.8119333e-05
  2.6163895e-04
 -4.4182935e-04
 -1.1161758e-04
 -2.7549280e-05
 -3.6759950e-05
 -1.9845981e-04
  7.3405122e-04
  5.0845434e-04
 -1.7228059e-04
  2.4709455e-04
  8.7974570e-04
 -1.4334518e-05
  1.1145943e-04
  1.8499934e-04
 -6.2315421e-06
 -7.6917827e-04
 -3.6847639e-05
  5.3550530e-04
 -1.7738650e-05
 -5.5208342e-04
 -7.0440023e-05
  1.6364755e-04
 -1.1298780e+00
 -7.5318927e-01
 -1.0991607e+00
 -3.2452863e-01
  1.5321450e-01
 -2.6175683e+00
 -2.7647680e-02
 -1.3473599e-01
 -7.7982642e-02
  5.1673281e-04
 -2.0155564e-01
  4.0541275e-04
 -3.8501166e-04
  1.1257311e+00
  1.6721864e-05
 -1.3040844e-04
  4.7101392e-04
  3.5696369e-04
 -8.6317706e-01
 -8.1057020e-04
 -3.0603707e-01
  1.5234353e-01
  1.1297376e-01
  7.5857423e-04
 -1.0770225e-01
  5.1408702e-01
 -7.9386026e-02
 -1.4126779e-01
 -2.1560124e-01
 -2.9883912e-04
 -1.7379258e-03
  4.4480890e-01
  5.4114775e-05
  6.2790175e-04
 -3.0412629e-01
 -2.6000536e-05
  4.3314554e-02
  2.9876053e-01
  2.1866657e-02
  1.2177858e-03
  1.1798221e-01
 -4.2591512e-04
  4.1576454e-01
  9.9420417e-03
 -1.0008174e-03
 -2.2626598e-05
  3.5838311e-05
  3.6404671e-03
 -2.2061411e-04
  8.8560977e-05
  2.7598440e-05
 -6.9361902e-04
  6.9593388e-04
 -2.6748747e-01
  2.2192144e+00
 -6.6063648e-01
 -1.7952404e+00
 -3.0528390e-01
  1.4856743e+00
  6.0779607e-01
  1.5895207e+00
 -1.7382047e+00
  2.2599918e-01
  1.0509428e+00
  4.1669102e+00
  3.8498554e+00
  2.1618893e+00
  1.5544869e-01
 -1.3255827e-01
 -8.1429504e-02
  2.1787295e+00
 -2.5969007e+00
  2.3792582e+00
 -4.4038168e-01
  1.5273952e+00
 -1.1568201e+00
  7.7355260e-01
  1.2984991e+00
  1.8398668e+00
 -1.0698006e+00
 -1.9552632e-01
 -9.8370332e-01
  2.7301166e+00
 -2.4159038e+00
  3.1103599e-01
 -8.4297532e-01
 -1.0167986e-05
  8.6934811e-01
 -1.3502530e+00
  1.1797336e-01
 -9.4273560e-02
  8.6730516e-01
  1.0637391e-01
  2.2455287e+00
 -9.5749015e-01
  1.7302062e-01
 -2.1030118e+00
 -4.1996589e-01
  7.0213550e-01
  4.8842030e-05
 -1.6749569e-04
  4.8571777e-01
 -2.0944545e+00
  9.2075574e-01
  6.6846490e-01
 -1.7747718e-01
 -7.3589332e-02
  1.2028084e+00
  6.0823208e-01
 -4.0518394e-01
  2.1621878e+00
  7.4537843e-02
  4.4339621e-01
  4.9410623e-01
  1.8160977e+00
  1.1428256e+00
  6.6786611e-01
  5.0640348e-03
 -2.3305656e-01
 -2.1559408e-02
  1.3035757e-04
  2.4082752e-01
 -7.0506139e-06
 -5.1923509e-04
 -1.6097195e-01
 -2.0363961e-01
 -1.7049687e-01
  1.7063934e-04
 -5.9245968e-01
  7.5736165e-02
  5.8288068e-01
 -5.9704678e-05
 -6.7015052e-01
  6.0773784e-01
  4.3890360e-04
 -1.1203104e-02
 -5.4226983e-01
  4.9215108e-02
 -2.9250529e-01
  1.1454473e+00
 -1.4198200e-03
 -7.1210765e-05
 -1.4217417e-01
 -1.4588193e-04
  5.5174013e-03
  8.4228176e-01
  1.7317312e+00
 -1.6458113e-01
 -1.6358439e+00
 -4.5311692e-01
 -6.3696196e-03
  3.2334635e-01
  1.3500351e+00
  5.7425066e-05
  2.4667879e-06
  2.9143976e-04
 -5.1639194e-04
  5.9563160e-04
 -3.8896251e-05
 -2.0805548e-05
  1.8153290e-03
  6.3239003e-04
  3.1104174e-01
  8.8234925e-01
  1.1277992e+00
  1.0107435e+00
 -4.5891094e+00
 -2.1011612e+00
 -1.2337784e-01
 -2.7063434e+00
 -1.7610240e+00
 -2.6255596e-01
  7.5011732e-05
  2.5186429e-03
 -7.0817396e-04
  1.1603830e+00
  1.6328203e-03
 -2.0795362e-03
  3.4035666e+00
 -1.3643057e+00
  1.5338330e+00
 -7.7538919e-01
 -1.4481524e+00
 -1.7226070e+00
  2.9605916e-01
  1.7328978e-01
 -1.0397035e+00
  1.4518251e-02
 -2.2627066e-01
 -6.9693109e-05
  1.9951230e-01
 -2.6185843e-01
  7.5022806e-05
  5.0355381e-01
  1.5415386e-03
 -7.2516036e-01
  2.6802170e-01
 -3.8189784e-04
  5.6396693e-04
  4.6756411e-01
  2.6720980e-01
 -2.6998016e-05
  7.3804932e+00
  1.5045068e-01
  2.0686042e+00
 -4.2313395e+00
 -1.2997727e+00
  1.3229048e-02
  1.3575866e-04
 -2.0320952e-04
  3.0699151e-03
 -1.8025959e-05
  5.0843847e-01
  1.4435666e-04
  5.4131099e-04
 -4.0970571e-04
 -2.1351597e+00
  5.1516056e-01
 -1.4359163e+00
 -9.7178674e-01
  1.1395670e+00
  6.5025106e-02
 -6.5775460e-01
  4.7038803e-01
  1.3249004e+00
 -5.1872694e-01
 -2.9762560e-01
  7.8472680e-01
 -7.9573220e-01
  6.2708539e-01
 -1.4753965e+00
  5.7134283e-01
  1.3251776e-01
  3.7110472e+00
 -2.0244312e+00
 -4.3973599e-02
  6.5130919e-01
  1.4554969e+00
 -7.8019035e-01
 -1.8925132e+00
 -7.7867085e-01
 -2.0168696e-01
 -2.4185950e-01
 -6.7183697e-01
  1.2442747e+00
 -3.1416047e-01
 -1.0449529e+00
 -4.5237485e-01
 -2.3584232e-01
 -8.1716102e-01
  1.9768865e+00
  1.9692728e-01
 -3.3906603e-01
 -1.6680251e+00
  9.1137290e-01
 -2.2012231e+00
 -6.0685683e-04
 -1.0918236e+00
  1.8507603e-01
 -1.2376735e+00
 -6.1225194e-01
  7.7722365e-01
 -1.1579594e-02
  6.8483073e-01
  1.1009878e+00
  1.2544498e-02
  7.7828765e-01
  1.8868536e-01
  2.1940787e+00
  2.4244912e-01
 -1.8107111e-02
  2.0949063e+00
  2.7911031e-01
  5.7927996e-02
 -1.5202389e+00
 -2.9592463e-01
 -4.6174073e-01
  1.4734299e+00
  8.7379193e-01
 -6.2810068e-05
 -3.3040395e-01
  4.5121543e-02
  3.6227878e-04
 -2.4825478e-02
 -3.2698758e-02
  2.5024015e-04
 -4.3204299e-01
 -2.3848371e-01
 -1.0250236e+00
  5.9288077e-02
  1.4370227e-02
 -6.3144274e-02
 -4.6199791e-02
  2.0563260e-02
  3.4210265e-01
  4.8758239e-01
 -2.3343470e-02
  1.4339368e-01
  3.4394767e-02
 -2.7717199e-04
  2.7920198e-01
 -5.9234496e-02
  4.7148916e-01
  1.5628919e-01
 -1.4713363e-01
  1.4218634e-04
 -1.1941000e+00
  4.6184450e-01
  5.3998345e-04
  1.0815662e+00
 -1.2690907e+00
 -6.2120801e-01
 -6.4189416e-01
  9.5838131e-03
  6.1404586e-01
  2.9263707e-04
 -1.8944797e-03
 -3.3665439e-01
  4.0256526e-04
 -8.4797116e-03
 -6.2153850e-02
  7.8419363e-01
 -4.3928197e-01
 -1.0967367e-04
 -2.9060655e+00
 -2.1983378e+00
 -6.9217962e-01
 -5.2256906e-01
 -1.1954020e+00
 -1.6986858e+00
  3.0310230e+00
  4.1428380e+00
  1.8242145e+00
 -1.1420561e+00
  3.1607971e-02
 -2.3063367e-02
  2.4827767e-02
  2.1003151e+00
  3.2817452e+00
 -6.0585426e-04
 -3.8607087e+00
  3.0609832e+00
  7.6299423e-01
 -3.4798831e-01
 -2.1152169e-02
 -3.7291496e+00
 -8.0851382e-01
 -4.1199043e-01
  9.0302683e-02
  2.8329811e-01
  6.5687668e-01
 -1.4094682e-01
  2.6374924e+00
 -3.1240488e-04
 -4.8181716e-01
  1.1631594e+00
 -1.8120252e+00
 -9.2439842e-01
  1.7152447e+00
 -8.4009558e-01
 -4.4852924e-03
 -2.7496026e+00
  1.7523323e-03
  5.3561288e-01
 -2.6380496e+00
 -4.1176838e-01
 -6.1045039e-01
  2.6139526e+00
 -9.8692310e-01
 -1.2004126e-05
  7.9980193e-05
 -1.1923412e+00
 -3.9046600e-01
 -1.7996761e-01
  3.5796326e-01
 -2.7226422e-06
  1.0541878e+00
  8.6406124e-04
 -6.0770220e-01
 -1.7287292e+00
 -1.3801851e+00
  1.6494969e+00
  1.8779881e-01
  2.5714922e+00
 -2.0597105e+00
  2.1739223e+00
  1.8679016e+00
 -4.1571417e-01
  1.7715123e+00
  3.6349871e+00
  9.4361919e-01
  4.3635511e+00
 -5.6266415e-01
  2.3433557e-04
 -3.6186844e-01
  1.0089592e+00
  1.2306558e+00
 -8.3383548e-01
  7.4358141e-01
  1.2139558e+00
 -6.1201323e-02
 -1.6687635e+00
  9.3135670e-02
  1.6934427e+00
 -4.3417180e-01
 -3.4275296e-01
  1.0381846e+00
 -1.4054216e+00
  5.5353183e-01
  2.7185688e+00
  1.5327646e+00
 -1.8278362e+00
  6.2623029e+00
  2.9026422e-01
 -1.9543259e+00
 -2.9355237e+00
  1.0843084e-01
 -1.3040080e+00
 -5.0961530e-01
 -6.4911366e-01
  3.6993043e+00
 -2.6059511e-01
  3.3501048e+00
  7.5065064e-01
 -4.7138616e-01
 -6.7682415e-01
  9.5770657e-01
 -1.4182190e+00
 -2.3446508e-02
  2.4909599e+00
  1.1094942e+00
  3.5126296e-01
  1.0141035e-02
 -3.1340827e-04
  4.3449774e-03
  3.6473321e-05
 -5.1550614e-04
  1.8725551e-03
 -2.6935391e-04
  1.5010651e-02
 -9.5783762e-06
 -4.4643901e-05
  9.9398457e-02
 -1.8428684e-05
  5.9372088e-04
  1.8124786e-04
 -4.9645506e-04
  8.2692812e-04
 -7.6935161e-05
  9.5016199e-05
 -2.9667770e-04
  1.6872486e-06
  1.0208340e-04
 -2.5130591e+00
 -2.9484196e-05
 -2.6158184e-06
  8.4189844e-05
 -1.8270200e-04
  5.3705199e-04
  5.3398351e-05
 -6.7710527e-05
  2.1898773e-04
 -3.7275488e-04
  2.5336944e-05
 -5.9735456e-05
 -9.7519264e-04
  8.4691979e-05
 -3.7003419e-04
 -1.6133595e-02
  6.4525689e-04
  4.8784792e-04
  9.5665047e-05
  5.2362382e-05
 -6.3449173e-05
 -1.1596201e-04
  2.5202383e-04
 -3.5166001e-04
  9.5352560e-05
  5.6154758e-04
  1.2056962e-04
 -3.6836442e-04
 -3.2791216e-04
  3.8348156e-04
  6.5853733e-01
 -7.7629113e-05
 -2.6533633e-04
  4.5507625e-04
  4.8106945e-01
 -8.1234954e-02
  2.0588512e+00
  5.5315456e-04
 -1.8332373e+00
 -4.0685368e-01
  2.3695817e+00
 -6.9684182e-05
  8.4748918e-01
 -6.0357320e-01
  6.1764544e-01
 -3.4083932e-04
  3.0607573e-04
 -1.1141276e+00
 -9.7402614e-01
 -1.2476737e-01
  1.4313720e-03
 -2.1172445e+00
  4.1085234e-01
  1.0319138e+00
 -1.1330417e+00
  1.2396356e-04
  2.4882452e+00
 -2.3994495e-05
 -3.1384960e-05
  3.5935497e-01
 -5.1201868e-01
 -1.1546586e+00
  7.9692996e-01
 -5.1050293e-01
  4.5924109e-01
 -6.5200359e-01
  7.1616226e-01
 -3.5131438e+00
 -1.1703781e+00
  6.0494699e-02
 -1.1474100e+00
 -2.7825476e-05
  8.6508155e-01
 -5.3568394e-04
  2.8640512e-01
  3.6598900e-01
 -1.9871232e-01
 -4.6800965e-01
 -3.2109922e-01
 -1.6299617e-01
  7.2935748e-01
 -1.1660575e-01
 -8.9071047e-01
  1.3025654e-02
 -3.7003818e-01
 -1.2477220e-01
  1.8384548e-01
 -4.0432379e-02
  9.0689927e-02
 -3.1781469e-02
 -1.8279991e-01
  1.2248991e-02
  4.5491245e-02
 -3.1568713e-02
 -2.4894646e-01
  7.3885978e-03
  1.0037307e+00
 -1.3500988e+00
  1.6313387e-02
 -2.1465680e-01
  2.1044130e-02
  1.1049617e-01
 -1.2930962e+00
  2.0392989e-01
 -2.2644754e-01
  1.1592923e-03
 -2.2982569e+00
 -6.9569220e-04
 -2.1619041e-02
 -1.7093408e-01
 -1.2138682e-01
  7.4349135e-02
 -1.3191509e-01
 -9.6900624e-01
 -1.1027402e+00
  8.5288346e-02
  3.5529748e-01
 -1.8882355e-01
  2.5509542e-01
  9.1089562e-02
 -1.5571004e-01
  4.8512217e-02
 -1.8804906e-01
 -6.0639781e-04
 -9.1112234e-02
  1.8890464e-01
 -3.8971835e-01
 -6.7599639e-02
 -4.0748489e-01
  1.2459121e+00
 -2.5441605e-01
  1.8918389e+00
  3.3874229e-02
  6.4310865e+00
  1.6550425e+00
 -1.7151233e+00
 -1.2476356e+00
  3.0477130e+00
 -8.8406152e-05
 -7.6477426e-01
  3.9469986e+00
 -1.4309101e+00
  1.8013296e-01
 -9.6766758e-01
 -1.9363104e+00
 -4.6810520e-01
 -5.8114034e-01
 -8.4825367e-01
 -6.0551190e-01
  1.6661146e+00
  2.3834402e-05
 -4.9624547e-01
  1.2029345e+00
  1.8416688e+00
 -7.0164132e-01
  7.1850836e-01
 -1.9436938e+00
 -3.1426036e-01
 -9.6972398e-02
 -4.2253008e-01
 -8.6432296e-01
  1.7241582e+00
  3.7692876e+00
 -3.2170045e-01
  1.6335522e+00
 -2.3880453e+00
 -8.1796658e-01
  3.9351003e+00
  1.5759045e+00
  5.8072144e-01
  1.5644373e+00
 -1.0313365e+00
 -1.0855172e+00
  2.6822594e-01
 -1.5754094e+00
 -7.1955383e-01
  4.4606060e-01
  1.0563571e-01
 -5.9628987e+00
 -2.2468805e+00
 -3.0467310e+00
  2.2831026e-01
 -7.1911955e-01
  7.8450805e-01
 -1.4740863e+00
  2.3556952e+00
  1.5310463e-01
  1.0316700e+00
  1.4278940e+00
 -1.5557836e-01
  6.7075762e-06
 -1.6314842e+00
  2.9735622e-01
  2.8865869e-04
  3.3162146e+00
 -5.2919617e+00
 -6.8562043e-01
 -1.7200640e+00
 -2.7011874e+00
  2.1221562e-01
 -3.1028008e+00
  4.0090446e+00
  1.8347654e-04
 -1.1425770e-01
 -1.2008674e+00
  2.3622689e+00
  1.3179530e+00
 -5.2872252e-01
  4.4023809e+00
  4.2264757e+00
 -3.2189503e-01
 -1.5768311e+00
  2.0306804e+00
  2.6870826e-01
  1.3645194e+00
 -2.4324298e+00
 -2.3669062e+00
  1.8677511e+00
  7.0787859e+00
  6.9418979e-01
  1.4400122e-01
 -8.4613258e-01
  1.8140951e-01
  1.0790806e+00
  5.1507288e-01
  3.7885995e+00
 -3.4148817e+00
  2.0909266e+00
 -1.3071716e+00
 -1.7909957e-02
 -2.7228892e+00
 -2.7952421e+00
  1.7130754e+00
 -8.0961740e-01
 -2.3551562e+00
 -8.7188554e-01
  3.6486559e+00
  2.9381445e-01
  4.6568188e-01
 -1.8392904e+00
 -3.1751058e+00
  2.4282827e+00
  9.9448567e-05
  5.1872298e-04
  1.4671913e-01
 -5.9905809e-01
  3.4156313e+00
 -4.5026784e+00
  1.5128456e+00
  1.5902922e+00
  1.1239792e+00
  2.9170375e+00
 -9.4043076e-01
  1.0012186e+00
 -3.1242955e-01
  1.2328629e+00
  3.3477662e+00
  3.8100711e-01
 -5.5979462e+00
  2.7297034e+00
  3.7365052e-01
  2.1778376e+00
 -2.9781430e+00
 -7.7607303e+00
  1.5365508e+00
 -1.9130365e+00
 -2.9457757e+00
 -4.6969972e+00
  5.3206933e-01
  6.5791690e-01
  1.0844750e+00
 -4.3936327e-01
  2.4021406e+00
 -2.7028868e+00
 -2.1186159e+00
 -8.3860123e-01
 -2.7960417e+00
 -1.1846928e-01
 -3.6259573e+00
  5.7600284e-01
 -2.4949477e+00
  2.6428018e+00
  3.2736745e-03
  2.6321450e-01
 -2.7600412e+00
  2.1347342e-01
  2.7248893e+00
  2.8708005e-01
  2.3814662e+00
  1.2745874e-02
 -1.7043257e+00
 -4.2655766e-01
 -1.7003033e+00
 -1.6430942e+00
 -8.5184278e-05
 -1.6804544e+00
 -6.7123780e+00
  3.4074585e+00
  2.9796212e+00
  1.0003349e+00
 -9.8727217e+00
  3.0495676e-01
  1.9609139e+00
 -5.3317652e+00
  2.6999066e+00
 -9.0987110e-01
  8.8414748e-04
 -2.6761878e-01
 -8.8116670e-01
  1.5735976e+00
 -3.8695328e-02
  3.3327794e-01
 -1.3316075e+00
  2.6537371e+00
  3.9602546e-05
 -1.2085892e+00
  3.3432391e+00
  2.3156643e-01
 -1.2464285e+00
  1.4219773e-01
 -6.3715014e+00
 -1.3558788e+00
 -1.0883899e+00
  3.5471985e+00
 -8.1646875e-02
 -1.3328036e+00
 -2.2792492e+00
 -5.9406275e-01
 -2.0193815e+00
 -1.4280013e+00
  2.2419724e+00
  4.1334405e+00
 -1.0500628e+00
 -5.5489618e-01
 -3.1619089e+00
 -3.6297379e+00
  5.7214272e-01
 -2.3862071e+00
 -8.6359572e-01
  1.2525362e+00
  2.7467823e+00
 -8.8588142e-01
 -8.0531126e-01
 -9.9199653e-01
  2.5029793e+00
 -1.3701880e+00
 -1.2064441e-04
  1.2706206e+00
 -8.5571682e-01
 -3.9373964e-02
  4.0619068e-02
  1.7840707e+00
 -2.7289894e+00
  1.6644723e+00
 -2.6834464e+00
 -5.4890662e-01
  1.8830608e+00
 -5.5913758e-01
  9.9757162e-06
 -2.2511029e-01
 -9.6411127e-01
 -6.8381304e-01
 -2.7956371e+00
  4.2269278e+00
 -1.3208186e-02
 -7.5048351e-01
  8.8267440e-01
 -5.0209391e-01
 -6.9643003e-01
 -2.0127749e+00
 -2.9040912e-01
  4.5196754e-01
  1.8576574e+00
 -1.4118673e+00
 -2.1899669e-01
  1.4649286e+00
 -2.4170703e-01
  3.0532134e-01
  1.6059729e+00
  1.0123991e+00
  9.7688824e-01
  3.0922258e+00
 -2.1360543e-02
 -1.2548274e+00
  1.8016219e+00
  1.0078231e+00
  1.5327413e+00
 -2.6691410e-01
  3.1577393e-01
  7.2700328e-01
 -1.2564282e+00
  6.1652970e-01
  6.0237569e-01
 -1.1446750e+00
  3.3635356e+00
  1.3134004e+00
 -1.6978422e+00
  3.2369838e+00
 -1.0222597e-04
 -6.2041527e-01
 -3.2074380e+00
  1.9914901e+00
  2.7339056e+00
 -2.3803061e-02
 -5.3039761e+00
 -5.6434453e-01
  5.7843242e+00
  1.1524006e+00
 -2.4071648e+00
 -1.9997178e-01
  2.9018195e-04
 -1.6050851e-01
  1.5547650e+00
  2.0879397e+00
  8.6015469e-01
 -2.1827037e+00
 -4.9664509e-01
 -3.7702620e+00
 -2.6929729e-02
  3.4209335e+00
  2.1129808e-01
  6.1436933e-01
 -2.0782146e+00
  1.3114727e+00
  8.2341723e-02
  3.9925179e-01
  3.0894554e+00
  2.7565689e+00
  3.5335653e+00
 -2.4619676e-02
  2.1583216e+00
 -6.2282819e-01
  1.8300923e+00
 -1.4861574e+00
 -5.4697657e-01
 -3.4160624e+00
  1.5229949e+00
  2.2411945e+00
  2.1683778e-01
  1.3733943e+00
  2.6796465e+00
 -1.5462339e+00
 -2.6634879e+00
  1.3686241e+00
 -2.0714073e-01
 -1.6309108e+00
  3.8732302e+00
  9.8182881e-01
 -4.2730507e-01
  4.3591909e+00
  2.2310675e-04
 -3.2265577e-01
 -2.2564447e+00
  1.0088012e+00
 -5.8147949e-01
  1.2832068e-01
 -1.5489165e+00
  4.9251390e+00
  1.0110379e+00
  3.6006806e+00
 -1.4205567e+00
 -3.8283374e+00
  4.3309770e-05
 -9.5627367e-01
 -6.7530308e+00
  3.9095223e+00
 -9.5632412e-02
  1.0940192e+00
  6.1486360e-02
  2.1753795e+00
 -1.3233689e-04
 -5.5034357e-01
  1.9954695e+00
  1.0834628e+00
 -2.3867412e+00
 -1.0928135e+00
  7.3787103e+00
 -5.8998408e+00
 -2.5365026e+00
  2.0207582e+00
  1.3423837e+00
  1.0600371e+00
 -1.0556886e-01
 -6.2979913e+00
 -2.4722264e+00
  6.1123693e-01
  2.4596980e+00
 -3.8299422e+00
 -6.2003011e-01
 -7.1167700e-02
  4.2527709e+00
  3.0871313e+00
  2.8314779e+00
  5.6253290e-01
  3.8667005e-02
  5.8669863e+00
  1.2906183e+00
  2.5446091e+00
 -2.5938100e-01
 -2.7088406e+00
 -6.3804430e-01
  2.1189530e+00
 -8.8249195e-05
  2.7666253e-01
 -1.3603742e-01
 -9.7041258e-05
  3.4626099e-01
 -8.6450225e-01
  1.3076756e+00
  2.4947806e-01
 -3.9677699e+00
 -6.8957739e-02
 -3.1623406e+00
  3.1014740e+00
  4.4787466e-06
  1.0034224e+00
  2.1842306e+00
 -9.5329279e-01
  9.6056865e-05
  9.7439831e-01
 -9.9073946e-01
 -6.7066592e-01
 -2.5428426e+00
 -1.8073205e+00
 -1.1987874e-01
 -4.1920030e-01
 -2.4227576e-01
 -7.8491890e-01
  1.2989358e+00
 -1.7651068e-02
 -1.9202307e+00
  1.4262273e+00
 -1.4989010e+00
 -4.3650098e+00
  2.2717045e-01
  3.3469760e+00
 -1.8104016e+00
 -3.4450347e+00
  1.1162802e+00
  3.8457792e+00
 -2.4923220e+00
 -1.0217756e+00
  1.5007329e+00
  8.8483885e-02
  2.9683468e+00
  3.0735716e-01
  6.1680269e-01
  3.9537296e+00
  2.7895465e+00
 -1.0012720e+00
  3.2611930e-01
  1.0764800e+00
  1.4791783e+00
  2.5485331e-01
 -5.2309988e-05
 -3.1172147e+00
  3.1269212e+00
  6.5039897e-01
  3.7776492e+00
  3.7605634e+00
  4.3504319e+00
  1.5248547e+00
  8.9428288e-01
  8.2680993e-02
 -8.1053209e-01
  9.3053800e-01
  1.5165779e-01
  1.1004851e+00
  1.5276456e+00
  1.0275285e+00
  6.0164509e+00
  4.7588873e+00
  4.1373949e+00
  1.7562805e+00
  1.7255744e+00
  5.4700432e+00
 -5.7899127e+00
  3.0018268e+00
  1.0051744e+00
 -3.5125518e-01
 -9.6096694e-01
 -1.6333871e+00
  1.5872207e+00
 -1.8501599e+00
 -5.2523911e-01
 -1.2906007e+00
 -6.0367866e+00
  8.5069299e-01
  7.3893599e-02
  1.4936082e-01
 -3.6619492e+00
 -1.8312989e-01
  2.0677919e+00
  2.5065765e+00
  2.4815977e+00
  2.3843977e+00
 -1.9510779e+00
 -6.9891059e-01
  1.0413831e+00
  2.3340669e+00
  2.2807052e+00
  2.1534200e+00
 -2.8150783e+00
  1.0395734e+00
  1.6609415e-01
  1.4933325e+00
  9.4333708e-02
  9.6346140e-03
  3.0284159e+00
 -1.3634936e+00
 -1.1535869e+00
  4.8424478e+00
 -2.1290421e+00
  3.1309326e+00
 -3.6236838e-01
 -1.4876461e-01
 -2.2403433e+00
 -2.0176737e+00
 -2.2645214e+00
 -4.7758207e+00
  2.7898810e+00
 -5.8939981e-01
  1.5423760e+00
 -1.4065913e+00
 -3.1135025e+00
 -1.3969190e+00
  1.8860730e+00
 -2.1308980e+00
  1.7891358e+00
 -2.3983119e-01
  1.0733292e+00
 -1.0096464e+00
 -3.6279731e+00
 -6.8056417e-01
  2.5509896e+00
  7.0967907e-01
  1.0990463e+00
  9.2721391e-01
  6.0793620e-02
  3.1997778e+00
  2.4619272e+00
  1.3796079e-02
  6.2562384e-02
 -7.0020423e-04
  3.4783676e-01
 -2.4609125e-01
  1.8000181e+00
 -2.2065377e+00
  1.7496583e+00
 -1.3257062e+00
  1.6457103e+00
 -2.0183444e+00
 -1.1178941e+00
 -8.4839404e-01
  1.1519036e+00
  1.8552554e+00
 -2.5879016e+00
  1.5628657e+00
 -2.9323170e+00
  3.5703340e+00
 -3.8863893e+00
  2.8947322e+00
 -1.6653504e+00
 -3.3626239e+00
 -1.8951403e+00
  3.4119031e-01
  4.2865446e-01
 -5.9987742e-01
 -4.9691373e-01
 -1.1503576e+00
  7.4831967e+00
  3.8119705e+00
 -2.5834784e-01
  9.0958810e-01
 -9.7617853e-01
 -6.2847745e-01
  2.2804031e+00
  7.4821126e-01
 -2.6547819e-01
  4.6523079e-01
  1.3778187e+00
  2.3223519e-02
  4.7450590e+00
 -1.5014527e+00
  2.9753573e+00
 -6.6539890e-01
  2.8637081e-01
  7.9461175e-01
 -1.3901545e+00
 -1.3774958e+00
 -7.1040606e-01
 -2.3140146e-01
 -1.0897449e+00
 -1.4024266e+00
  2.9900515e-01
  5.9137529e-01
 -2.8804619e+00
 -6.9736564e-01
  6.1690527e-01
 -1.1797844e-01
  7.7729982e-01
 -3.6246806e-01
 -1.7636753e+00
  1.9404946e-01
  1.1339794e+00
 -3.3785450e-01
 -2.4416976e+00
  5.5480266e-01
 -1.9180410e+00
 -9.7161984e-01
  2.7879645e-04
 -8.5854840e-01
 -2.3113730e+00
 -3.5843730e-01
  5.2754703e+00
 -3.8158977e-01
 -1.6547550e+00
 -2.5851810e+00
  1.1190466e+00
 -7.1943259e-01
 -2.1579998e+00
 -2.7337296e+00
  5.3428954e-01
 -1.0916100e+00
 -2.8194374e-01
  3.7075953e+00
 -1.2886554e+00
  3.3565207e+00
  2.9201646e+00
  6.9658208e-01
  3.9533302e-01
 -8.4218103e-01
  2.2719016e+00
  6.5661874e+00
 -2.6786833e+00
  1.3152558e+00
  1.4497254e+00
  2.5242978e-01
  3.2138571e-01
  6.9894028e-01
  3.7800312e-01
 -4.1542748e-01
 -2.7990770e+00
  6.6361320e-01
  8.0144906e-01
 -2.4910591e+00
 -4.7773412e-01
 -1.0097598e+00
 -2.0635643e+00
  1.1313379e+00
  1.3657335e+00
 -6.5653747e-01
 -1.3764191e+00
 -1.7356988e+00
  9.9394047e-01
 -3.6360255e-01
 -1.9333826e-01
 -1.6747627e-01
 -1.0166949e+00
  1.0517668e+00
 -4.0155253e-01
 -1.3796945e+00
  5.4244652e-02
  1.6370856e+00
 -4.9943509e+00
 -2.1193668e-01
  2.7417657e+00
 -3.5373038e-01
  2.4946144e+00
  1.1497047e+00
  8.3856040e-01
  3.8338275e+00
  2.8427246e+00
  6.4438903e-01
 -1.3790817e+00
 -3.5811741e+00
 -2.2449911e+00
 -4.4912000e+00
 -6.0016996e-01
 -1.9207768e+00
 -1.6719360e+00
 -5.6184185e-01
  3.0564684e-01
  1.3948847e+00
  1.0696998e+00
 -1.9806527e+00
 -2.6815611e-01
 -1.7152344e+00
 -3.4809208e+00
  1.7549500e-01
 -2.0450510e-01
 -1.2974317e+00
  5.7800990e-01
 -9.5999026e-01
 -2.5140760e+00
 -1.0916425e+00
  1.8673064e-01
 -3.3742842e-01
  4.9670988e-01
  1.1775459e+00
  8.6279547e-01
  6.0945112e-01
  7.3401314e-01
 -2.4649045e-01
 -1.5584649e+00
  1.5027606e+00
 -3.1521317e-02
  6.4504802e-01
  1.5761663e-01
  1.5290444e-01
 -1.3541805e+00
 -8.8998151e-01
 -4.3355800e-02
  1.7753261e-01
 -2.6980486e+00
 -6.5302072e+00
 -1.4287856e+00
  4.7709694e+00
  5.9988070e-01
  1.7705089e+00
 -4.1427392e-01
  1.4170685e-01
 -1.2234232e+00
  9.7625828e-01
 -3.8743138e-01
  1.0369433e-01
 -4.8068995e+00
  2.1232302e+00
 -2.5645554e+00
  1.2755736e+00
  3.3208632e-01
  7.5497735e-01
 -3.6883652e+00
 -1.5946034e+00
 -1.2669663e+00
  1.8335626e+00
 -1.2371260e+00
 -1.5621015e+00
 -3.2520511e+00
 -4.7371355e-01
  1.8527022e-01
 -3.1381152e+00
 -1.5398788e+00
 -4.1781884e-01
 -2.6942493e-02
  2.6614806e-01
 -1.8143833e+00
 -6.3017905e-02
 -7.8131777e-01
 -1.8638576e+00
  3.4815207e-01
  1.6429061e-01
  6.9950837e-01
 -2.7458692e-01
  2.9814906e+00
 -5.1333731e-01
  8.5840333e-01
 -4.5357546e-01
  2.5957773e+00
 -1.8477488e-01
  8.2160956e-01
  1.3328693e+00
 -1.6459554e+00
  3.1392062e+00
 -9.4274157e-01
 -5.0034928e-01
  4.3174094e-01
  1.3376417e+00
 -1.2141962e+00
  2.2886010e-04
 -8.9032316e-01
 -2.9835248e-01
  5.1188860e+00
  1.5996321e+00
  3.2593176e+00
 -1.1258261e+00
  8.0935878e-01
  3.8203833e+00
 -1.7416594e+00
  6.6486268e+00
  2.9369926e+00
  1.5972319e+00
 -7.3567510e-01
 -1.0337536e+00
 -1.0966887e+00
  3.0359766e+00
  2.5688455e+00
 -3.3853557e+00
  1.9659536e-01
 -1.6373612e+00
 -2.0830278e+00
  2.5863159e+00
  2.1339960e+00
 -1.3908349e+00
 -3.8850212e+00
  1.2178934e+00
  1.4819657e+00
 -6.2058008e-01
 -4.8756349e-01
 -1.1356953e-01
  8.0421919e-01
  3.0878690e-01
  2.2375624e+00
 -1.1063783e+00
 -1.5508195e+00
 -2.6612222e+00
  1.1291085e+00
  1.7674159e+00
  3.9178990e-02
 -2.4066763e+00
 -1.4111266e-01
  2.4812024e+00
 -2.4893658e+00
 -1.3976197e+00
 -3.4948206e+00
 -5.6991994e-01
 -9.3890703e-01
  2.2439618e+00
 -3.0804339e-03
 -2.1153726e-01
  3.0057838e+00
 -9.6938062e-01
 -1.9947745e+00
 -5.1266408e-01
 -2.8696883e+00
  7.7706397e-01
 -1.3777641e+00
  1.0339903e-02
 -7.4906230e-01
 -9.8543257e-01
 -2.0859113e+00
 -1.8390101e-01
 -5.2286577e+00
 -3.9413112e-01
  1.4516870e+00
 -5.9615040e-01
  1.4973954e+00
  9.9838358e-01
 -1.1227504e-01
  1.2971187e+00
  7.2457254e-01
 -2.5430646e+00
 -5.4061227e+00
 -2.7551391e+00
 -3.7596998e-01
 -4.8472309e-01
  4.0170989e+00
 -3.6153233e+00
 -9.9333745e-01
 -1.3140242e+00
 -2.7483919e+00
  1.8570640e+00
  1.7991005e+00
  3.1568128e-01
 -1.1610166e+00
 -1.4731598e-01
  1.3156390e+00
 -4.5246989e-01
  3.0806082e-01
 -7.0206857e-01
  7.2753143e-01
  1.5163848e+00
  3.2078316e+00
 -1.6252880e+00
 -7.7564216e-01
  5.7183295e-01
 -3.1763570e+00
  8.8799649e-01
  5.2227718e-01
  1.6626340e-01
  3.8268292e+00
 -7.5867534e+00
  9.8362720e-01
 -2.3401632e+00
  4.1056104e+00
  2.2302336e-01
  2.4664140e+00
  1.2120974e+00
  3.6850874e+00
 -1.9332792e-01
  2.1216855e+00
  1.0027937e+00
 -1.3815278e-02
  6.4525013e+00
  1.1788198e+00
 -2.9552228e+00
  2.3665998e+00
  2.0751262e+00
  1.5473268e+00
 -7.7049184e-01
 -2.1489968e+00
  1.1661375e-01
 -2.0124671e+00
  3.0971131e+00
 -2.0955155e+00
 -1.3086698e+00
 -1.5522569e+00
 -4.2571577e-01
  1.9942585e+00
 -2.2413042e+00
  1.4068539e+00
 -4.0219707e+00
 -1.3007178e+00
  1.9065167e+00
 -1.3866616e+00
 -1.1642823e+00
 -3.4001393e+00
 -1.1599438e+00
 -5.3472495e-01
  1.9972095e+00
 -7.7669340e-01
  1.9988857e-01
 -4.3269715e-01
  4.6021923e-01
 -3.1925477e-02
 -1.2798381e+00
  1.6497447e+00
 -3.2849967e-01
 -2.1765478e+00
  1.1408248e+00
  2.1300888e+00
  2.4561501e-01
 -5.9260607e-01
 -3.9862249e-02
  7.1944447e+00
 -5.3781617e-01
  5.0601416e+00
  1.2611394e+00
  7.2946811e-01
  9.9273759e-01
  1.0507507e-01
  2.1027668e+00
 -4.7351041e+00
  3.5093284e-01
 -4.1276362e-02
 -9.1349351e-01
 -3.6681764e+00
 -9.0212879e+00
 -3.2307775e+00
  1.7530943e+00
 -1.8694961e+00
 -4.6801267e+00
  1.2824682e+00
  2.8481176e+00
 -1.0452880e+00
  2.1162605e+00
  1.3518356e+00
  3.2739928e+00
  1.0885421e+00
  3.9489746e-01
  6.5212846e-01
  6.0459099e+00
  2.8201628e+00
  5.5970436e-01
 -5.3376751e-03
  3.7825462e-01
  2.2059102e+00
  2.7186484e+00
  7.4701941e-01
 -1.7155046e+00
 -2.6985965e+00
  2.7456577e+00
  1.4548765e+00
 -4.6080942e+00
 -2.7864647e+00
  2.1537457e-01
  9.3730569e-01
 -1.4483463e+00
 -1.3156886e+00
  2.1540691e-01
  6.8188488e-02
  6.8188488e-02
  6.8188488e-02
  6.8188488e-02
  6.8188488e-02
  6.8188488e-02
  6.8188488e-02
  6.8188488e-02
  6.8188488e-02
  6.1291475e-02
  6.1291475e-02
  6.1291475e-02
  6.1291475e-02
  6.1291475e-02
  6.1291475e-02
  6.1291475e-02
  6.1291475e-02
  6.1291475e-02
  2.8731015e-01
  2.8731015e-01
  2.8731015e-01
  2.8731015e-01
  2.8731015e-01
  2.8731015e-01
  2.8731015e-01
  2.8731015e-01
  2.8731015e-01
  5.0715774e-02
  5.0715774e-02
  5.0715774e-02
  5.0715774e-02
  5.0715774e-02
  5.0715774e-02
  5.0715774e-02
  5.0715774e-02
  5.0715774e-02
  4.8323322e-02
  4.8323322e-02
  4.8323322e-02
  4.8323322e-02
  4.8323322e-02
  4.8323322e-02
  4.8323322e-02
  4.8323322e-02
  4.8323322e-02
  4.9773318e-01
  4.9773318e-01
  4.9773318e-01
  4.9773318e-01
  4.9773318e-01
  4.9773318e-01
  4.9773318e-01
  4.9773318e-01
  4.9773318e-01
