nep4 2 W Te 
cutoff 5 5 19 19
n_max 8 8
basis_size 12 12
l_max 4 2 0
ANN 50 0
  2.5608912e-02
  3.9975870e-02
 -8.7024897e-01
  6.0053080e-01
 -9.5994473e-01
  9.0757221e-01
 -5.5865121e-01
  2.8773457e-01
  1.5236913e-01
  4.9110413e-06
  1.0088627e-04
 -2.8647050e-01
 -1.2472213e-01
 -1.5219364e+00
  2.0739071e+00
  1.9180712e-01
  1.7830069e+00
  1.2203986e-01
  1.6409680e-01
  4.7517870e-02
 -2.2662030e-01
  1.1747582e-01
  4.3616208e-01
 -3.9440438e-02
 -4.1772953e-01
  1.6507196e+00
 -5.8472699e-01
 -3.0812272e-01
 -6.8752664e-01
 -7.7280027e-01
  6.7300785e-01
  1.2907180e+00
 -7.0118922e-01
 -1.2876192e-04
  1.5446301e-01
  1.3481734e+00
  2.1268345e-01
  8.3492327e-01
  7.1765840e-02
 -1.4130107e+00
 -1.0354280e+00
 -2.8788906e-01
 -2.5644946e-01
  4.4448867e-01
  5.5571604e-01
 -1.9108325e-01
 -1.4336939e-01
 -1.8120781e-01
  6.1170316e-01
 -6.2040263e-03
  9.0907699e-01
  1.9836795e-01
  2.2447532e-02
 -7.0929086e-01
 -2.0147189e-02
 -2.6103225e-01
 -2.6020744e-01
  1.3279825e-01
 -8.1671369e-01
 -6.2082177e-01
 -2.3361759e+00
 -8.1384689e-01
  4.9675784e-01
 -1.1343665e-01
  5.8260083e-04
  1.3663067e+00
  2.6537318e-04
 -1.2089523e-04
  4.3921726e-05
 -2.7360590e-04
  5.2304578e-05
 -1.7393985e-03
  2.9498005e-01
 -1.4414988e-02
 -1.9584963e-01
 -2.3170660e-01
  6.7404121e-01
  9.4301575e-01
  7.3912990e-01
 -5.4952420e-02
  1.9673314e-05
  9.7619614e-04
 -2.2204556e-04
 -5.4779292e-05
 -3.3122310e-04
 -6.7286395e-02
  6.3022472e-02
 -6.6951938e-02
  1.2185524e+00
  2.4457593e-01
  1.2734994e-04
  1.9018116e-05
  2.9100728e-01
 -2.5932786e-05
  1.0783950e+00
  1.1531997e-01
 -3.5655347e-04
  2.7663335e-01
  3.9471041e-02
  1.1756532e-01
 -3.3447781e-04
 -4.7245800e-01
 -7.9331793e-02
 -3.4537906e-04
 -6.6571316e-05
 -1.2089566e-02
 -5.8090850e-04
 -8.1130536e-05
 -2.8715882e-02
  1.9716538e-04
  3.4018319e-02
 -2.2568982e-05
 -2.7441698e-01
 -3.2290991e-05
 -2.7074218e-01
  1.8014936e-04
 -1.3753162e-05
  1.8693946e-04
  2.1682454e-04
  6.1874198e-06
  1.3289723e-04
  1.2072294e-04
  2.1482381e-04
  3.3486245e-04
  4.2588578e-04
  3.0092956e-04
 -2.8085455e-04
  6.7356916e-04
  9.6781245e-05
  1.9865626e-02
 -7.5064023e-04
 -4.6219262e-05
  2.8220308e-04
  2.2704326e-04
 -1.1091374e-04
  5.5162975e-05
 -1.6721223e-04
 -2.1675772e-04
 -6.8579338e-06
  4.1747311e-04
 -1.1977021e-04
  3.4729241e-05
 -9.0408104e-04
  1.6679474e-04
 -6.4684381e-04
  1.9349284e-04
  2.2862552e-04
 -7.5473054e-04
  4.6643356e-05
 -2.8637808e-04
 -1.3105589e-04
  4.7029935e-02
 -3.0688228e-04
  3.0625053e-04
  2.3683693e-04
  2.0205497e-04
 -5.9095339e-04
 -6.4992237e-05
  5.6957360e-04
 -2.5247392e-04
  6.0163875e-04
  1.7380615e-04
  1.2297750e-01
  2.0962782e-01
  1.5429041e-01
  1.8369596e-01
 -1.0973486e-01
  9.9811214e-01
  5.5912781e-01
  4.4537055e-01
  6.3645937e-02
 -8.6066179e-04
 -4.9732754e-04
  8.3853608e-01
  9.2463124e-01
  1.0229959e-01
 -5.5204844e-01
 -7.2258615e-01
  1.6358553e-01
 -1.2354302e-01
 -1.4899965e-01
  1.8491482e-02
  1.2968135e-01
 -3.0929250e-01
  4.1492409e-01
  3.1570265e-01
 -7.8761786e-01
  6.0688567e-01
  2.4274202e-01
  2.3014332e-01
  5.4614953e-05
 -3.7549657e-01
 -2.8745425e-01
 -7.7263549e-02
 -5.3796864e-01
 -8.1684268e-01
  4.2301614e-02
 -2.6297495e-01
  1.9103551e-01
 -3.3370773e-03
  1.1648662e-01
 -2.1435161e-01
  2.1267654e-01
 -3.0107442e-02
 -2.2442643e-01
  1.1220019e-01
 -4.1918106e-02
 -1.6267042e-01
 -2.6271111e-04
 -2.2934321e-02
  2.1974018e-01
 -3.2512948e-01
 -1.3381268e-01
  3.4502778e-02
 -1.9015854e-02
 -1.4200011e-04
 -1.7774805e-01
 -7.6976814e-03
  1.8099066e-02
  1.4837767e-03
  2.0778562e-01
 -3.3749402e-05
  1.2398355e-04
 -5.3464778e-02
 -2.9442486e-01
 -1.2254217e-04
  9.4373163e-04
  5.1221374e-04
 -4.5925903e-04
 -5.7225756e-04
  2.7067607e-04
  1.8627256e-04
 -2.4034330e-04
 -4.7808469e-05
 -1.5013317e-04
 -6.3538311e-05
  7.1534369e-04
  3.0180402e-03
  2.0014648e-05
 -3.4181701e-04
  7.5397737e-05
 -4.4468138e-04
  1.5054923e-04
  2.9356591e-04
 -9.2892820e-05
  3.1803671e-04
  2.6388717e-04
 -5.9956103e-04
 -1.9228185e-04
 -7.5233355e-04
  1.0519457e-04
  1.0028491e-03
  5.7374564e-04
 -1.2291822e-04
 -1.0364264e-04
  3.2572952e-04
 -7.0023199e-04
 -6.9702365e-02
 -6.5517903e-05
 -6.3450360e-01
 -1.1418412e-04
  6.9113943e-05
 -9.4808303e-05
  2.8286246e-05
 -6.0736049e-05
 -1.2421669e-04
  1.7426425e-04
  6.0703466e-04
  2.4233680e-04
 -1.9466880e-04
  5.3815812e-02
 -1.8059051e+00
  1.9798247e-02
  5.1272780e-02
  1.4603423e-02
  3.6883831e-04
 -9.3467295e-02
  3.7883714e-02
  9.4189636e-02
 -2.6812230e-03
  4.8051839e-04
  6.3356519e-02
  5.8111400e-05
 -2.6504518e-04
 -6.3045352e-04
  1.7807922e-04
 -9.6880377e-04
  7.9089405e-05
  2.3758137e-01
  1.3816961e-03
  2.0447341e-04
  4.5854485e-01
 -5.7079823e-04
  1.6890496e-03
 -4.3865707e-04
  7.7787913e-02
  3.6208028e-05
  3.7499038e-03
  2.5726444e-04
  2.0194685e-03
 -6.9928865e-05
 -1.0151695e-04
  1.6678861e-01
  2.5110686e-04
  1.6393043e-01
 -7.6831366e-06
  4.4509470e-05
 -2.8182525e-04
  4.6406090e-02
 -2.3727954e-04
 -5.0010282e-04
 -4.8536309e-05
  2.4243751e-01
  1.0033903e-01
 -9.0110943e-02
  9.6896142e-02
 -6.7385955e-04
 -2.9117361e-02
 -8.8035554e-02
 -1.8258612e-03
 -1.8551909e-04
 -5.2987516e-02
  1.7536277e-02
 -5.6555902e-04
 -1.8017361e-01
 -2.6824107e-02
 -1.6266698e-01
  1.1241938e+00
 -1.3748936e-01
 -2.1786393e-01
  2.8449196e-01
 -7.4647721e-03
  2.8964004e-01
 -1.9873896e-05
  2.8916285e-04
 -7.1749136e-02
 -3.0097485e-01
 -1.2499408e-01
  4.2194986e-01
  2.4357717e-03
  9.4059907e-02
  9.3314057e-04
 -1.3609159e-01
  6.6154063e-01
  1.8500571e-01
 -1.2778902e-01
  3.1792930e-01
 -8.4401353e-04
  7.5464681e-02
  1.0794675e-01
  1.6095263e-01
 -1.8042563e-05
  6.5113269e-03
  2.4120919e-02
  3.5035485e-04
  7.6549681e-05
 -1.1111478e-02
  7.4965209e-02
 -6.7288868e-02
 -5.0942705e-05
 -1.1253258e-01
 -3.3556485e-01
  9.8943431e-04
 -1.9113199e-01
 -5.6885314e-05
 -5.5990881e-01
  6.3626088e-02
 -1.9801949e-01
 -1.3937804e-01
 -4.5545669e-03
 -9.9283570e-05
 -7.5338908e-02
 -1.1988277e-02
  5.1227893e-05
  1.5439298e-04
  1.1684217e-02
 -7.1199902e-04
 -5.2440970e-04
  5.0854868e-01
  4.5492744e-01
  5.3835750e-01
  3.0284736e-01
  2.6672313e-01
 -1.2818162e-01
 -8.0544315e-02
 -1.9070494e-01
  1.1287045e-01
  2.3807075e+00
  1.1529672e+00
 -1.6921256e-01
  4.3388098e-04
  6.7217249e-01
  5.7233036e-01
  1.5706571e+00
  7.0933479e-01
  2.9468215e-01
 -3.9586040e-01
 -1.5355320e-01
  6.7250109e-01
 -6.9074517e-01
  9.5227890e-02
 -1.2642846e-01
  9.2955154e-01
  3.1031927e-01
  1.2024602e-02
 -1.8690383e+00
 -1.6308753e-01
 -4.4055891e-01
  2.1440135e-02
  1.2752908e+00
  2.6361665e-01
  1.1843201e+00
 -7.8448921e-01
  5.1186375e-02
  9.0435492e-03
  2.4068014e-01
 -9.4100796e-02
 -1.4298917e-01
  2.3158019e-02
  3.6686741e-02
  1.6512454e+00
  4.4453278e-01
  7.8307353e-02
 -9.9590373e-01
  1.4923986e-02
 -2.5598183e-01
 -6.5566093e-01
 -1.3224367e-02
 -4.3203432e-02
 -4.8029041e-01
 -1.8814243e-01
 -1.1253438e-02
  3.0075538e-01
 -1.3730399e-01
  3.3739761e-02
 -2.8731731e-01
  1.0389781e+00
  6.5538757e-02
  2.4129897e-01
  2.1730302e-01
  9.1011876e-01
 -3.7364513e-04
  5.7615522e-05
  5.4452263e-02
 -6.6674879e-04
 -1.8813369e-01
 -1.0847589e-01
  1.4814890e-04
 -9.9208522e-01
 -2.3860500e-04
  4.1349292e-02
  6.9596092e-05
 -2.4398470e-01
 -9.2311203e-01
  5.9230640e-03
  2.0541275e-01
  1.8167475e-04
 -6.3775212e-02
  1.3569987e-02
  6.1659724e-03
 -6.8995226e-03
 -6.0244358e-01
  1.0497111e-04
  2.3120698e-01
 -5.0327311e-05
  5.7747034e-06
 -1.3554698e-01
 -5.6990439e-01
 -2.4737848e-04
 -1.5824744e-01
 -3.7536826e-02
 -1.0677027e-01
 -1.6767427e+00
 -2.0959249e-02
  1.5568084e-02
  1.6569583e-01
 -5.9399582e-02
  5.6701374e-01
 -1.0665973e-03
  5.1007986e-01
 -1.1900576e+00
  3.1810838e-01
 -3.9616566e-02
 -1.2882937e-01
  1.1851593e-02
 -7.2782516e-04
 -4.7617525e-01
 -1.2486847e-01
 -6.8854219e-03
  1.1924073e+00
 -4.0510789e-02
  1.2313902e-02
 -7.4541885e-01
 -1.0949741e-01
 -6.6273683e-03
  1.1086838e-03
  2.2001001e-04
 -9.7012955e-01
 -9.3313384e-01
 -3.1865352e-01
 -2.0377889e-04
  1.5057242e+00
  9.5186770e-05
  1.2277394e-03
 -3.9949786e-02
 -9.0347804e-02
  4.5324734e-01
  2.2135089e-01
 -4.0322891e-01
  1.3761916e+00
  7.0054150e-01
  2.3579437e-01
  5.9740293e-01
 -8.0562878e-01
 -6.4975047e-01
  2.1749710e-01
 -6.6982740e-01
 -7.8681374e-01
  1.4199450e+00
  8.0132008e-02
  2.1788688e-01
  2.3603314e-01
  7.7054009e-02
  2.0495467e-02
  3.1044909e-01
 -5.4691142e-01
 -7.6967758e-01
  4.0657192e-01
 -9.2767728e-03
 -1.0412537e+00
  4.3508577e-01
  1.3739975e-01
  1.6886953e-01
  1.2733652e-01
 -1.2861291e-02
 -1.3851632e-01
  2.2340873e-01
  1.8586643e-01
  9.1455830e-03
 -5.7735102e-04
  1.6783876e-03
 -4.0667408e-05
 -5.1284796e-03
  1.3910016e-03
  5.1619643e-01
  4.6703317e-05
 -1.7451491e-04
  1.6191904e-03
 -1.1277533e-01
  1.8992413e-04
 -3.3350100e-04
  1.1184307e-04
  2.3086155e-05
  2.3588643e-04
  4.4386492e-05
  4.0332961e-04
  1.2012759e-04
 -2.9896339e-05
  6.0170220e-04
  4.3424871e-02
 -3.0366373e-05
 -2.6485845e-04
  1.0305910e-03
 -2.4790964e-01
  8.2970910e-05
  6.8630361e-05
 -2.8893428e-05
 -1.9577325e-04
 -1.9138052e-04
  2.2276201e-05
 -3.5781902e-04
 -2.0201049e-04
  4.4370430e-05
  5.1446450e-06
  6.7345484e-04
  4.5824127e-04
 -2.5624663e-04
  6.2085019e-04
  1.8543822e-05
 -1.0979008e-03
  7.2615934e-05
 -1.0231213e-04
 -4.2207161e-05
 -1.7224460e-04
  5.2393612e-04
 -1.3563107e-04
  5.3650612e-04
  3.9219871e-04
 -1.1039077e-04
 -2.0962145e-05
  4.1542011e-05
  1.5592540e-04
 -5.8362144e-05
 -2.2456028e-04
 -4.7052759e-01
 -1.3527681e-01
 -1.1747755e+00
 -2.4170918e+00
 -1.5747762e-01
 -1.7297199e-01
 -8.8516349e-01
  5.9628713e-01
  9.8576002e-02
 -1.7164607e-04
 -3.5827668e-04
  6.5313601e+00
  6.4312315e-01
  6.8067098e-01
 -7.3532516e-01
  3.2921735e-04
 -2.6584029e+00
 -4.9515340e-01
 -1.4523624e+00
 -2.2003751e+00
  4.0822870e-01
 -1.7455499e+00
  8.2947868e-01
 -2.1365838e+00
  9.2781621e-01
  2.7606976e-01
  7.9126376e-01
 -8.1143586e-04
 -5.1388770e-01
  6.4504558e-01
 -1.6292710e+00
 -1.3940613e+00
 -3.8189473e+00
 -1.5013864e+00
 -3.3943439e-01
  8.9479208e-01
 -1.9525617e-04
  3.1782851e-02
 -1.3241636e+00
  4.8791051e+00
 -2.9400766e-01
 -6.1783296e-01
  2.4794805e-01
 -3.7059331e-01
  1.2354209e+00
  8.3088791e-01
 -8.4233232e-04
 -9.9139041e-01
  8.3232200e-01
 -3.2123700e-01
 -7.3818811e-03
  4.7961812e+00
  1.5752456e+00
  1.0589217e-05
 -6.0997717e-02
 -2.1135342e+00
  1.2547952e-01
  6.1293632e-01
  1.5814345e+00
 -6.0439464e-02
  1.2447872e+00
 -1.2445620e+00
 -5.4425740e-01
 -6.5735370e-02
 -4.9540028e-04
  6.7942005e-01
 -4.2318876e-04
 -1.6153116e-03
  4.0239090e-01
 -8.4286861e-05
 -9.0142555e-04
  2.1944204e-04
 -3.0783784e-01
  4.8755413e-01
  1.4975402e-03
  5.3878081e-01
 -1.7991659e-01
 -3.8727996e-01
 -2.0935516e+00
  4.0819445e-01
  6.1103958e-05
  1.7101687e-04
  1.6814837e+00
 -7.3582793e-05
  1.8283685e-01
 -2.9048625e-01
 -6.7467741e-03
 -1.9720970e-02
  4.7857161e+00
  6.1594975e-01
 -1.0106849e-01
  1.2605338e-04
  8.1017166e-01
  1.3857999e+00
 -9.2853807e-05
 -6.4210527e-02
 -1.2214791e+00
 -6.6124052e-01
 -1.8966159e+00
 -1.4595768e+00
 -4.1682634e-04
  1.2532872e+00
 -1.4019641e+00
  2.9303515e-01
  3.2310534e-01
  1.4156914e-01
 -4.0608233e-01
  4.3285740e-04
  2.9658753e-01
 -1.7246559e+00
 -1.1828233e-01
 -6.5559030e-01
 -4.5508429e-01
  5.7801243e-02
  1.6480641e-02
 -2.1637754e-01
  4.7506024e-03
  2.0125818e+00
  1.2762860e-02
 -2.1712754e+00
  6.2323248e-01
  3.9473337e-01
  5.8431772e-04
  5.5181084e-04
  6.3270390e-02
  3.0306226e-01
  7.7281708e-01
  8.4585391e-02
 -4.3312468e-02
  1.7392279e-01
 -1.3815477e+00
 -2.6221481e-01
  1.4418477e+00
 -4.7372159e-01
 -3.0381114e-03
 -1.2434924e-01
 -4.2242146e-01
 -1.6391123e-04
 -9.0960509e-01
  7.4928975e-01
 -1.6295329e-01
  1.5512813e+00
  1.3291656e+00
  2.7152970e+00
 -9.5527321e-02
  8.2825780e-02
 -4.4641301e-02
 -7.7298594e-01
 -2.0763049e-01
  7.7186131e-01
  8.3380260e-02
 -9.7736694e-02
  1.7571959e-01
  1.7419215e-02
 -1.0471545e-06
  5.3957914e-04
  2.1910794e-01
 -5.3225058e-01
 -9.3503602e-02
 -9.6221954e-01
 -1.8889900e+00
 -5.2198762e-01
 -1.7871840e-01
  6.9568640e-01
 -8.3311439e-02
  2.3697384e-01
 -1.8015926e-01
  6.4434540e-01
 -2.5352294e-04
  3.4381822e-02
  3.6804184e-01
 -7.5947947e-04
  2.5807574e-04
  1.4563170e-01
 -1.9058514e-03
 -2.2272220e-01
  9.1502428e-01
 -8.2114973e-04
  1.0363616e-01
 -6.4589913e-05
 -3.2095712e-01
  7.2092868e-02
  7.8808203e-02
  3.7888587e-01
  5.7074618e-01
  4.0496597e-01
  3.4058955e-01
 -5.1326072e-01
 -3.3142005e-05
  1.8942697e-04
  1.4814696e-01
  2.5101677e-01
  1.1708357e+00
  3.2984382e-01
 -2.0939398e-03
 -3.1658390e-04
 -4.3280524e-01
  5.0405067e-01
 -1.7652841e-02
  3.5360322e-04
  4.1044456e-01
  5.8395773e-01
  2.8602263e-01
 -3.7222210e-01
 -7.6418975e-04
 -2.6534477e-02
  3.4699425e-01
 -2.6154080e-01
 -2.3797751e-04
 -4.9557203e-01
 -5.7633679e-02
  2.3892932e+00
  1.1362841e-01
 -1.1660348e-01
 -3.0156682e-05
  2.0383290e-04
 -4.2558881e-03
  1.8678379e-01
  9.9397227e-02
  1.5613639e+00
 -8.9101329e-02
 -1.7143121e-01
  5.8898407e-01
  3.4544868e+00
  9.9319494e-01
  4.3269101e-01
  5.6852418e-04
  7.5029051e-01
 -6.3064886e-05
  9.8050344e-01
  8.2528383e-02
 -3.4948105e-03
  1.6937079e+00
  1.6054555e-04
  1.9853202e+00
  2.4037038e-01
 -1.0391661e+00
 -4.6057221e-01
  2.3891282e-01
  1.2929681e-01
 -2.2071530e-01
 -9.9164563e-01
  8.7060946e-01
 -1.0638817e-04
 -6.1023805e-02
 -3.4521732e-01
  7.3380804e-01
  1.0160780e+00
  1.3611953e+00
 -1.6049734e+00
 -3.0093721e-01
 -1.0819571e+00
  4.6797851e-01
 -9.3999565e-01
 -4.4750804e-01
  8.1367302e-01
 -9.2586386e-01
  8.0139047e-01
 -2.3896554e+00
  5.8427949e-02
 -3.2443500e-01
  5.4930937e-01
  4.8037142e-01
  5.1377821e-01
  9.3303567e-01
  3.8936687e-01
 -2.0370971e-01
  4.6305269e-01
  2.9064477e-03
  2.0945122e-04
  1.9658138e-01
  1.6991863e-01
 -2.6582280e-01
  8.4883869e-02
  6.0706043e-01
 -5.9725541e-01
  3.7703190e-02
 -6.1234150e-02
  7.7923462e-02
  3.0249682e-01
  1.0889943e-03
 -3.2131900e-03
  5.0589299e-01
 -6.2573165e-01
  5.8750875e-02
 -1.3048302e-01
  3.7177050e-01
  4.6774873e-01
 -3.3918865e-02
  6.4252627e-01
 -1.7030084e-01
  1.7865213e-02
 -4.1943765e-03
  6.3430801e-02
 -8.5260071e-02
 -1.3795504e-01
  8.3551687e-01
  9.3822397e-04
  4.5548980e-03
  1.0610769e-02
 -1.2451835e-01
  2.1834427e-01
 -7.3513567e-01
  1.1868211e+00
 -6.9474834e-01
 -2.8840098e-01
 -1.9303980e-01
 -2.6462436e-01
  3.0622742e-01
 -1.5495349e-01
 -3.8697740e-01
 -4.5390114e-01
 -3.3922777e-01
 -8.3607033e-02
 -4.5464516e-01
  2.7397484e-01
  3.6037442e-01
  5.5316764e-01
 -6.0439814e-02
 -2.5896403e-01
 -6.8663722e-01
  2.9072002e-01
  8.9202482e-01
 -2.2868128e-04
 -9.5792896e-01
 -8.0418068e-01
 -1.1375082e+00
 -4.8677954e-01
  5.5550718e-01
 -1.7165633e-01
 -1.1726801e+00
  7.1698534e-01
 -2.9561257e-01
 -2.1847356e-04
 -2.8871263e-03
  2.5466209e-02
  1.1498971e-04
  1.2361810e-04
  3.6680928e-04
 -2.1171928e-04
  4.3413434e-05
  5.5621105e-05
  1.2533482e+00
 -5.1953018e-01
 -9.0791740e-02
 -2.2445157e-02
 -6.9291669e-01
 -1.6338524e+00
 -5.6685662e-01
 -3.4762126e-01
 -2.4791218e-01
  1.5083642e-04
  4.6507616e-02
 -1.0908007e-04
  2.8683906e-03
 -1.5213864e-04
  6.5910745e-01
 -2.1616158e-01
  1.7060210e-01
  2.3365776e-01
  5.5664219e-04
  2.3861148e-04
 -6.8284905e-01
  2.8735152e-01
 -7.6161715e-04
  6.5709144e-01
 -7.7188644e-04
 -3.8824490e-01
 -7.3506976e-03
  1.3552009e-04
  6.5629603e-04
 -4.2800394e-01
 -2.2961493e+00
  4.9923188e-03
 -4.6795197e-03
  6.2052399e-01
 -1.3248013e-01
  7.7393418e-04
  6.1510610e-03
  1.1502753e+00
 -2.0249331e-02
 -7.2814691e-01
  5.2006674e-01
 -3.9219287e-01
  2.5156533e-02
 -4.6947603e-03
  1.7490956e-01
  4.1262648e-04
  1.7821791e-03
 -2.8514570e-01
  8.3115207e-05
 -1.6649969e-01
  3.5912439e-04
 -1.1692381e-01
  9.7133551e-04
 -2.0015548e-04
  5.6281779e-02
 -3.0045030e-03
 -3.3614132e-01
  3.3531699e-02
 -3.5076305e-02
  9.3363601e-01
 -4.4519272e-01
  3.9805081e-02
  3.2438788e-01
 -4.6673059e-01
 -1.6912186e-01
  1.2580940e-02
  3.1732648e-04
 -1.6286650e-04
  8.5677989e-03
 -2.4317522e-02
 -1.6745815e-01
  2.1489134e-01
 -3.3788940e-01
  1.1666914e-01
  2.1677749e-01
 -6.1162807e-02
  1.6880883e-01
 -2.3650724e-01
 -2.1118155e-02
 -4.5037708e-01
  7.4815594e-02
 -3.5242800e-02
  8.0918682e-01
  1.6032156e-01
 -2.9587466e-04
  2.0522912e-01
 -7.0745218e-01
 -4.1200578e-02
  1.8619377e-03
  1.2669536e-04
  1.0705985e-01
 -3.5601580e-01
 -1.0529272e-01
  3.4274703e-01
  3.1762430e-01
 -3.9732136e-02
 -6.4860481e-01
  2.2102918e-01
  1.9867069e-01
  8.7298840e-01
  5.4781747e-05
 -8.7709032e-02
 -5.8210886e-04
 -3.4830767e-01
 -2.1439636e+00
 -5.5805069e-01
  8.5953391e-01
  3.1397280e-01
 -2.5160673e-01
 -1.1656871e+00
 -1.8912278e-01
  7.9042935e-01
  8.2676031e-02
  5.9400626e-02
  3.1496336e+00
 -4.3072316e-01
  3.4416384e-01
 -4.2429993e-01
  4.0178066e-01
 -2.7351521e-02
  1.2822738e+00
  2.4781866e-02
  6.5812548e-03
 -2.8041777e-06
 -7.2941953e-01
 -1.3563657e-01
 -1.0582670e+00
 -1.2088926e-02
 -6.6605292e-02
  4.6960369e-01
  7.2669154e-01
 -9.2938028e-02
  3.8715239e-05
 -2.2753242e-01
 -4.6951935e-01
  3.5999525e-02
  7.1945441e-01
 -2.2726350e-01
 -9.5637731e-02
 -8.3188379e-01
  6.6492356e-02
  4.2723110e-01
  9.1753781e-02
 -8.1686419e-04
 -1.6504076e+00
  2.2387798e-01
  7.3343921e-01
 -9.7090948e-01
 -8.8338196e-01
  8.5627520e-01
 -7.3931009e-01
 -2.4326633e-01
 -2.8008528e+00
  1.6860668e-01
 -9.8846229e-03
  1.9028488e+00
  1.9369580e+00
  2.7496448e+00
 -3.3753815e+00
 -9.6686061e-05
 -5.6384606e+00
 -4.8386091e-01
  5.5163211e-01
 -1.9571708e-01
 -7.5765336e-01
  2.1072938e+00
 -1.0672164e+00
  8.6614782e-01
  1.0344281e+00
 -8.0697614e-01
 -7.4061203e-01
  2.4185500e+00
 -2.6133902e+00
 -1.7273304e+00
 -1.2921746e+00
  3.1724498e+00
 -6.4188057e-01
  8.4953918e-04
  1.0329360e+00
 -1.5792084e+00
  6.6005439e-02
 -1.2087278e+00
 -6.2450880e-01
 -1.2563246e+00
  1.8659873e+00
 -3.2594290e-01
  2.4551189e+00
 -7.5921190e-01
  1.7879214e+00
  6.8658300e-02
 -4.7696722e-01
  5.0945294e-01
  4.5734376e-01
  1.8469940e+00
 -1.8082755e-02
  5.4971856e-01
  1.1995669e-01
 -5.2621234e-03
 -5.3533900e-01
 -1.1677053e+00
  2.5658351e-01
  1.3022779e-01
 -1.5087819e+00
  4.0343279e-01
 -9.1180956e-01
  3.5276802e+00
 -6.1109692e-01
  2.6385617e-03
 -1.2782039e-01
  3.6591774e-01
  1.4343794e-02
 -5.5642151e-05
  1.0582272e+00
  2.6083764e-01
 -8.8734321e-02
  8.0326328e-04
  3.0515015e-01
 -2.4057355e+00
  5.1348138e-01
  1.2977670e-01
  7.0447527e-02
  4.0067172e-01
  6.7011464e-01
 -3.3965674e-01
  7.4864078e-01
  1.5679107e+00
  1.5935788e+00
 -1.0254710e-02
 -9.9218065e-01
 -1.9246012e+00
  5.1372135e-01
  4.9033871e+00
 -2.4343634e-01
 -1.7648236e+00
  7.7390838e-01
 -2.1785605e-01
 -5.1491106e-01
  1.9343807e+00
 -1.1634914e+00
  4.4407699e-01
  7.0806330e-01
  2.5168681e-01
 -1.4477770e+00
  6.3751268e-01
 -7.2285387e-05
 -3.2751158e-01
  1.8137385e-01
  1.3289508e-01
  3.5118241e-02
 -2.6228082e-01
 -5.6742486e-02
 -2.2938581e-05
 -3.6035475e-01
 -2.0781405e-01
 -1.9647506e-01
  2.4268186e-01
  9.5659685e-01
 -8.6575586e-05
  2.3299582e-01
 -3.6484364e-01
 -6.6934265e-02
  4.0676081e-04
 -2.6908729e-04
  1.5535913e-04
 -3.1027794e-04
 -7.1683282e-04
  1.1910318e-04
 -3.6837060e-05
 -1.0935637e-04
  5.9916187e-05
 -6.3848846e-02
 -4.2541855e-05
  2.8437802e-01
  8.0946455e-05
  4.2016403e-04
  1.9237368e-03
  2.8602983e-05
 -1.9904250e-05
 -2.9595985e-04
 -5.1744009e-04
  1.6691204e-04
  1.1939013e-03
 -4.4389082e-05
  1.5858895e-04
  6.0363556e-05
  2.6233240e-05
 -2.3400959e-01
  1.9397688e-04
  7.3068477e-05
 -1.5480256e-03
  3.0795816e-01
 -1.1754605e-01
 -6.5926470e-05
 -1.5294125e-04
  1.4863662e-04
  8.3928637e-02
  1.0627726e-03
  1.5889766e-02
 -1.1606641e-04
  6.5141660e-03
 -3.1524448e-04
  1.1589287e-05
  2.7329256e-04
  2.0300222e-03
  1.1198757e-05
  9.0311748e-01
  4.0471771e-01
 -2.6361880e-01
 -9.6522748e-02
  2.8692621e-01
  4.0807012e-01
  6.4279372e-01
  2.5850332e-01
 -2.2178853e-01
  1.3720293e-01
 -1.9061523e-04
  3.9349974e-04
 -2.0551885e-04
 -2.9131293e-04
  7.4014082e-05
  2.9558796e-01
  4.3608350e-05
  8.0364609e-01
  2.3438130e-03
 -4.3769735e-01
 -3.0398688e-01
  4.3722019e-01
 -6.3809037e-01
 -4.1052982e-01
  5.9015584e-01
 -1.5723100e-01
 -2.9534057e-03
 -8.3691210e-02
 -1.9774067e+00
 -1.7626164e-05
 -9.4223944e-03
  5.4789716e-01
  9.5431544e-02
  2.7582459e-03
  4.4859443e-02
  1.3351983e-02
 -1.7632799e+00
 -3.9379877e-01
  4.9232825e-04
 -2.0100600e-01
  2.8513664e-01
  3.8258020e-02
 -2.7215602e-02
  3.8162050e-01
 -2.6311952e-01
 -2.4613832e-01
 -4.0088292e-02
 -3.5421692e-02
 -6.9133008e-01
 -2.7587453e-02
  3.3673409e-01
  2.0327695e-02
  9.1213524e-01
  1.9878030e-01
  9.6961041e-05
 -1.7689230e-01
 -3.0437639e-01
  1.0722572e+00
 -5.8872338e-02
  6.7414188e-01
 -7.4488354e-01
 -2.2055683e-01
  1.4311934e-01
  3.4161168e-01
 -7.3538577e-05
  1.2953606e-01
 -2.2095862e-04
  1.4953287e-03
  7.1924335e-01
 -2.9682819e-04
 -9.5624644e-05
 -1.0476050e-02
 -8.5013267e-04
 -1.3571999e+00
  3.3236608e-01
  5.5315804e-01
 -6.2046069e-01
 -1.8327637e-01
  2.8167106e-02
  7.4242580e-01
  5.7068408e-01
  1.9734499e-01
  2.6401913e+00
  1.9157480e-04
 -2.4651293e-01
 -1.1546689e+00
 -1.1692856e-01
  3.6828542e-01
  7.9920661e-01
 -1.8950097e-02
  3.2202953e-01
 -1.5698607e+00
 -1.2141868e-04
 -9.6956998e-02
  6.1414856e-01
  8.8087484e-02
  9.5097703e-01
  1.1952650e-02
 -8.5274118e-01
  2.3032637e-01
 -4.1681007e-01
  8.3247209e-01
 -1.8007779e-01
  6.5379091e-02
 -2.1855345e-02
 -6.0501671e-01
 -1.2856583e-01
  6.1224359e-01
  2.4264197e-04
 -1.0685527e-04
 -1.0925862e-03
 -5.8702723e-04
 -5.1867589e-04
 -1.7238188e-05
 -3.1692485e-05
 -8.7822096e-05
 -1.5155923e-04
 -1.1884090e+00
  1.2301120e-04
  1.1491460e-05
 -5.8034883e-04
  6.5541751e-04
  9.3788740e-06
 -7.0715375e-02
 -7.5250602e-05
 -1.6839722e-04
  1.7680857e-05
  3.7072641e-07
  9.9910412e-04
  1.5922380e-04
 -1.4629247e-04
  7.8793797e-05
 -5.8939724e-05
  4.7355919e-05
 -2.6553060e-04
 -3.0604613e-04
  3.2828696e-04
  8.4156333e-04
 -2.7474904e-04
  2.9688625e-04
  6.5226451e-04
 -1.9738050e-04
  7.9838486e-05
 -2.4742036e-04
 -7.5750357e-01
 -3.2531779e-04
  1.7663768e-04
 -8.8042812e-05
 -1.9277621e-04
  3.0864742e-01
  3.8656505e-04
  4.8182611e-04
 -1.1405550e-04
  9.6165480e-05
  2.7369722e-04
  3.7509916e-04
 -2.4018750e-04
 -5.1959614e-05
  8.0495418e-05
  2.5895916e-04
  8.6107473e-05
 -1.7668100e-04
 -8.9764166e-05
  1.1477089e+00
 -4.2714864e-01
  5.9576368e-01
 -1.7918468e+00
  9.8828119e-01
 -1.1805490e+00
 -3.4361666e-01
 -5.4351199e-01
 -5.3489797e-02
 -2.5679279e-04
  2.3803383e-04
  1.0210425e+00
  3.6361256e-05
  2.2342503e-02
  4.7769663e-05
 -3.3416646e-04
  3.7004473e-05
 -2.9794226e-04
  2.9663458e-01
  3.5952281e-02
 -6.6528194e-02
  3.7668455e-01
 -3.5399910e-02
  1.0084104e-04
 -3.9798919e-02
  1.1421010e+00
  3.5034329e-05
 -4.9463927e-04
  5.2647036e-01
  1.3029475e+00
 -7.6694175e-04
 -2.8491439e-04
  4.6936738e-01
 -5.2598410e-04
 -4.8563471e-01
  1.6052851e-01
 -2.1370010e+00
 -1.2792946e-01
  9.5929921e-01
  7.5727224e-01
 -1.5056510e-01
 -1.6798065e+00
 -6.6765743e-01
  1.8920878e+00
 -1.0568280e+00
 -5.1777256e-01
  3.3902373e-02
 -6.2188452e-01
  1.5555274e+00
  5.0313085e-01
  1.1573098e+00
  3.3915467e-03
 -3.6905359e-02
  3.0714204e-04
 -4.9156004e-01
 -3.0961262e-02
  7.6619856e-02
  1.0262365e+00
 -9.8969594e-02
  1.9189407e-04
  2.8799495e-02
  5.7377696e-02
  3.2820213e-01
 -3.8850675e-03
 -4.5203313e-04
  1.5589336e-04
 -6.5282358e-05
 -4.3315836e-04
 -2.7876104e-05
  7.3404466e-05
 -1.2130266e-04
 -4.2138388e-05
 -9.6634257e-04
 -1.4813505e-01
  5.8134288e-02
 -4.0722199e-04
  2.7944329e+00
 -2.6389006e-01
  2.3836864e-03
  6.7149922e-03
 -1.1082155e+00
 -3.8929935e-05
 -1.4145816e-03
  4.1576731e-01
  2.7237640e-05
 -1.6271953e-04
 -1.2042952e-03
 -9.8794478e-04
 -9.8569214e-02
 -3.1528158e-05
 -1.5495116e-05
 -3.2058443e-04
  4.0061784e-01
 -1.9859558e-04
  1.1532046e-01
 -2.0737159e-04
  9.5773845e-05
 -1.8038000e-01
  1.4908198e-01
  1.7372264e-04
 -3.1882206e-05
  2.3449631e-04
 -5.9692162e-01
  1.0786991e-04
  1.7823139e-04
 -1.7037911e-04
  2.4858527e-04
 -1.3451790e-05
  1.5802129e-01
  2.5855977e-02
 -1.3653344e-01
  6.2516862e-01
 -4.8052979e-01
  4.3306276e-01
 -1.9623461e-01
  4.5970762e-01
  1.2696704e+00
  1.2992516e-03
  4.3426091e-05
 -3.6168206e-02
 -9.3178707e-04
 -2.8159481e-01
  2.7376497e-01
 -5.0384612e-03
 -3.4896962e-04
  2.1202987e-01
  2.7945954e-01
 -4.5763016e-02
 -5.8307695e-01
  3.5887957e-01
  1.4872450e-01
  3.5666174e-01
 -1.0662135e+00
 -3.6007786e-01
  1.9557852e-02
 -2.3353174e-01
  8.1831747e-01
 -6.2366015e-01
  2.2717275e-01
 -1.6141709e-02
  3.4313634e-01
  1.6946924e-01
  1.2346106e-02
  3.2973355e-01
 -4.9587983e-05
 -6.4854169e-01
  8.5687232e-01
  2.2474451e-01
  2.3493969e-01
  2.8730324e-01
  1.3458958e-01
  2.9179060e-01
  5.8093387e-01
 -3.2588065e-02
  2.3325149e-02
  3.1471292e-03
 -3.3344090e-02
  1.3832252e-01
 -1.0112037e-01
 -8.5057312e-01
  1.1964836e-03
  5.6381696e-03
  8.7837350e-01
  8.3985859e-01
  2.9049286e-01
 -7.4815142e-01
 -4.1873854e-01
 -8.0963904e-01
  1.1918527e+00
 -4.3777779e-02
 -6.9405299e-01
 -5.1877392e-04
  2.4356900e-01
  1.4969257e+00
 -4.8768359e-01
 -5.7030928e-01
  1.6466382e+00
  8.0537915e-02
  1.2510033e-01
 -1.4095771e-04
 -3.7981269e-01
  2.7965820e-01
  1.6937122e-02
 -2.7215981e-01
 -6.3333809e-01
 -1.5074301e-01
  8.2207099e-03
 -6.7151731e-01
  5.5677496e-04
 -2.6084096e+00
  9.7192816e-02
  1.3587486e-04
  4.3510957e-04
 -1.9085954e-03
 -5.2697521e-01
  3.6469123e-01
  5.1593626e-01
  1.2936899e-01
 -1.4500264e+00
  9.1150957e-01
  8.1160992e-01
  1.8498890e-01
  4.3390933e-04
  1.6360651e-01
 -5.0169909e-01
 -6.2834747e-02
  6.0335809e-01
 -8.1295437e-01
  2.2603108e-01
  9.5173895e-02
 -2.0764034e-02
  3.7212449e-01
 -4.7415107e-01
  7.6764429e-01
  7.1825296e-01
  3.8948295e-01
  2.3535493e-01
 -3.8782787e-01
  9.9413401e-01
  7.9143594e-04
 -1.2537073e+00
 -5.7777135e-05
 -2.9374118e+00
 -4.6921998e-01
 -4.2327991e-01
 -1.5049844e-04
 -4.5269982e-05
  5.3152331e-04
  5.4970198e-05
  5.0049668e-05
  1.7480004e-04
 -4.2886558e-04
  1.7209050e-04
 -8.9593741e-06
  6.6345233e-01
 -2.9670988e-04
  4.1282156e-01
  1.1265487e-01
 -2.4057057e-04
  1.4233223e-01
  8.9968572e-04
  1.2464809e-03
 -1.8441313e-05
 -1.4005195e-04
  8.3084783e-04
  1.2854955e-04
  9.3376311e-06
  1.3250725e-03
  4.7396928e-01
  3.5268775e-01
 -1.5049729e-01
  1.9327825e-01
  2.7545958e-04
  9.3706872e-04
 -5.9234673e-01
  6.8920445e-01
 -2.4375768e-04
 -5.9307925e-04
  1.0738768e-04
  5.1299232e-01
 -2.6990792e-01
 -1.0707006e-04
 -1.5273046e-04
 -3.8182388e-06
  8.4529653e-02
 -8.8456838e-04
 -1.1901285e-04
  8.4089482e-04
  8.7425282e-04
  1.3297665e-04
  1.9458342e-04
 -4.5317723e-04
  2.4230316e-01
 -3.4684231e-04
 -3.1199968e-01
  9.7837968e-05
  7.4482130e-05
 -3.8022986e-01
  9.1646500e-02
  3.8593294e-04
 -2.1149107e-04
 -5.7750796e-05
  2.5273778e-04
  9.2057729e-05
 -2.2473237e-06
  3.6623044e-04
 -2.0688250e-04
  4.7456796e-04
 -1.7825481e-04
  9.0091395e-05
 -7.7672326e-04
 -1.0729857e-04
 -3.0394802e-03
 -1.9009334e-04
  2.1296245e-04
  4.5959000e-04
  3.0442297e-06
  6.6797533e-05
 -1.5887854e-04
 -3.0646339e-04
 -5.3111944e-05
  7.6700191e-05
 -5.5059156e-04
 -1.7678548e-04
 -9.0553385e-04
 -7.1063703e-05
  4.0044638e-04
  2.5046107e-04
  1.1463470e-05
  1.2530949e-03
 -7.4586176e-05
 -1.9825019e-04
 -3.5758468e-04
  1.3852183e-04
 -3.9981285e-04
 -3.8677425e-04
  4.4746647e-04
 -5.1280053e-04
  3.8348273e-05
  7.9261641e-05
  2.6654499e-04
 -9.9658180e-05
  1.3568709e-04
  1.6329772e-04
 -4.1363716e-01
  1.0257210e+00
 -9.5565283e-01
 -2.8334172e+00
  3.7280458e-01
  6.3973922e-01
 -2.8612816e-01
 -2.6265652e+00
 -6.2724441e-01
  4.7209927e-05
  6.9207273e-04
 -8.7056210e-04
 -2.1429607e-05
 -4.6992247e-04
 -1.2045866e-04
 -4.2476557e-02
 -2.6687090e-05
  1.7734134e-05
 -3.2956022e-01
 -1.2098870e-05
  9.4486678e-01
  2.1167130e+00
  1.7528321e-01
  9.3745589e-01
 -2.3859920e-01
 -8.0952644e-01
 -8.5400844e-01
  1.7147021e-04
 -1.7674116e-04
 -6.8839324e-01
 -6.3433989e-05
  2.8658230e-04
 -9.4768292e-01
 -4.5905787e-01
 -3.8431972e-01
 -2.1734178e+00
  5.7451223e-04
 -4.9494155e-04
  2.6313320e-01
  5.0925300e-05
 -4.3219086e-03
  6.8741389e-02
 -3.8840863e-05
 -3.3019731e+00
  7.7205259e-01
  5.0807081e-04
 -1.4703804e-04
 -5.5474129e-02
 -1.8640902e-05
 -1.9145195e-04
 -7.3503477e-05
 -2.4066865e-03
  1.8176950e-03
 -6.1296843e-05
  1.4165472e-02
  4.4240126e-01
  8.4554859e-02
  2.4707484e-04
  5.2158318e-02
 -3.0729445e-04
 -2.5888826e-03
 -6.0013032e-01
  9.8557317e-01
 -4.3964710e-06
 -1.4989475e-04
  4.6905425e-05
 -4.3024826e-05
 -3.7778358e-05
  4.4163456e-04
 -5.3888495e-04
  4.4387355e-04
  1.6441906e-04
 -2.6028955e-02
 -3.7756508e-05
  1.8717747e-02
  3.1538239e-01
 -9.1101276e-05
  2.2913925e-03
  5.9818398e-02
 -4.1658260e-04
 -7.9337056e-05
  2.5209482e-04
  2.3179486e-02
 -8.9016767e-06
  6.8238523e-04
 -1.5022210e-04
 -2.3805785e-04
  1.2319880e-04
  1.3998601e-01
  3.0426380e-01
  1.4159338e-04
  4.7522513e-04
 -5.9523329e-05
  3.5938230e-01
  1.9164763e-06
 -5.8726867e-04
  1.4172582e-04
  2.2193259e-01
  3.3174749e-02
 -3.5838485e-03
 -2.0117295e-05
 -1.6009636e-04
 -1.3273372e-04
  1.6159315e-04
  1.6879375e-04
  3.0704485e-03
 -3.8884935e-04
  1.0800810e-04
  1.6213648e+00
  1.7658572e+00
 -1.9055327e+00
 -1.1003418e-02
 -8.8343859e-02
  2.8432324e+00
  1.2205496e+00
  1.3054349e-02
  5.3815591e-01
  7.7027472e-04
  1.1431981e-05
  9.1102027e-04
  2.9295072e-04
  5.6016369e-04
 -2.0573160e-04
 -5.4868060e-04
  2.0490238e-04
 -1.9278386e-04
  2.8070571e+00
 -1.1291229e+00
  2.8748208e-01
 -4.4060853e-01
 -4.0203904e-05
 -3.7522343e-01
  1.2439351e+00
 -4.4769511e-01
 -9.8706726e-03
 -3.1527982e-04
  3.3032596e-01
 -1.0481377e+00
 -1.3585272e-03
  2.6144126e-01
  2.2890596e-03
  6.6826153e-01
 -4.2598729e+00
  4.8781174e-01
  4.2639923e-04
  4.1814592e-01
 -5.1466689e-02
 -4.3598223e-02
 -4.8413610e-01
  2.3545519e-01
  8.2679242e-01
 -9.8034954e-01
 -2.8591561e-01
  5.3247452e-01
  1.5368889e-04
 -8.8929951e-02
  1.4442642e+00
 -1.4217079e+00
  6.4127729e-04
  1.4957967e-01
  4.4067917e-04
 -1.9399494e-04
 -1.9195928e-01
  4.5193499e-01
  1.0546252e+00
 -4.1351336e-01
 -4.1000947e-01
 -3.5578826e-01
 -3.5808218e-01
  1.6401392e+00
  1.1619676e+00
 -3.5198176e-05
 -6.1902881e-01
  3.8870066e-01
 -8.6549990e-05
 -1.3640334e-01
  5.3045464e-01
 -9.9402893e-01
  2.1634951e+00
  6.0947441e-02
 -1.2139747e+00
  4.8131555e-01
  2.3753247e-01
  1.0126719e-01
  1.8057843e-01
 -3.6887755e-03
 -5.6630313e-01
  1.0258135e+00
 -4.8575333e-01
 -3.0451757e-01
 -9.7045350e-01
 -3.8009408e-01
  2.8553662e+00
  1.1061902e-02
  5.4639214e-01
 -1.4102021e+00
  3.4287688e-01
 -3.1872559e-01
  1.2047640e+00
  3.9922907e+00
 -3.7369132e-01
 -1.4226490e+00
  1.4949255e+00
  6.9801444e-01
 -2.7536336e-02
  1.2563509e-01
  2.8504801e-01
  2.5516245e-01
  6.7688333e-04
  1.8469490e-01
  3.5763946e-01
  3.3062205e-02
  5.1975209e-01
  1.7421852e-01
 -9.8611554e-04
  6.7333460e-01
 -5.8655155e-01
 -5.8493203e-01
 -3.2140903e+00
  4.9214566e-01
  1.9906703e-01
  9.0102451e-03
  1.0014695e+00
 -8.6987704e-02
  8.6208767e-01
  5.5333167e-05
 -1.0868534e-04
 -6.6221697e-04
 -2.9609611e-05
 -5.8808224e-04
 -2.1865982e-01
  3.3549615e-05
 -5.9584130e-02
  2.1331228e-04
  7.3417056e-01
 -1.0492859e-01
 -3.0221614e-01
  3.2086769e-01
  5.6393276e-04
  4.7174278e-01
  1.2303420e+00
 -1.1444125e+00
  1.0878196e-01
 -1.3699793e-04
  1.1587076e-02
  2.1693526e-01
  8.7513727e-05
 -6.0124468e-05
  8.2607084e-04
 -1.6513575e-03
 -4.9845856e-01
 -1.6314863e+00
  5.1780167e-04
 -2.0828378e-01
 -1.9716597e+00
  6.9241381e-01
  4.4709593e-01
 -6.8846613e-01
  1.0800724e-03
 -1.8339479e+00
 -1.3771984e-02
  1.2850970e+00
  1.2802944e-04
 -9.3259192e-01
  1.7726772e-01
  2.1425165e-01
 -6.0118913e-05
  3.8714651e-02
 -5.6345765e-02
 -7.4283824e-05
 -2.5486400e+00
  1.6791364e+00
 -8.5396129e-01
 -3.5956651e-01
  1.0095904e-01
 -1.0326916e-01
 -1.2563483e+00
 -9.4904023e-01
 -1.6090363e-01
 -5.1715976e-04
 -1.0559782e-04
  7.8958142e-01
  2.7796164e-01
  1.0204340e+00
 -4.8761424e-01
 -5.1276974e-04
 -9.0147531e-01
 -2.1566724e-02
  1.7277293e+00
  5.0306928e-01
 -1.7042598e-01
 -2.1007392e+00
 -2.3324249e+00
 -4.2254207e-01
 -6.1176169e-01
 -2.8051296e-01
  7.4326265e-01
  3.7406891e-04
 -5.2504975e-01
  2.3638411e+00
 -1.4327122e+00
 -3.8416936e+00
  6.7896292e-02
 -2.8494591e-04
 -1.8203360e+00
  1.1529481e+00
 -7.5530479e-05
 -1.8450037e-02
 -2.5632780e+00
  1.9802693e+00
  4.4114751e-01
 -3.7223737e+00
 -1.7262418e+00
  8.1736702e-01
  1.9591436e+00
  1.0037032e+00
  2.4842020e-02
 -1.0303327e-01
  8.1948930e-01
  2.4768755e+00
  5.0023270e-01
  4.9350750e-01
 -1.8133599e+00
  1.9932433e-04
  3.0645458e-02
 -1.6210622e+00
 -1.1893304e-01
 -3.5737000e-02
 -5.2786624e-01
 -3.4940934e-01
 -4.3703890e-01
  2.5131029e-01
  2.3551434e-02
  4.4415336e-02
 -7.1469287e-04
 -1.5331757e-04
 -5.0100380e-01
 -1.8556723e-04
  9.0270978e-04
 -3.0704448e-04
 -3.4805518e-04
  2.7089305e-03
  1.8700114e-01
 -1.1543348e-01
  2.4243066e-01
 -3.3373412e-01
 -2.2668740e-01
 -4.8625492e-02
 -3.7672454e-01
  1.3933570e+00
  3.7991486e-02
 -1.0409979e+00
  8.5231245e-02
 -1.1629355e-01
  3.5219766e-02
 -5.1969323e-02
 -1.9839339e-02
 -3.2807517e-01
  3.3054951e-01
  1.4951430e-01
 -1.1856703e-04
 -2.4264895e-03
 -4.2173889e-02
 -2.0581500e-01
 -5.3425943e-03
  3.5162002e-01
 -6.8006828e-02
 -4.2959955e-02
  5.1592249e-01
  1.1206339e-03
 -1.7637219e-02
  6.8197483e-01
 -6.9083384e-05
 -5.1567908e-02
  2.0507418e-05
  2.6680928e-02
 -7.2149850e-02
  1.6712159e-03
  1.7756793e-01
 -1.4588521e+00
 -2.2336235e+00
 -1.6614030e-01
 -9.1483605e-01
  6.0449392e-01
 -7.0947856e-01
 -3.8434413e-01
  3.1345272e-01
 -4.8977653e-03
 -9.3112059e-05
 -9.7852814e-01
  1.3320180e+00
 -5.0686164e+00
 -4.8267862e-01
 -1.2951233e+00
  4.2250615e-01
 -5.2719772e-01
 -1.0112325e-01
 -7.7536952e-01
  9.8332059e-01
  1.1840521e-02
 -9.8715019e-01
  5.6038529e-01
  2.3749360e-01
  1.0321032e+00
 -5.1616155e-02
  4.4942018e-01
  5.4364550e-01
 -4.3936521e-03
  5.2559626e-01
 -9.1242540e-01
 -3.5786599e-01
 -3.4428275e-01
  8.8115352e-01
 -8.0687754e-02
  7.5583585e-04
 -2.3669054e-01
  7.2245426e-02
  6.5325864e-02
  1.9304727e+00
 -5.6638992e-01
 -1.7751507e-01
  2.0531693e-01
 -1.0054208e+00
 -1.1098811e-03
 -5.2612919e-01
 -1.5943798e-01
 -1.2450992e-01
  1.8892634e-01
  2.4548963e-01
 -2.9995756e-02
  1.0487863e-01
  1.9560950e-02
  3.3224359e-02
 -1.2070389e-03
  3.3138245e-01
 -4.0042087e-01
  4.7740072e-01
 -1.1389650e-01
  8.7293778e-03
 -2.5770295e-01
  9.1489360e-02
  4.9085280e-05
 -5.7688412e-05
 -1.1000026e-05
  2.6947200e-06
  2.6584323e-04
 -1.3348414e-03
 -6.0966314e-04
  4.2710613e-04
 -1.0399830e-04
  2.0299232e-01
  1.7806642e-02
 -4.3772314e-02
 -3.3288580e-01
  2.0064303e-01
  5.4050919e-02
 -3.6429986e-01
 -2.7852246e-04
  3.7615714e-03
  7.3989482e-05
  2.7603866e-04
 -3.7720862e-01
 -7.4030220e-05
  5.8704816e-05
  3.8008606e-05
 -1.9781561e-05
 -9.5995478e-02
 -7.8637213e-01
  5.4622519e-01
 -1.5363587e-03
 -1.6548367e-01
 -3.5286388e-01
 -6.5701783e-02
  1.9289027e+00
  6.3720590e-04
 -1.2005068e-01
 -7.2758660e-02
  1.2699903e-03
  2.6475432e-04
  1.6510840e-01
  1.5511875e-02
 -1.4922445e-03
 -1.1383161e-01
  3.5070654e-02
 -1.9135280e-04
 -2.1647624e-04
  1.3168071e-01
 -1.3277920e-01
 -1.6255778e-01
 -2.2895460e-01
  4.1067953e+00
  4.1216693e-04
  5.5254577e-03
 -7.8604728e-01
  1.7656127e+00
  2.4520050e-04
 -1.6803695e-04
  9.2780851e-02
 -1.2913434e-04
  4.4090390e-05
  4.5397395e-05
 -6.5702872e-05
  1.4544175e-05
 -8.4817628e-05
  1.4804327e-02
 -6.4454354e-05
 -6.2962371e-01
  2.0372227e-04
 -1.4172688e-01
  1.3552442e-04
 -4.1038460e-01
 -6.6602284e-01
 -1.3024632e-04
 -3.7141108e-05
 -5.3392076e-05
 -1.9319432e+00
 -7.4489813e-05
 -4.9339811e-04
  3.4699035e-05
 -3.2528548e-04
 -8.5481817e-01
  3.2310112e-05
 -5.1288615e-04
  1.3331140e-03
 -2.0222676e+00
  6.0424614e-01
 -4.0447447e-01
 -1.2278271e-01
 -6.3530501e-04
 -3.3709023e+00
  6.6340148e-01
 -4.3263932e-05
 -6.6313056e-05
  1.7323834e-03
 -8.4310792e-05
  9.1916554e-05
 -1.3447981e-03
  1.7810684e-03
  3.7660140e-03
 -5.9838826e-04
 -3.3909988e+00
  6.8285912e-01
  3.3432145e+00
 -2.0359533e+00
  2.4244142e+00
 -4.1429284e-01
 -1.6440620e+00
  2.2097741e-01
 -6.7504358e-01
 -1.7181809e-04
 -1.0793891e-05
  2.9512545e-02
 -1.6066426e-03
 -6.1676092e-04
  3.4974900e-01
  1.1261051e-03
  3.1315931e-04
 -7.6270459e-04
  5.4889712e-02
  5.9477236e-02
 -5.0276226e-01
 -7.1074730e-01
  7.0415658e-01
  7.6341671e-01
 -6.6872203e-01
 -9.6770990e-01
 -5.4109165e-05
 -1.2235412e-03
 -1.3048129e-01
 -6.7887798e-02
  5.2048439e-01
  5.4260530e-02
 -1.1546161e-03
 -2.0290799e-03
 -3.5239902e-01
 -2.5616041e-01
 -1.0801775e-04
  3.4885007e-01
 -3.2799140e-01
  5.5037078e-04
 -5.5088564e-03
  1.3844715e+00
 -1.9716966e-01
 -1.8625784e+00
 -4.3905392e-01
  1.4952615e+00
  1.9957790e-05
  4.7257179e-03
  3.9388222e-01
  4.6592031e-04
  2.6315558e-04
  3.1730682e-01
  6.5198001e-05
  9.0118207e-05
 -8.6840034e-01
 -6.0102856e-01
 -4.7999030e-01
  1.2408971e+00
 -1.2356575e+00
  7.1608156e-02
 -8.7191081e-01
  1.4207022e+00
 -4.8931649e-01
  3.3931632e-05
  2.2132420e-03
 -4.5432577e-01
 -1.0382385e-03
  1.8872530e-04
  1.2914363e-05
 -1.7854316e-05
  1.4547887e+00
  2.9145002e-03
 -3.3039168e-01
  9.9272048e-01
  1.4793322e-02
 -1.4236107e-01
 -1.0001954e+00
 -5.7505441e-01
 -2.4527630e-01
 -3.8377777e-01
 -8.8557768e-01
 -9.7003438e-02
  3.7907940e-04
  7.1884014e-02
  2.2609140e-05
  1.0393188e+00
  1.5054240e+00
  3.2536368e-04
  5.0355369e-01
 -1.2350570e-01
 -1.3365078e-01
 -1.6738869e-01
  8.5113466e-01
 -5.1541433e-02
 -1.8984322e-01
  1.0302440e+00
 -6.5042302e-02
  1.8124335e+00
 -8.0738312e-01
  1.8764976e-01
  1.8303205e-01
 -5.9618607e-02
  4.4247061e-01
  1.7113896e-01
 -2.0988403e-04
  3.8699961e-01
  2.3154797e-02
  4.0578580e-05
  2.6563575e+00
  2.3940539e+00
  3.3316417e-03
 -3.2661796e-01
 -8.4792060e-01
 -1.4500450e+00
 -8.4270352e-01
 -2.5454986e-01
  2.3948397e-01
 -4.0046129e-04
 -4.4266693e-05
  2.3212282e-05
 -5.2105216e-04
 -1.8216021e-02
  1.4279674e-04
 -1.1076960e-03
  1.0071431e-04
 -3.3729020e-04
 -1.2026006e-01
  1.3917662e-01
  4.1767249e-01
 -5.5909091e-01
  3.5176772e-01
  8.2944024e-01
 -3.7009987e-01
 -4.4052616e-01
  2.5990134e-01
 -7.5647695e-04
 -2.5992980e-04
 -8.5667998e-05
 -1.5045755e-04
  7.5692841e-04
 -2.1140546e-01
 -1.9413595e-04
 -4.8417571e-01
  1.1199243e-05
 -6.4612261e-04
 -3.4458059e-04
  1.3820043e-01
 -1.3907069e-01
  4.8679602e-04
  8.3737290e-03
 -4.6406317e-04
 -2.7869549e-01
  3.2548690e-01
 -1.2374959e-02
 -9.3274190e-05
 -1.0535963e-04
  4.8233292e-06
 -3.7929800e-03
 -1.6076343e-04
  1.0786394e-01
  1.2894611e-04
  4.1059751e-04
  1.4847572e+00
  4.1108859e-01
  3.1891486e-01
 -1.7277933e+00
 -3.7253124e-01
 -1.9179435e-03
  4.2514163e-03
 -1.0936306e-01
 -1.5024732e+00
 -7.5589311e-03
 -3.2943153e-01
  1.0946965e+00
 -2.1732001e-02
  1.2090507e+00
 -8.3656609e-01
  1.0806435e-01
 -8.6931503e-01
 -1.0950562e-04
  4.8430346e-02
 -1.2422393e-01
  3.5353556e-01
  1.4894488e-01
  3.7206376e-01
  4.6201393e-01
  1.5637442e-02
 -1.8969977e-01
  8.0312224e-05
  4.4099343e-01
  2.2785642e+00
  7.8713405e-01
 -6.4015317e-01
 -2.0559130e+00
 -1.2196071e-01
 -1.6063446e-04
 -9.4092226e-01
 -1.5539894e+00
  8.3088797e-01
 -4.6168387e-01
  9.3644708e-02
  3.1793615e-01
  1.7959277e-01
 -1.4943647e-01
 -4.1726246e-01
 -5.7111996e-01
  1.9892291e+00
 -3.6340362e-01
 -3.8483256e-01
 -1.3022378e-01
 -1.7201850e-01
 -3.7340466e-02
 -2.1033032e-01
  9.9084044e-01
 -2.4203120e-05
 -7.7650871e-04
  5.5979449e-02
  4.6225861e-04
  8.1199966e-02
 -6.9414586e-02
  1.0040615e-01
  2.5671659e-04
  2.2837143e-02
 -9.3417584e-06
  3.0466542e-01
  2.2750229e-04
 -3.9059283e-05
  3.8170684e-04
  6.5193872e-04
 -4.2491074e-04
 -1.3008663e-04
 -1.9497077e-04
 -1.7178202e-03
  3.4292857e-04
 -2.0042527e-04
  3.0189682e-05
 -4.3467302e-03
 -6.7269139e-02
  1.5163177e-02
  2.9368081e-05
  1.1567971e-05
 -3.5796161e-03
 -9.2214832e-05
  3.7156040e-04
 -7.6212978e-05
 -5.4734736e-04
 -6.0400173e-05
 -1.0012551e-04
 -4.6759858e-04
 -7.9120917e-05
  2.9917108e-04
 -6.5981440e-02
 -1.8117568e-04
  1.1944333e-04
 -2.0923516e-02
 -1.5012202e-03
  5.7384768e-05
 -5.5590895e-04
  7.0474570e-04
  3.4049812e-01
 -7.6480690e-05
  3.3734426e-02
  3.3600462e-04
  5.9775671e-04
 -3.6641001e-04
  1.2752195e-05
  6.0334674e-05
 -1.1992564e-04
  2.7871245e-05
 -1.6968590e-04
 -6.1092971e-05
 -4.2935091e-04
 -5.7803998e-05
  1.5216821e-05
 -4.4236698e+00
 -1.5493756e-04
  2.8958145e-04
 -1.1282052e-03
  2.0680658e-04
  4.3039140e-04
  9.6651871e-05
 -3.2989687e-05
 -2.5838113e-04
  2.2129217e-04
  6.9354576e-01
 -2.7493332e-04
  1.6933782e-05
  2.8928561e-04
  3.2380622e-04
 -8.2266568e-05
 -3.8674916e-04
  3.7688293e-05
  4.7043260e-04
  2.6351956e-04
  3.0627372e-04
  8.5155225e-05
 -1.1957007e-04
  2.3822056e-05
  3.4212903e-04
  2.6434645e-04
 -4.6060642e-04
  3.1177682e-04
  1.9276423e-04
  6.9997535e-05
  2.2512500e-04
 -1.8144403e-04
 -5.9861451e-04
 -7.4582480e-05
  4.8506696e-05
 -4.5385845e-05
  1.0608933e-04
 -1.8750156e-04
  1.7756904e-05
  3.5629306e-05
  2.4426318e-04
 -4.3543382e-04
  4.1966417e-05
 -7.4574367e-05
  5.5681103e-05
  7.5280084e-05
  1.2195929e-03
  2.6412000e-04
  3.8764483e-04
 -1.3273384e-04
 -7.9544061e-01
  8.5435998e-01
 -4.5034677e-02
 -9.4320444e-07
  7.7931464e-02
  1.4134268e-04
  1.3291131e+00
  3.0463421e-01
  5.5775082e-01
 -2.9578607e-04
  3.0510555e-04
  5.1994331e-04
 -2.7366122e-04
 -4.3295888e-04
  2.7277844e-03
  4.1464836e-04
  1.0606155e-03
  2.2972340e-04
 -4.1159481e-01
  2.5338575e-03
  3.3937445e-01
  4.5988625e-01
  6.6606328e-03
  1.7793727e-04
  8.4525272e-02
  1.3254681e-01
  3.9825708e-04
  3.4696489e-04
  8.0761725e-05
 -4.9962131e-05
 -1.5210806e-02
  3.7334434e-04
  4.6425973e-04
  9.8883209e-04
 -7.1683027e-02
  3.2069322e-01
 -1.7170989e-04
  1.2615965e-04
  3.2768574e-05
  4.5058679e-02
  3.0601090e-03
  5.0353874e-02
  1.7744266e-04
  7.0264079e-02
  2.5110756e-05
 -2.0574130e-02
  2.5123070e-04
  8.6872035e-01
  1.6325431e-04
  2.2170524e-04
  1.8508098e-04
  3.8465406e-04
  5.5476371e-04
  1.2494302e-04
 -1.0625012e+00
  7.1820155e-05
 -1.4743249e+00
 -1.5116915e-04
  1.1844803e-01
 -7.2968694e-05
  2.5177515e-01
 -5.7111640e-02
  2.3685411e-02
  2.1553223e-04
 -3.6944821e-04
 -3.2538606e-04
 -2.3900031e-04
 -7.2827424e-05
  7.6869161e-05
 -5.9254444e-04
  3.7037225e-05
  3.4025798e-04
 -2.9535769e-04
 -2.9682312e-06
 -2.2298039e-03
  2.2523198e-05
 -2.2412393e-04
 -4.2765313e-03
  1.7846424e-04
 -4.3476539e-04
  1.1019106e-04
  7.2273644e-05
 -1.1397886e-04
 -8.1273422e-05
  3.8988932e-04
 -2.0153375e-04
 -2.3045988e-05
  2.1261808e-04
 -1.8047802e-01
  6.8199908e-05
 -5.5312434e-05
  4.2091034e-04
  4.9758790e-05
 -6.6090048e-05
  3.7166133e-04
 -2.0879723e-05
 -2.6287581e-04
  1.2596714e-01
  8.5194391e-04
 -1.9815110e-05
  1.5986394e-04
 -9.3829323e-05
  1.6278638e-05
 -2.3937387e-04
  2.6754846e-05
 -2.9574780e-04
  2.4316006e-04
  8.0379272e-05
 -1.4363247e+00
  7.1440605e-05
  6.7226170e-04
 -1.0094248e+00
  1.0044912e-03
 -1.8461147e-01
 -2.8626950e+00
  1.2996495e-03
 -1.0203781e+00
  8.0405188e-01
 -3.7072910e-04
  2.4396229e-01
 -1.1676930e-01
 -4.4545919e-01
  7.3304182e-01
  1.3961668e+00
 -4.3223519e-02
  3.0039594e-01
  5.7506853e-01
  6.8446784e-03
 -9.0599352e-01
  1.2795568e+00
 -5.7055223e-01
 -1.1048734e+00
  2.7044317e-02
  1.7928734e-04
  1.3738010e+00
  1.0698535e-01
 -2.1835282e-02
 -5.0413519e-01
  2.8983700e-01
  5.5104872e-05
 -1.3730861e-01
  1.9501874e-02
 -2.8117651e-01
  2.4776486e-01
 -2.2613807e+00
 -2.8892724e-02
 -1.2558644e+00
  7.4303043e-01
 -3.8087967e-01
  8.6090535e-02
  6.0240698e-01
  2.0920000e+00
  4.6582043e-01
 -2.1662475e-01
 -1.1123867e-03
 -8.4487538e-06
 -4.9555954e-01
  2.6118603e-01
  8.9100820e-01
 -6.7599498e-02
  2.6639249e-02
 -2.0014238e-01
  1.4164031e-02
 -3.5969108e-01
  5.4109615e-01
  2.9824442e-01
 -1.6712275e+00
  2.8346691e-01
 -6.2510505e-02
 -1.0101932e-01
  3.3832088e-02
  1.6458052e-01
  9.1950849e-02
 -4.0715140e-01
  6.9674873e-01
  7.7092528e-01
  3.3748776e-01
  6.8388987e-01
 -1.7369264e-01
  8.4102863e-01
 -4.7145626e-01
  1.9500464e-01
 -2.8955889e-01
 -6.6464901e-04
 -4.5974043e-01
  4.1595839e-02
  3.7772048e-01
  2.3031451e-01
 -5.9704161e-01
  1.4584793e-01
 -8.6050785e-01
  1.1269485e-01
  7.8162283e-01
  7.1530354e-01
  9.7997665e-01
 -9.1888539e-02
  2.8474447e-01
 -3.3293125e-01
 -6.1789971e-02
 -7.5308514e-01
  9.2166489e-01
  6.5844014e-02
  2.8454411e-01
 -5.5402452e-01
 -2.6720377e-02
  3.3265087e-04
  2.2331214e-02
  2.5567902e-02
 -9.3099743e-01
  1.1998336e-01
  1.8957053e+00
 -8.6285293e-01
  1.6805147e+00
 -5.6060106e-01
  8.2504976e-01
 -1.5374135e+00
 -4.5977271e-01
  2.8515074e+00
 -6.2214661e-02
  1.3983086e+00
 -5.0853825e-01
  3.3942857e-01
  4.0048265e-01
  2.5036838e-04
 -6.9395900e-01
 -1.7972479e+00
 -6.2559158e-01
 -3.5137739e+00
  2.2517421e+00
 -6.0162568e-01
  3.6274397e-01
 -2.2504234e+00
  1.1532743e+00
 -2.0918821e-03
  8.6829472e-01
  1.4021657e+00
  4.0520935e+00
  9.5452631e-01
 -3.6019802e-02
  3.7314120e-01
 -6.5513134e+00
  4.8947945e-04
 -4.4371733e-01
  2.5987053e+00
 -4.5797825e+00
 -7.6113570e-01
 -2.4644327e+00
  3.5470681e+00
  5.0877219e-01
  4.5939822e-02
 -4.1172755e-01
  1.5533350e+00
  2.8455102e+00
 -2.3943648e+00
 -9.4058847e-01
  8.8212943e-01
  4.6580058e-01
 -2.0162572e-01
  1.1633793e+00
  2.0177755e-01
 -2.9167277e-04
  2.0633237e-01
  3.5304099e-04
  2.5658408e-02
 -6.3810259e-01
 -2.4331692e-03
  3.0952182e-02
 -8.1344452e-03
  3.0477422e-01
  1.6249713e-04
 -1.3954701e-02
 -5.2712369e-04
  2.1033389e-05
 -3.4299298e-04
  3.3980198e-04
  1.5994924e-04
 -2.4742458e-04
  4.4991274e-04
 -6.5094056e-05
  1.2214357e-04
 -1.2365451e-04
  2.6211748e-04
 -7.3635427e-04
  1.1544194e-05
 -4.2726271e-05
 -2.7825497e-04
  2.1775492e-04
 -7.1806198e-01
 -3.3881288e-06
  4.1386898e-04
 -4.7887115e-05
  2.9022682e-05
  2.8721783e-05
  4.9820589e-04
 -7.1936502e-04
  1.3271077e-04
 -1.9627821e-04
 -1.8004583e-03
  6.0921302e-04
  6.5445685e-04
 -8.0353394e-04
 -6.0953293e-04
 -5.3953007e-03
  9.7083059e-05
  4.7128546e-05
 -1.8803228e-04
  2.2902060e-04
 -2.0019684e-04
  8.6616310e-05
 -1.2269820e-04
  3.0084344e-04
 -1.5212377e-04
  3.3791755e-05
  1.0432854e-05
 -1.2502708e-03
  1.7034526e-04
 -1.7657252e-01
  3.7950809e+00
  1.7468389e+00
 -1.4140977e-01
  3.3033213e-01
  4.3840569e-02
  3.4281722e-01
 -2.9536378e-01
 -3.3710310e-01
  9.1459952e-02
 -1.5610565e-02
 -2.7401719e-04
  4.9253184e-01
  1.0244764e+00
  8.4554774e-01
 -1.0906974e-03
  9.7945042e-02
  7.5162369e-01
 -6.5417156e-02
  6.5163857e-01
 -1.3758555e-01
  4.7231853e-01
  5.2301663e-01
  5.0461572e-01
 -5.8266479e-01
  1.5343671e+00
 -3.8876104e-01
  1.2490411e+00
  1.9528844e+00
 -4.8192498e-01
  3.7220663e-01
  2.9366112e-01
  1.6074115e-01
 -9.8449653e-01
  1.7862757e+00
  1.0035307e+00
  4.2240423e-01
  3.7894544e-01
  1.1169889e+00
  4.8883098e-01
 -1.3977969e+00
  4.7029816e-02
  2.1684186e-01
  4.1865724e-01
 -6.3751864e-01
 -1.3389964e+00
  2.0412035e-01
  1.2971455e-01
  1.1492405e-01
  4.1958623e-02
 -1.3629251e+00
 -4.6848813e-01
  4.0761930e-05
 -6.3653331e-04
  9.7209001e-01
 -1.8790028e+00
 -9.1139364e-01
  1.5508808e+00
 -2.1695758e-01
  8.4484398e-01
 -1.3993959e+00
 -5.1251417e-01
  1.5293111e-01
  3.0733639e-01
 -2.7478661e-03
 -3.7593851e-05
  3.6181021e-01
  8.0308363e-02
  9.5354777e-04
  1.0435022e-05
 -2.2670509e-02
  1.6212548e-01
  2.9408112e-01
 -1.2189964e+00
  1.6444854e-01
  1.0938262e-01
 -7.6569402e-01
  4.0344927e-01
  3.0546227e+00
 -1.3609780e-02
  2.8057536e-03
 -2.5638964e-04
 -1.8580338e-01
  3.4073651e-05
 -1.3599645e-04
  1.6650485e-02
 -1.7959878e-04
  7.8819314e-04
 -4.4123895e-04
  2.8584805e-01
 -4.1342318e-01
  1.2540479e-01
 -5.1128364e-04
  1.2758413e-01
  5.8161038e-01
  7.7296013e-01
  9.3097144e-01
  8.5666466e-01
  7.8037307e-02
 -8.2700886e-03
 -5.5916131e-01
 -1.7192292e-01
 -1.7695732e-02
  2.9933287e-03
 -2.3812872e-01
  2.3489116e-02
  1.1345400e-04
 -3.4411534e-04
 -8.8947004e-01
 -2.9948273e+00
 -2.9072323e+00
  4.8441017e-01
 -5.1309767e+00
  1.0769211e+00
 -1.7327518e+00
 -2.4908301e-04
 -2.0010967e+00
 -7.6171488e-01
  2.6612062e-05
 -2.6681539e-05
 -6.5514859e-04
 -2.9360093e-04
  6.8455338e-05
 -1.6446786e-05
  1.9568138e-04
 -4.8316160e-01
  2.8015977e-01
  1.1496535e-04
 -5.8061999e-01
 -1.0377480e-04
 -6.8640438e-05
 -2.1756354e-05
 -6.5000745e-04
  4.2243832e-05
  7.0470072e-05
 -1.2453568e-04
 -2.3256398e-04
  5.4942098e-05
 -1.7919304e-04
  3.1895703e-04
  4.1783314e-05
  2.2575530e-04
 -1.2528258e-04
 -1.2524782e-02
 -5.9714741e-01
 -4.5570407e-05
  9.0469309e-04
 -5.1530708e-02
 -9.0344208e-01
 -3.5827109e-04
 -6.8156671e-04
 -3.1683120e-01
  3.5936203e+00
 -8.2802810e-02
  1.0848803e-03
 -1.0171076e-04
 -4.1375908e-05
  3.2418834e-06
  2.5048820e-04
 -7.4742275e-04
 -4.4719520e-04
 -6.6441065e-04
  3.0390735e-04
 -4.4477529e-05
  5.2543229e-04
 -1.8058250e-03
 -2.1167114e-04
  2.3467697e-02
 -1.1165104e-05
  3.1365624e-05
  2.5328764e-04
  3.6627694e-04
 -2.6679043e-06
 -2.4893929e-04
 -2.1971940e-04
  1.5215433e-05
  5.4912049e-05
 -5.9819078e-05
 -1.1282709e-03
  4.4538123e-05
  8.7627466e-04
 -3.0232154e-04
  1.8027877e-05
 -3.1531796e-05
 -1.7047765e-04
 -7.5923727e-04
 -3.2867678e-04
  2.2910525e-04
  2.4332679e-05
 -7.5033237e-04
  7.2398729e-04
  1.0052427e-04
  1.6792827e-04
  1.0901702e-04
 -2.5840534e-04
  3.6880054e-04
  3.2558144e-04
  2.8671124e-05
 -3.0343942e-04
 -2.8045696e-01
  9.2951763e-05
 -8.3047991e-05
  3.6796991e-04
 -7.4975140e-04
  1.2572097e-04
 -2.7684230e-04
 -8.2009961e-04
 -2.0256413e-04
  3.7858789e-04
 -3.7062930e-06
  2.5073625e-05
  1.9808418e-04
  1.8448042e-04
  4.2794516e-05
 -1.1868365e-03
  6.1127073e-05
  1.4826478e-04
  2.2632554e-04
 -1.5393803e-01
 -6.2903448e-05
 -8.8538526e-04
  6.0912836e-01
 -2.9460622e-02
  7.5207536e-06
 -5.1487044e-05
 -6.0242973e-04
  1.0848921e-01
 -5.2178453e-05
 -3.4121773e-04
  3.4704065e-04
 -8.8675515e-05
 -1.8735410e-04
  1.7100827e-04
 -4.9833657e-04
  3.4405707e-04
 -9.0558016e-05
 -1.2494125e-04
 -6.1684618e+00
 -6.1379877e-05
  2.1118206e-01
  1.7424644e-04
 -8.3636623e-05
  4.9372925e-04
 -9.8218117e-04
  1.1949144e-04
  5.7450979e-04
  3.4213888e-05
  2.7198856e-05
 -1.4818974e-05
  2.3224874e-04
  2.6078543e-04
  3.9910581e-05
 -1.1872964e-04
  1.6894282e-04
  1.3375576e-04
 -4.6101566e-05
  5.4670783e-04
  6.7868811e-04
 -7.2203322e-05
 -9.7558906e-05
  4.8666922e-04
 -1.6994128e-04
 -7.8799319e-04
 -6.3590356e-04
  6.1904028e-04
 -6.7999994e-05
  6.5164422e-05
  2.2124923e-04
 -1.9787933e-04
  5.1354607e-05
  1.1062765e-01
  1.4091235e-01
  3.8357794e-01
 -5.4613304e-01
 -2.4106035e-01
 -1.3832929e+00
  1.9560794e-03
 -1.9511551e-01
 -7.4077678e-01
 -4.0154028e-01
 -8.4911102e-01
  1.2798356e-02
  1.6979459e-01
 -4.9319857e-01
  2.1901388e+00
 -4.3516198e-01
 -5.9103912e-01
 -7.7622272e-02
 -1.1285987e-01
  5.1810741e-01
  1.3160932e-02
  2.5356528e-01
  1.0196558e-02
  2.5387084e-01
  3.7393993e-01
 -4.0698102e-01
 -5.5949360e-01
 -8.9917928e-01
 -1.1301182e-01
  6.5408021e-01
 -3.6712891e-01
 -1.5092681e-01
 -2.1792643e+00
 -5.2197468e-01
 -8.7442017e-01
 -2.4119815e-01
  8.0992246e-01
 -2.2745484e-01
 -5.4676640e-01
 -1.1572763e-01
  3.5504392e-01
  4.7029864e-02
 -1.8116723e+00
 -9.5016003e-02
 -2.2689734e-01
 -1.8155588e-01
 -3.9899299e-01
  6.8642892e-02
 -1.5575189e-02
  2.7862370e-01
 -6.7938173e-01
 -2.9127302e-02
 -7.5856573e-04
  2.4872863e-01
  2.7407217e-01
  1.0613583e+00
  1.0618364e+00
  4.1263366e+00
  1.4114184e+00
 -2.1797638e+00
 -1.3900484e+00
 -3.1187744e+00
 -2.2798929e+00
  8.8804823e-01
  5.9080444e-04
 -3.4117381e-04
  3.0303680e-04
 -1.4349173e+00
  6.7878602e-05
 -3.5350284e-05
 -5.6594396e-01
 -4.6706214e+00
 -2.3552692e+00
  9.1994953e-01
  7.5618947e-01
 -1.7373025e+00
 -5.1335133e-05
 -9.7916466e-01
 -2.3754644e+00
  1.7077971e-04
  5.1539263e-04
 -2.1270752e+00
 -2.6270522e-05
  2.7216008e-01
 -4.5896228e-05
 -7.8594284e-03
  3.3672250e-04
 -2.4036111e-04
 -1.2929223e+00
 -1.2369920e+00
 -3.2913728e+00
 -2.0913601e-02
 -2.2159109e+00
 -2.0203385e+00
  1.0085598e+00
  3.5920050e+00
 -2.7349340e-02
  2.6582769e-01
  4.2743340e-01
 -1.6953608e-01
  1.8861428e-01
  2.5336376e-01
 -1.2471057e-03
  2.4446266e-04
  7.3377657e-01
  3.4334004e-04
 -8.9969162e-06
  4.7421817e-02
  1.3075761e+00
  2.0046132e+00
 -9.6235985e-01
  3.1308193e-02
 -3.9351118e-01
  1.0295914e+00
  1.1796315e-01
 -1.0084057e+00
  7.3704101e-02
  2.6648560e+00
  1.4955061e-05
  2.6069520e-06
 -4.0136912e-04
  1.7758819e-01
  6.1910790e-01
 -1.0511696e+00
  4.6506101e-01
  8.5505408e-01
  3.4444156e-01
 -2.1118237e-01
  2.4721047e-01
  7.8923635e-02
  1.4822635e-01
 -2.2069952e+00
 -4.8772100e-01
  4.7384194e-01
  1.8925673e-01
  2.2206531e-01
  1.2417928e+00
 -3.0258839e-04
 -8.5248072e-03
 -6.5268183e-01
 -4.9278975e-01
 -1.6989833e-01
  4.6300742e-01
 -8.5610855e-01
  3.9379060e-01
 -9.5806167e-02
  1.4807082e+00
  8.5242189e-02
  3.0576255e-02
  3.4443954e-01
 -5.8638954e-01
  3.9188528e-01
  1.9005550e-01
 -1.2813995e+00
 -3.6551568e-01
  1.0569869e-03
 -3.0574997e-04
  8.1591010e-02
 -1.0776429e+00
  4.2564244e-04
 -3.7582469e-01
  6.8459582e-01
  1.7525582e-01
  5.8122806e-02
 -8.3231837e-02
  1.1845139e-03
  2.6275280e-01
 -3.5059708e-01
  3.8000941e-01
  1.3943648e-03
 -6.6722840e-01
 -8.9243535e-05
  2.4273978e-04
 -3.4967321e-04
 -6.9701811e-05
  7.7057566e-04
 -1.8153178e-04
  1.0400746e-03
  6.3146739e-03
 -3.4679557e-04
 -1.2332725e-04
 -4.3119141e-04
  6.0041435e-05
  1.9442956e-05
  8.4208955e-07
 -7.5195409e-02
  5.4375216e-04
  1.6527790e-04
 -1.5300218e-05
  1.9870099e-04
  5.7367601e-05
 -7.8138692e-05
 -2.4546642e-04
  1.6649018e-04
 -1.4804647e-05
 -3.8335966e-05
 -2.2646014e-04
  2.6068310e-04
  2.0185369e-03
  2.9342910e-04
  4.8951042e-04
 -8.5359694e-05
 -1.0604077e-04
  6.1628362e-04
 -6.8353111e-04
 -2.1138299e-05
 -4.2155827e-04
  3.1983036e-05
 -2.8475397e-04
 -1.0448898e-04
  5.4112298e-04
 -3.0072490e-04
 -8.1837847e-05
  6.5122434e-04
  7.6421100e-05
 -4.3034711e-04
  1.1698153e-03
 -3.2065016e-01
  1.1211402e+00
 -9.1289848e-02
  1.3540596e-01
 -2.3838310e-01
 -7.3491745e-02
 -3.2173416e-01
 -1.9245043e-01
  3.5260833e-04
  3.3832787e-04
 -2.2108197e-05
  5.3735037e-04
 -3.5166455e-04
  5.0467689e-04
 -1.1448236e-04
 -6.7321402e-01
 -1.1835060e-04
  1.2143040e-02
 -5.6125270e-04
 -6.8618372e-02
 -3.0818014e+00
 -5.7041872e-01
 -4.3114211e-02
 -2.6998854e-01
 -7.1099520e-01
 -1.3703516e-01
 -8.6549774e-04
 -8.9728944e-03
 -6.8041834e-04
  3.4260590e-04
 -2.1569242e-01
 -8.2989805e-04
 -1.7815265e-04
 -2.3828782e-04
 -8.1338719e-02
 -9.5670238e-02
  3.3717640e-02
  8.1317330e-04
  3.0673482e-04
 -8.0326617e-02
  1.6868542e-05
 -6.6048413e-04
 -3.6793959e-01
 -6.7845249e-01
 -1.8643487e-04
  3.2385927e-01
  3.9901137e-02
  1.1161936e-05
  1.2360921e-03
  2.4457174e-04
  1.7290736e-04
  2.0976065e-04
 -2.4082862e-04
  1.3400157e-01
  3.3057358e-02
  9.6656568e-02
  3.1937985e+00
 -5.3787917e-01
  6.0400373e-01
 -7.6027727e-01
 -1.1378162e+00
 -3.7690696e-01
 -3.3086555e+00
 -1.4586798e-03
  7.3516779e-03
 -1.3765756e+00
  3.8676426e+00
 -6.5686816e-04
  4.8583634e-02
 -1.2966299e+01
  1.0240809e+00
 -4.9203750e-01
 -4.3777313e-02
 -7.9527587e-01
  2.0663300e+00
 -1.2232320e+00
  1.9458758e+00
  2.2743683e+00
 -1.3548365e+00
 -1.4610374e+00
 -7.3039079e+00
  2.7253110e-02
 -2.0269470e+00
 -5.3264987e-01
 -3.5577221e+00
  6.8032484e+00
  2.2598221e+00
  3.0800852e-04
 -1.6608086e+00
 -9.0609545e-01
 -1.5990284e-01
 -9.6673083e-01
  1.9475884e+00
  1.4733882e+00
  2.4312263e+00
  1.0510879e+00
 -1.8814658e-01
 -2.9743614e+00
  3.0581939e+00
  3.1098567e-03
  7.1798027e-02
  7.6596677e-01
  1.8855087e-04
 -3.3431928e+00
  5.1172298e-01
  1.2084670e+00
  1.0736828e+00
 -7.5490195e-01
 -4.6627700e-01
  6.5847498e-01
 -3.5198525e-01
  3.7280631e-01
  6.8067074e-01
 -9.6656758e-01
  6.0822672e-01
  1.0305357e+00
  6.0897823e-02
 -2.1772864e-01
  1.2946654e-04
  2.1386071e-04
 -6.1367098e-03
 -1.3622524e-03
  1.3410051e-03
 -3.2644284e-01
 -2.7214691e-01
 -1.1579350e-01
 -3.0584410e-01
  1.0453894e-01
  6.2530377e-04
 -7.5439513e-01
 -3.5910778e+00
  4.2186896e-03
 -9.0953636e-01
  3.6700550e-02
 -3.7284062e-04
  3.5026031e-05
 -5.4358889e-04
  7.5790709e-01
  9.6120544e-02
 -1.4494389e-03
  2.6654840e-01
 -4.7066502e-02
  8.0333734e-01
 -2.0191945e-01
 -1.2534234e-01
  2.9243979e-01
 -3.7367630e-01
  5.3508371e-01
  1.1552064e-03
  6.0103190e-01
 -5.6214478e-02
  6.4004779e-01
  2.1084385e-04
  1.6872672e+00
  6.2578343e-05
  2.7969675e-04
  8.4334133e-05
  3.6015788e-01
 -6.8967938e-06
  3.7571904e-04
 -1.4287701e-01
  4.1745114e-01
 -2.7612190e+00
  7.5846410e-01
  3.3030370e-01
 -2.1113477e+00
  1.4343009e+00
  4.0142015e-01
  7.5017327e-01
  1.5546626e-01
  5.0536269e-01
  1.4864308e-03
  1.6226908e-04
  4.3910742e-04
  2.1179145e-02
  3.6599045e-06
  2.4954362e-03
  1.8252851e-04
  4.3466324e-01
  8.1162977e-01
  6.7933383e-03
  4.2961693e-01
  3.9093714e-02
 -9.7346061e-01
  1.2471384e-01
 -1.2403850e-01
 -6.6656641e-05
 -2.4569118e-01
  9.3466818e-01
  2.9289105e-04
 -2.0027883e-01
 -1.5830150e-04
  9.6698030e-04
  2.6755302e-05
  3.9702587e-04
 -1.1934128e-04
  6.6744888e-01
 -6.3285851e-01
  4.7745541e-01
  8.0039218e-02
  3.6005378e-02
 -2.2551599e-01
  2.1146140e-01
  2.8386741e-04
 -3.9000262e-03
  6.0799748e-02
  8.3668798e-02
 -2.0637646e-04
 -4.0118564e-05
 -2.3165035e-04
 -2.6350812e-05
 -8.5765518e-02
  1.7361507e-03
  2.9697511e-04
 -1.8065934e-04
  1.1233945e-01
  8.1095421e-01
  2.9207813e-04
  2.5252638e+00
  7.9237752e-02
  2.4912679e+00
  4.0299449e+00
 -4.9151543e-01
 -2.7334311e+00
  8.9090870e-05
 -3.6763957e+00
 -2.2842667e-04
  1.5555504e-05
  1.0798307e-04
 -1.8755358e-04
 -6.6383072e-05
  4.0208426e-04
 -2.7247816e-02
  1.6770873e-02
 -2.7476682e-04
 -1.4011809e-01
  2.9715005e-04
 -1.3852725e-04
  4.2326711e-02
  3.8453968e-06
 -3.1869873e-04
  5.2765070e-04
 -3.1961713e-04
 -5.0044991e-04
 -1.4627169e-04
  2.1994021e-03
 -1.4442940e-05
 -2.8701956e-04
  3.7677420e-04
 -1.8251150e-05
 -2.7478001e-01
  2.7866187e-04
  3.1887562e-04
 -1.6351986e-03
 -2.8235886e-06
  4.3596201e-02
  4.0087994e-04
  9.6889650e-03
  8.9885478e-05
 -1.7062349e+00
 -1.2391635e-03
  1.8621390e-04
  4.4363752e-04
  1.7811007e-04
 -3.4949399e-04
 -2.9691405e-04
  1.3494080e-04
  3.2926662e-04
 -3.7105757e-04
  7.1680623e-01
  4.7172338e-01
 -1.0601004e-01
 -1.5419355e-01
  1.8425100e+00
  1.7507192e-02
  7.6746142e-01
 -6.5864937e-04
 -9.5648450e-01
  5.2067542e-01
  4.1245217e-05
  7.0543516e-05
 -1.5025980e-02
  4.5799994e-04
 -1.2783516e-04
  2.1253503e-04
 -2.7647930e-05
 -1.8185937e-01
  1.5746781e-03
  5.4377415e-03
  1.0832959e-03
  1.9205784e-02
  4.6775597e-01
 -3.1722727e-01
 -3.3245058e+00
  1.8618228e-01
  2.0437343e-01
  3.3578344e-04
  4.2946218e-04
  3.4375404e-04
 -9.5352228e-04
  1.3846342e-01
  1.0008498e-03
  6.2358449e-05
  1.1580539e-04
  7.6692921e-01
 -7.2386968e-01
 -4.4363460e-01
 -3.3707544e-01
 -2.8276974e-01
  1.4681072e-04
  3.2085043e-01
 -1.7153230e-03
 -1.5498020e-04
 -7.2816625e-02
 -1.0659044e-04
 -1.2315707e-01
  2.2680294e-03
 -1.0927271e-05
 -1.1409237e-03
 -8.4565749e-05
  3.6271744e-05
 -5.3669610e-05
  2.0381118e-05
  2.5730528e-02
 -1.6313364e-01
  2.5718382e-01
 -9.4438165e-02
 -7.8387602e-06
  1.1497768e-01
  1.8935841e-01
 -4.9703911e-01
  1.6035232e-01
  4.8981019e-04
  1.5134931e-03
 -1.4313299e-04
 -3.2904027e-06
 -5.2158406e-04
  9.2362992e-05
 -1.2909155e-04
 -2.3762631e-04
  1.2561989e-04
 -5.9331150e-04
 -9.5844567e-05
  9.9119650e-05
  2.0639143e-04
  9.8260069e-05
  3.4241462e-01
  7.2568393e-05
  1.4881420e-04
 -7.8431243e-05
 -5.7457393e-04
 -2.4513263e-04
 -6.3605676e-04
 -1.7528099e-04
  9.6616008e-05
 -5.5536797e-04
  2.4234596e-05
  3.3619752e-05
  2.4340684e-04
 -3.0716756e-04
  2.4701928e-04
 -4.1386651e-04
 -3.4087195e-04
 -1.0272416e+00
  4.2042806e-04
 -4.3343887e-05
 -2.4423848e-03
 -4.6068896e-02
 -1.1989584e-04
  3.2067130e-04
  1.3287825e-03
  9.2956892e-05
  3.0262521e-04
 -1.4932990e+00
  8.3581632e-05
 -1.0674685e-04
 -1.7643915e-04
  4.3645599e-01
 -1.1195862e+00
  3.2528585e-01
  4.8110622e-01
  1.0766207e-01
 -6.4455569e-01
 -1.8890164e+00
  3.7000098e+00
 -5.4045990e-02
  2.9932937e-04
 -7.5985590e-05
 -5.6058056e-05
 -2.3151169e-05
  1.6955675e-01
  3.6302660e-04
 -3.4989844e-04
 -1.1091018e-04
  5.7930080e-04
  4.8087552e-02
 -1.3077551e-01
 -1.0638682e-02
  4.7446627e-04
 -3.3791587e-02
  1.1646370e+00
 -1.3610949e-04
 -9.9146980e-01
 -6.6153926e-01
  8.3947465e-02
 -8.3166575e-01
 -9.2849873e-02
 -2.1966809e-01
  8.1805253e-01
  1.7283060e-07
 -1.2060213e-03
  7.4238420e-01
  4.8490655e-01
  6.6505331e-03
 -2.1675567e-04
  4.4039126e-02
 -1.1783976e-04
  1.5195513e+00
 -8.3712424e-04
 -1.9881066e-03
  2.4663001e-01
 -5.8024293e-01
  3.7194631e-04
 -1.2782810e-03
 -3.6000994e-01
 -5.8734749e-05
  1.4521696e-05
 -9.6664536e-01
 -2.0537565e-04
  1.0713931e-03
  1.5781686e-04
 -5.6682569e-01
 -3.9837441e-01
  7.3317260e-01
 -1.1209214e-01
 -1.0013223e+00
 -2.3022566e+00
 -4.0574715e-01
  1.3096731e+00
 -4.8380789e-01
 -9.8127574e-01
  9.1725641e-01
 -1.9959942e+00
 -9.2847645e-04
 -9.3615705e-01
 -2.0292945e+00
  7.5343639e-01
  8.6525923e-01
  1.2097210e-01
 -1.0743906e-01
 -1.4921625e-01
 -2.5171106e+00
  5.4019397e-01
  7.7219019e-03
 -1.4932008e+00
  1.7511973e+00
  1.7881695e+00
  1.0249437e-01
 -5.8890277e-01
 -1.5661355e+00
 -3.0531166e-03
 -1.6787834e-01
 -6.0417747e-01
 -2.1121471e+00
 -2.4904847e-01
  7.6553351e-01
 -1.5379133e+00
 -1.3828775e+00
  5.7024872e-01
  1.5208260e+00
 -1.2305576e+00
  7.3770297e-01
 -1.5454954e+00
 -1.5273584e+00
  5.3597409e-01
 -6.7419428e-01
 -4.3317199e-01
  1.4124920e+00
 -4.7648730e-04
  5.1680779e-01
 -4.9590006e-01
  3.9347491e-01
 -5.3438610e-01
  7.8405660e-01
  1.3220108e-01
  7.3267978e-01
  6.3136703e-01
  7.4904975e-03
  1.8530677e-01
 -9.0721238e-01
 -1.5183462e+00
 -1.7266200e-01
  3.0117794e-03
 -3.2401171e-01
  1.8326822e-04
  4.8685941e-04
 -2.7559244e-04
 -8.5248292e-04
  7.8650970e-05
  3.0102752e-04
 -1.1387458e-03
 -1.0750571e-04
  1.5352506e-04
 -3.3173344e-01
 -7.4351304e-03
 -1.0738660e-04
 -5.8591887e-02
  3.0105591e-03
 -1.5876287e-01
  1.1398505e-03
  1.9842134e-04
  4.2524505e-05
  3.6290759e-04
  2.1432611e-04
 -9.9343550e-04
  6.2143005e-04
  3.5068314e-04
  1.3977788e-04
  4.2170519e-04
  5.5223540e-04
  2.3734626e-04
 -3.4557635e-04
 -4.1433510e-01
  4.8145515e-04
  2.9196579e-04
  2.4037724e-04
 -2.9165921e-04
 -2.4369643e-05
  4.7537906e-04
  1.5415467e-02
 -9.7549382e-06
  6.2209744e-02
  3.2882567e-04
  3.3138157e-04
 -1.0084420e-04
  1.1888670e-04
  2.2989372e-05
 -5.0768972e-04
 -6.6815392e-06
 -2.3001485e+00
 -1.5657888e-01
 -4.1040051e-01
 -4.9751303e-01
  2.0014632e+00
 -8.3393782e-01
 -1.3034737e-02
  1.3191201e-01
  1.7686563e+00
 -1.0284027e+00
  2.6107597e+00
 -3.3421675e-05
 -3.8975626e-01
  9.9134958e-01
  1.4957491e+00
 -1.7015469e-04
  1.2039378e+00
 -3.9004490e-01
 -7.6678383e-01
 -6.5428026e-02
 -4.1751435e-01
  1.0757814e-01
 -8.8445121e-01
 -8.2548368e-01
 -1.9043067e-02
 -7.2213421e-03
  1.2519749e-02
 -3.4705419e-02
  7.0044881e-01
  1.1774027e-03
 -2.9059322e+00
 -1.3359686e+00
  3.2994773e+00
 -2.0227367e-01
 -2.0530488e+00
 -1.1483724e+00
 -1.8626285e+00
 -8.4481567e-01
  5.6046076e-02
 -1.2075005e+00
 -1.7539630e+00
  2.6437241e-01
 -2.5530025e-01
  4.3619373e-03
 -1.3810152e+00
  1.0258689e+00
 -1.1038616e+00
 -1.2804678e-02
  7.4072766e-01
 -7.5707026e-03
  6.3168043e-01
  1.2058092e-04
  8.8971931e-01
  2.7669924e-01
  4.9371862e-01
 -7.0150733e-02
 -9.7891178e-05
  1.1004728e-01
  7.4686360e-01
  1.9904122e+00
  8.8032317e-01
 -1.0103134e-03
 -1.7897333e-01
  2.3032437e-04
  3.5748980e-04
 -8.2854409e-04
  3.9565389e-04
  1.9951235e-04
  3.9183363e-04
  3.3462969e-05
  2.0200189e-04
 -3.6129775e-04
  2.1937571e-01
  1.5386786e-01
 -9.5013325e-05
  3.6079091e-01
 -1.0632070e-02
  1.5588282e-01
  2.5441965e-05
 -1.2596291e-04
 -4.9620756e-04
  3.3915039e-05
 -1.2794853e-04
  7.1561708e-06
 -4.8304308e-05
 -2.6539678e-04
 -1.1971149e-03
 -5.0247541e-05
 -9.4439351e-04
 -1.0404976e-05
  1.3511471e-04
  5.2731252e-01
 -8.5192121e-05
  9.3861319e-02
 -1.6539390e-04
 -2.7494861e-02
 -3.1881777e-05
 -1.6312678e-01
  1.1914188e-01
  2.2888256e-04
  6.7569315e-04
 -6.1035251e-05
  6.8220304e-04
  1.6621232e-04
  3.1148479e-04
  4.4271626e-05
  4.0175266e-05
  8.0881051e-05
  9.3800652e-01
 -8.0891979e-01
  1.3441466e+00
 -2.4063411e+00
 -6.2312800e-01
 -1.1429045e+00
 -5.5015844e-01
 -2.5155973e+00
 -1.0356685e+00
  5.3581488e-01
 -1.0344552e+00
  1.0661490e-01
 -9.3776447e-01
  6.3887107e-01
  4.8302067e-05
 -1.6532621e+00
  8.0975097e-01
 -5.5215278e+00
  8.3710623e-01
 -1.6807127e+00
  8.1049286e-02
 -2.0228484e+00
  1.6076368e+00
 -1.6666807e+00
  1.1953826e+00
  2.6785225e-01
  1.9570398e+00
 -2.5980148e-01
  1.0201536e+00
  1.7806101e-01
  1.5937911e-04
  1.9391590e-01
  1.8058876e-03
 -4.1531181e-05
  8.6790707e-04
  8.1044054e+00
 -6.1298800e-01
  3.9607821e+00
 -4.8175603e-02
 -1.2706503e+00
 -3.2827635e+00
  3.1546339e-01
 -8.4978583e-06
  1.8927264e+00
  2.4061639e+00
 -6.9339570e-05
 -1.7343194e+00
  2.4392066e+00
 -3.0184364e-01
 -6.5937737e-04
  3.9397720e-01
  4.7692731e-01
  3.4163165e-04
  9.2700153e-04
  4.8438635e-01
 -3.7215421e-01
 -1.0303382e-01
  9.0094030e-02
  4.3006206e-01
  1.1736053e+00
 -5.3286844e-01
 -6.9635808e-01
  2.1012689e-01
  2.5124140e-05
 -7.2736619e-04
  5.3475209e-04
  1.3628736e-04
 -1.0594117e-04
 -3.5356401e-04
 -5.4932301e-05
  1.5154673e-03
 -7.3594961e-04
  2.6909313e-01
  7.1063274e-01
  2.2979867e-01
 -1.3267972e-04
  1.1099854e-02
  6.6170508e-01
  3.0355163e-02
  1.0347363e-03
  3.0751473e-01
  8.9025154e-05
  2.7375805e-04
  1.2462286e-03
 -4.8550595e-05
 -5.9047819e-04
 -1.9420390e-01
 -3.1709042e-04
 -3.5620884e-05
 -1.7107006e-04
  6.8183202e-01
  5.0784600e-01
  5.4374926e-02
 -3.0684581e-01
  2.9208092e-03
  1.1447845e-03
  4.6101683e-03
 -7.3359576e-03
  9.5145684e-03
 -1.8791395e-04
  2.7574912e-01
 -8.8856148e-05
  8.5122208e-04
  2.1144352e-04
  4.5865136e-03
 -1.5569414e-04
  1.0605392e-03
  1.4659985e-04
 -2.6786876e+00
  1.2068114e+00
 -1.1160600e-02
 -4.5020208e+00
  1.0363834e+00
 -3.5430974e-01
 -8.1535304e-01
  7.9554111e-01
  7.0608574e-01
  6.4935929e-01
  6.2099964e-05
  3.5749254e-04
  7.7722722e-01
  3.5068569e+00
 -2.2118571e-04
 -1.4809526e-04
  1.6072618e+00
  3.7042607e-04
  3.3675897e-01
  3.0507490e-01
  1.0608224e+00
 -3.3346900e-01
 -6.8445117e-03
  1.7707869e-01
 -2.6447409e-01
  7.3635733e-01
  1.2534423e-01
  2.6194119e-01
  3.9450172e-01
  1.0643623e+00
  3.7568510e-01
 -3.1552723e-04
 -7.8101503e-03
 -8.6473831e-04
 -9.6751258e-02
  1.5206412e+00
  9.8575312e-01
  3.2976162e-01
  6.1691666e-01
  3.4603037e-02
  2.9343596e-01
 -2.2006896e+00
  2.8393266e-01
  4.5639660e-02
  6.8222958e-01
 -2.7024469e-04
 -1.7968295e+00
  5.2123147e-01
  8.6991655e-05
 -1.4579023e-01
  3.4442860e-01
  6.1147852e-04
 -2.1071890e-01
 -1.3826587e-04
 -7.1327567e-01
 -6.6620308e-01
 -6.4508635e-01
  1.3139251e-01
 -1.9266333e-01
  1.3747654e+00
 -3.1355733e-01
 -6.9651508e-01
 -5.0579816e-01
 -6.2047178e-01
 -2.7729010e-03
 -4.2706126e-04
  5.8803218e-04
  1.5387341e-01
  2.3613824e-04
  1.4682043e-04
  4.4282115e-01
  6.5568149e-02
 -6.6938400e-02
  3.1283330e-02
 -3.9658991e-01
  1.2848094e+00
 -2.9021007e-01
  3.2280219e+00
  3.5297468e-01
 -1.0410456e-02
  6.4910764e-01
  9.6471101e-01
 -1.6331135e-01
 -6.4212638e-01
  8.7990128e-02
  6.7652214e-01
  2.5101376e-01
  2.0508317e-04
  4.9227583e-01
 -9.8939948e-03
  4.9935243e-01
  1.9555692e-02
  4.3534534e-03
  5.9591407e-01
  4.8054004e-01
  1.2022359e-01
  9.2672688e-01
  2.7027643e-01
  5.3424823e-01
  2.9224300e-01
  6.4549637e-01
 -1.3790585e+00
 -1.3327771e-02
  2.4809844e-03
 -1.8163614e+00
 -3.2775034e-04
 -2.6111726e-03
 -3.2471853e-01
 -4.9435076e-01
  2.3854504e+00
 -4.5383878e-02
 -1.5188245e+00
  8.4257627e-01
 -2.2289827e-01
 -6.2992436e-01
 -2.3851390e+00
 -1.7036504e-01
 -2.4793258e+00
  1.2331135e+00
 -3.8289215e-02
 -1.0578490e+00
 -1.1490729e+00
  1.0862938e+00
  7.1822532e-04
  3.2471635e+00
  1.5416117e+00
  5.4072242e-02
 -2.0122387e+00
  3.0917931e+00
 -2.0068314e+00
  4.3860421e-01
  2.3402765e+00
  1.3288829e-01
 -8.5130244e-02
  9.4572073e-01
  2.4173595e-04
  1.4246916e+00
  3.0374525e-03
 -8.3407468e-01
 -1.3133469e-05
  1.5244466e+00
 -1.9924864e-04
 -3.6957014e-01
 -2.7225740e+00
  1.4650710e+00
 -2.5015054e+00
  1.2677945e-03
  1.5147940e+00
  2.6878560e-01
  9.8240244e-01
  4.7878656e+00
  1.6319410e+00
  7.8703028e-01
  1.4241382e+00
  1.1969242e-03
  1.1746226e-01
  2.3601006e-01
 -1.7721963e-01
  8.9706725e-01
 -2.3220076e-01
  1.8955450e-01
  5.3649282e-01
 -5.1886190e-02
  3.3560123e+00
 -2.0875128e-04
  3.8991135e-01
 -3.7039779e-02
  3.3737877e-01
  7.0965633e-02
  8.0648264e-05
 -1.0714080e-01
  8.7889307e-04
 -7.1331306e-04
 -1.5590061e-04
 -1.4676848e-04
 -6.7750443e-06
 -1.3519314e-04
 -3.1560409e-04
  4.2169585e-04
  3.8415721e-05
 -1.1002858e-04
  1.0060529e+00
  5.1936237e-03
  2.5799437e-04
  3.8622221e-04
 -2.4324637e-02
  8.0420694e-05
 -8.3349121e-05
  1.3879861e-03
  9.6149080e-05
  1.7818806e-05
  4.2848141e-04
  6.5914588e-05
 -1.5170561e-05
  7.7214791e-05
 -1.0099724e-04
 -2.0344001e-04
  3.6838795e-05
 -1.3442911e-03
 -3.9882754e-04
 -3.3952927e-04
 -2.3473853e-04
 -1.1670360e-02
  8.0344915e-05
 -2.5830397e-04
 -3.2820913e-01
  1.2938500e-02
 -2.1496284e-04
  1.4990655e-05
  9.2822709e-04
  2.8708088e-04
 -4.6041587e-05
  4.2683689e-04
  1.3356803e-03
  5.7550424e-05
 -5.5220287e-05
 -5.5381775e-01
  6.6657394e-01
  1.8195014e-01
  1.5149140e+00
 -8.2296348e-01
 -5.6060189e-01
 -5.9394771e-01
 -5.2615362e-01
  7.6968098e-01
  6.8886615e-02
 -5.5502933e-01
  1.4579862e+00
  1.8650889e+00
 -6.8022925e-01
 -6.6202301e-01
 -1.8957844e+00
 -6.7587674e-01
  2.1081841e+00
 -3.6243555e-01
 -4.1128162e-01
 -6.3883543e-01
  7.8141218e-01
  7.9055792e-01
 -1.0387912e-01
  3.2016352e-01
 -2.6779076e-01
 -1.3704976e+00
  3.1825125e-01
 -6.8251871e-02
 -1.0294211e+00
  3.1044800e+00
 -3.0619185e+00
 -2.0503670e-03
 -7.7503324e-02
 -2.1162314e-02
 -6.5829182e-01
 -1.6303935e+00
 -4.3196729e-01
 -1.8942487e+00
 -3.9630100e-01
  7.8669941e-01
  1.5681267e+00
 -2.5434175e+00
 -1.5866451e+00
  1.0190068e+00
 -3.2133871e-01
  1.1283224e+00
  5.2012855e-01
 -1.1126900e+00
 -5.0126958e-01
 -9.6151239e-01
  3.1598096e+00
 -5.3740454e-01
  5.8968127e-02
  7.4723467e-02
 -2.0406929e-01
 -1.8889466e-01
 -3.5473633e-01
 -1.2208264e-01
  2.8195146e-01
  3.1154945e-01
  1.7213251e-01
  1.8084317e-01
  3.1458578e+00
  6.4687614e-05
  1.9400619e-04
  3.6601466e-01
  6.6887778e-01
  1.0417768e+00
 -8.1661694e-02
 -1.3067424e-01
  2.0605233e+00
 -4.8398912e-02
 -1.3982904e-01
  6.9011027e-01
 -2.5372776e-01
 -5.4546779e-01
 -3.2695422e-01
 -1.0584937e+00
  5.3452194e-01
 -2.1395837e-01
 -5.6875741e-01
 -4.0122110e-01
  2.7813561e-02
 -1.0407441e-01
 -2.8934982e-01
  6.6442177e-02
  1.7424922e-02
  5.1593300e-02
 -7.8751671e-01
  3.2697210e-01
 -7.5484490e-01
 -1.3947597e-02
 -5.2776814e-01
  1.8413396e-01
  7.0438278e-01
 -3.4780669e-01
 -1.0740463e-02
 -5.2416170e-01
  7.6437455e-01
  1.2644541e+00
  4.9004984e-01
 -7.7412325e-01
  4.6214923e-01
  2.3209109e+00
 -3.6859958e-04
 -9.2674978e-02
  7.9719883e-01
 -2.1171832e-01
 -3.6733146e+00
 -1.5623767e+00
  8.3334714e-01
  6.3861060e-01
  1.3153866e-01
 -6.6692609e-01
  8.9941174e-02
 -4.7445723e-01
 -8.7908649e-01
 -2.1645610e-01
  3.0556464e+00
  2.0976910e-04
 -1.1977200e-04
  1.3218644e-04
 -3.8571859e-04
 -1.7382397e-04
 -5.2480567e-02
 -2.8771954e+00
 -2.0194587e-01
  4.8092893e-01
 -9.6613564e-02
  2.3117768e-04
 -2.0351604e-01
  2.4514331e-01
  3.6239866e-02
  7.8739971e-02
  3.0500553e-06
 -1.6095990e-04
 -3.4016906e-04
  3.2343713e-05
 -3.2583413e-01
  1.0657923e-03
  1.5094669e-03
 -7.4660480e-02
 -1.2175168e-01
  8.1214122e-02
 -5.5513006e-01
 -1.8916462e-02
 -1.0505202e+00
 -1.3784779e+00
 -3.8441694e-01
  4.0931049e-05
 -4.3018948e-02
 -3.6168553e-02
 -1.5744906e-04
 -1.6046431e-05
 -1.5474024e-04
 -1.0845028e-03
 -7.4126909e-04
 -3.8128844e-01
  3.2921747e-04
 -6.7862173e-05
 -6.3673251e-05
  5.3236092e-04
 -2.0406333e-01
  1.0509620e-02
  1.6526748e-01
  2.5858028e-02
 -6.1600555e-02
 -1.4606026e+00
 -1.4973686e-03
  7.8240909e-02
  8.4137596e-04
  6.7707879e-04
 -5.9205602e-04
  1.2334887e-03
  4.8895006e-04
  1.2813692e-03
 -1.8547815e-05
  4.2649711e-04
  6.9476746e-04
  1.3228004e-03
  1.6462745e-04
 -1.7869116e-04
  1.5193231e-03
 -8.2498860e-05
  8.7235757e-04
  1.3868877e-05
  1.0844460e-03
  1.1605498e-04
 -8.0254649e-05
 -2.7641942e-04
 -6.1212057e-05
  9.1284636e-07
  8.1170490e-04
  2.2964934e-05
 -5.5231158e-05
  1.0278764e-03
 -1.7952400e-04
 -2.2632406e-04
  3.7195411e-04
  5.7010056e-04
  4.1713199e-04
  9.2976738e-04
 -5.5577460e-05
 -4.8032842e-05
  8.3833170e-04
  3.5071827e-03
  1.3872545e-03
 -4.3809626e-04
  2.0991849e-04
 -4.1740345e-06
 -1.4660173e-04
  9.8585256e-04
 -1.1541677e-04
  2.5420482e-04
 -6.6077904e-05
  4.5350692e-01
 -2.2406551e-01
 -3.4219414e-01
 -2.3986933e+00
  2.4663579e-01
  2.6136440e-01
  4.0210101e-01
 -1.4194159e-02
  1.6085388e-01
 -8.8517132e-05
 -9.6769584e-04
 -2.7946176e-04
 -1.6630391e-03
  1.0729415e-01
  1.3424172e-04
  1.6486958e-04
 -1.0460995e+00
  1.1923756e-05
 -6.9409721e-02
  1.1689153e+00
  5.7502728e-02
  1.8218710e-01
  4.6474302e-01
 -1.2892388e-01
  4.7321171e-01
  4.8087245e-01
  8.9631093e-01
 -2.2932209e-01
 -8.4081107e-01
 -7.7905748e-03
 -4.2881563e-04
  2.4527685e-01
 -3.0747998e-01
  1.2131836e-01
 -2.9862347e+00
 -1.1050112e-01
 -9.0717860e-03
 -1.5728101e+00
 -1.1390500e-04
 -9.2305636e-01
  2.7912154e+00
  7.9251770e-03
 -3.0353692e-01
  1.2427071e+00
  4.4183303e-02
 -1.9741219e-05
  6.9660378e-01
 -6.2026929e-02
  3.2752965e-02
  4.8661688e-01
 -3.5728708e-01
  1.0675461e-03
 -2.1571100e-04
 -2.5167692e-04
  3.2062468e-05
  5.3587422e-04
 -1.4433236e-04
 -3.6833505e-04
  4.3404238e-05
  1.2643423e-04
  1.2944531e-04
 -5.9496710e-05
  2.6640584e-05
  2.7944634e-04
  3.6720923e-04
  1.8056457e-04
  3.2137398e-04
 -5.3420761e-05
  4.5569170e-05
 -2.0427970e-04
 -2.2095462e-04
 -2.5002053e-04
  2.6050792e-04
  6.3462831e-02
 -5.1966163e-05
 -5.3097177e-01
 -1.6962324e-04
 -5.2906660e-04
 -2.2074197e-05
  3.8143216e-06
  7.5548816e-01
  2.4799118e-04
  4.2528240e-04
  2.0903153e-06
 -2.5918937e-04
  2.7818096e-04
  3.9055414e-04
 -3.7146648e-04
  2.0971161e-04
 -6.6808355e-04
 -2.9576424e-04
 -2.0550199e-04
  6.4831250e-04
 -3.6895499e-04
 -9.4317431e-05
 -3.5764762e-05
  1.1054093e-04
 -5.7367935e-05
 -5.5352910e-05
  2.9729182e-04
 -3.1635838e-04
 -3.4170318e-04
 -3.5183626e-04
  1.4341915e-04
  9.3004790e-05
 -2.5941903e-04
  1.1574425e-04
 -8.8147957e-05
 -2.7419904e-01
 -7.9276150e-01
 -3.6665499e-01
  2.8460479e-01
 -7.9333261e-02
 -4.8094982e-01
 -1.9746734e+00
  2.0062123e-01
 -6.9885217e-02
  2.1381550e-01
 -3.0457737e-05
  1.1198033e-04
 -5.3140964e-05
 -5.6022733e-02
 -5.0110160e-03
  2.8434875e-05
  7.6666364e-04
  1.1288688e+00
 -5.2619200e-02
 -1.3063463e-05
 -2.8531009e-01
 -3.6200196e-01
  1.1815097e-01
  1.2267895e-01
  5.0979704e-01
  1.0802356e-02
 -2.2409362e-01
  7.5594658e-01
  8.6334217e-01
  8.6886162e-01
  3.5842597e-01
  3.0712649e-01
  7.5353181e-01
  3.8335673e-03
  7.8922277e-03
  3.9495707e-01
  1.3371435e-01
 -9.3631091e-04
  3.8195919e-04
  2.5950128e-01
  2.5616828e-01
  3.9788905e-01
  1.5895011e-01
  8.7101318e-02
 -2.0934418e-01
 -7.3097884e-03
 -4.8058867e-04
  4.7236921e-05
  3.1936395e-03
  1.5479211e-04
  4.1277520e-03
 -6.0788461e-05
 -5.7107799e-02
 -1.7935914e-05
  3.7367356e+00
  1.8335606e+00
  7.3993063e-01
  2.4105921e+00
  1.7760611e+00
 -1.0841218e+00
  1.5534726e+00
 -1.0253868e-01
 -4.0677562e+00
 -2.2060716e+00
  8.2790983e-01
  6.0148697e-05
  1.0145701e+00
 -2.9665041e+00
 -2.8946853e+00
  6.2247509e-01
 -3.7539527e+00
 -1.5313051e+00
 -2.2174261e+00
  2.2854950e-01
 -1.0620071e-01
  2.0663215e-01
  2.1759238e-02
 -1.2176129e+00
 -2.9575336e-01
  6.9873941e-01
  1.2334936e+00
  2.3629937e-01
 -1.2399570e+00
  3.0237556e-04
 -5.8213860e-01
 -2.4950225e+00
 -1.4544593e+00
 -5.5018634e-01
  7.6268017e-01
 -2.0662572e+00
 -1.2485452e+00
 -6.5452749e-01
 -1.2654021e+00
  6.4867872e-01
  3.5175731e+00
  1.2770296e+00
 -7.8685486e-01
 -2.1063066e+00
  2.1636007e+00
  4.8143095e-01
 -1.0188419e-01
 -6.0138810e-01
  2.7701455e-01
 -2.2558893e-01
 -1.5262871e+00
 -6.1460274e-01
  7.3471498e-01
  1.5878899e+00
  3.1520754e-01
 -3.3218992e-01
 -1.2000103e+00
 -1.3815554e+00
 -7.7808052e-02
 -1.5458734e-01
  1.9699073e+00
 -1.5417665e+00
 -1.3074703e+00
 -1.5043906e+00
  2.5820795e-01
 -1.0957885e-04
  1.6709075e-04
 -7.1011168e-01
 -7.9234131e-02
  3.4669125e-01
 -1.0993709e-01
  1.0473034e-03
 -6.0643077e-01
 -9.6557415e-01
 -1.6938904e-01
 -3.9174348e-01
 -3.0029488e-01
 -3.8156685e-01
  5.2466571e-01
 -2.4309264e-04
 -4.5888001e-01
  7.5653470e-01
 -2.6021459e+00
  4.5557165e-01
  2.6763687e-01
  6.2395248e-04
  8.8888220e-02
  2.4339797e-01
  8.5045621e-02
  3.6468881e-01
  3.1383866e-01
 -2.9827809e+00
  3.5506117e-01
 -1.5944606e+00
 -2.8009772e-01
 -8.0794239e-01
  1.7982769e-01
 -1.0134152e+00
 -1.1112540e+00
 -3.0632151e-04
  3.1938109e-01
 -2.3759675e+00
  3.6080830e-02
 -1.9810958e-04
 -1.5740390e-03
  2.1821514e-05
 -1.5753984e-01
 -1.7909761e-04
  5.4100442e-01
 -2.9396889e-01
 -9.0941316e-01
 -1.1979433e+00
  9.3313128e-01
 -7.2997138e-02
  1.4145861e+00
 -2.7102143e-02
 -1.4555570e-01
 -6.1801147e-01
 -1.9618528e+00
  2.2660670e-04
 -4.6071047e-01
 -8.8765615e-01
  2.2139949e-01
  3.9952778e-04
 -1.0439098e+00
  1.3233176e+00
  4.1416478e-01
 -4.5392984e-01
 -5.8272958e-01
  1.0861828e-03
  9.3773890e-01
 -1.9382919e-01
  1.0208048e-04
  2.0272423e-02
  2.7868986e-01
  6.4377840e-05
  2.8759757e-01
 -1.9538205e-04
  6.5684491e-01
 -3.7543160e-01
 -1.0314958e-01
  6.5401813e-04
 -4.6148741e-01
 -8.5408710e-02
  6.6641879e-01
  3.2130789e-02
  4.6491882e-01
 -3.4134910e-01
 -2.0649657e+00
 -1.3968734e-01
 -2.9301679e-02
 -1.6670343e+00
 -8.7126218e-02
 -1.1746938e+00
 -9.9733150e-01
  4.0185628e-03
 -7.6012409e-01
  1.4541759e-01
 -2.8744599e-01
  8.2875896e-01
 -6.9847852e-01
 -1.5025526e+00
 -2.3835316e+00
  9.2825443e-01
 -2.5267470e-01
 -2.1768506e+00
  1.3111519e+00
 -1.0363733e+00
 -3.4756199e-01
  9.9042648e-01
  1.9299511e+00
 -2.4249411e+00
 -7.3175412e-01
  2.1576234e-04
 -1.6458945e-01
 -3.5263660e+00
 -4.0023799e+00
  3.2777265e-01
  2.0726109e+00
 -3.3276696e+00
 -1.5856962e+00
 -1.6182028e+00
 -4.6407187e-01
  1.7084233e+00
  2.4157448e+00
 -1.0175496e+00
  7.0024210e-01
  1.1725956e+00
  1.7849954e+00
  2.8417714e-02
  1.1012386e+00
  4.2683823e-05
 -2.4406202e-01
 -3.3118238e+00
 -6.4339951e-02
  3.1824157e-04
  1.2730397e+00
  2.3393073e+00
 -1.5947860e+00
  2.5834236e+00
 -4.7081189e+00
  2.4839375e+00
  3.8431641e-01
  2.4023154e+00
 -4.0818510e+00
 -5.1820737e-01
 -3.3227659e-03
  1.1135765e+00
  3.9046733e+00
  3.8036671e+00
 -3.6183412e+00
 -9.6905297e-01
 -4.8287779e-01
  2.7549751e+00
 -6.3404512e-01
 -9.8956889e-01
  6.8879865e-02
  2.1258815e-01
  5.5797633e-02
 -1.9666423e+00
  1.3459852e-01
 -4.9718863e-01
 -5.3311542e-02
 -1.3363255e-03
  1.5441485e-01
 -2.6308346e-04
  4.0536193e-04
  2.4364195e-04
 -3.6213454e-04
 -7.8310363e-04
 -5.2524760e-04
 -1.1112566e-04
  1.6296433e-03
 -5.7309386e-05
  1.1018044e-04
 -6.0699397e-04
 -3.1192968e-02
 -5.1419120e-05
 -8.8019588e-05
  5.5683900e-02
  4.3703042e-04
  1.3069654e-05
  6.1961677e-05
  1.0862583e-04
  1.2168916e-04
  3.7237079e-04
  8.1080094e-04
 -1.3155803e-04
 -3.9758222e-04
  4.7658468e-04
 -4.2141204e-05
 -9.7277429e-05
  5.5635098e-04
  1.1631912e-01
 -7.9062785e-04
  1.6457577e-01
 -1.8092095e+00
 -1.4928267e-03
 -8.7242324e-06
 -1.1280622e-04
  2.0546667e-04
  5.6962785e-05
  1.1774167e-04
 -6.0166120e-05
  3.3668656e-02
 -4.5372968e-04
  3.3791362e-06
 -3.3628148e-05
 -1.3908735e-04
  2.6321789e-04
 -4.0301493e-06
 -3.2866606e-05
 -2.4472241e-04
  1.4009410e-01
  2.3208382e-04
  2.0276010e+00
  3.1720570e-01
  1.2442394e-04
  7.6201238e-04
 -1.9531572e-04
 -5.7885959e-04
  6.0781269e-05
 -1.8731273e-04
 -8.4349560e-04
  2.6610374e-04
 -1.2606748e-04
 -7.9072168e-05
  4.6417475e-04
 -1.1699550e-03
  8.3674924e-05
 -1.0443704e-03
  8.5870553e-05
  2.8450557e-04
  9.0856170e-03
 -1.3123648e-04
 -1.5077970e-04
 -1.6269086e-04
  1.1091900e-04
 -2.8267183e-04
 -2.1698151e-04
 -3.2948294e-06
  2.8564644e-04
 -2.1279277e-04
 -3.9320134e-05
  6.6330149e-03
  3.4336885e-05
 -2.9266626e-04
  2.4507957e-05
 -9.2510709e-05
  7.3253512e-03
  3.7521268e-06
 -8.3925028e-05
  2.2007187e-04
 -4.7243975e-06
 -2.6811892e-04
  5.0598268e-05
 -1.0459124e-04
  4.8596066e-05
 -2.9393099e-04
  1.1271080e-04
  1.5630762e-04
  5.5948715e-04
 -4.0111109e-04
  2.9290086e-04
  9.2563999e-01
  2.3874600e-01
  3.3104581e-01
  3.1127712e-01
 -1.3697903e-01
  1.5553500e-01
  3.7594789e-01
 -8.7707125e-02
 -1.9820966e+00
  6.3257183e-05
  3.5787333e-04
 -3.1954047e-04
 -9.2724903e-04
  9.8730461e-04
  6.9477552e-05
  3.5654793e-05
 -1.8943327e-05
 -1.8190510e-03
  1.7034975e-01
  2.7153879e-01
  6.4566180e-02
 -4.6857193e-02
  6.8872835e-04
 -1.1452559e-04
 -1.7509513e-01
  8.1787928e-04
 -1.5777853e-01
  3.1197356e-04
  1.5461021e-04
 -1.2058210e-04
 -1.9845630e-04
  1.2043069e-01
 -3.9331047e-05
 -4.3708505e-06
  3.1016603e-01
  2.4993264e-04
  2.4386035e-01
 -3.0358993e-02
 -6.6502225e-03
  1.5411272e-02
  2.6258186e-01
 -4.4842451e-04
 -4.1305917e-04
  1.2201541e-05
 -2.7292913e-01
  2.2847667e-04
  1.3148108e-04
 -6.9436574e-05
 -3.1532257e-04
  3.1238727e-04
 -3.8539674e-04
  1.3946794e-04
 -8.2804829e-05
 -1.6945857e-04
 -5.2454466e-01
 -1.2048160e-01
  1.6945653e-01
 -7.5803339e-02
 -8.5336268e-01
  1.2185773e+00
 -7.1618640e-01
  3.1959016e+00
  1.4695927e+00
  4.1198266e-01
 -3.9388215e-05
  2.2306569e-01
  5.6912623e-02
 -6.9512641e-01
 -2.9105181e-01
  5.3927122e-04
 -1.7569408e+00
  1.5810120e+00
  3.1932241e-01
  2.2826738e+00
  4.2790893e-01
  2.6864877e-01
  1.8011932e-01
 -4.3651545e-01
 -4.0514565e-01
  4.7898784e-02
  2.7058580e+00
  1.3011215e+00
 -4.5500776e-01
 -5.6290919e-05
  2.5537135e-03
  1.7672968e+00
 -9.7504318e-01
  7.1429390e-01
  2.3855609e-01
  6.2079525e-01
 -6.0548431e-01
  5.3795373e-01
  1.8385420e-02
  3.7806356e-01
  2.0636280e-01
  4.1810974e-01
  7.4466366e-01
 -3.3298649e-02
  4.4997282e-02
 -6.0847044e-01
  3.7255715e-05
 -8.1871861e-01
 -1.7883367e-04
 -1.1099927e-04
  3.2360291e-01
  1.0870295e-01
  1.4235565e-04
 -1.1487651e-01
 -3.8524847e+00
  1.3150419e+00
 -1.6943744e+00
  9.1099161e-01
  1.7955810e+00
  1.4101439e+00
 -3.3494720e-01
 -8.4237462e-01
  4.6346068e+00
 -4.3500054e-01
  6.2461394e-01
  4.7765244e-04
 -5.1607686e-01
  1.5798798e+00
  1.6078659e+00
 -6.5169030e-01
  1.6131787e+00
 -6.2177122e-01
 -8.5813838e-01
 -4.5517239e-01
  7.8833878e-01
  7.3836848e-02
  1.4051238e+00
 -8.2699758e-01
 -2.3995590e+00
 -9.8597169e-02
  1.7180862e+00
  2.8493772e+00
 -1.1655892e-01
 -3.6162767e-01
  3.0776592e-02
  2.3490055e+00
 -2.5342848e+00
 -1.5771512e+00
 -7.7025497e-01
  1.7587775e+00
  2.8272700e-01
 -1.6217167e+00
 -1.1481459e+00
 -1.1456338e-01
  2.8269053e-01
 -6.5962389e-02
  3.1720316e-01
 -2.4541285e+00
  9.5074750e-02
  3.4548008e-01
 -1.4514686e-03
  3.1859586e-01
  1.7522566e+00
  9.6939318e-02
  1.6013920e+00
 -1.0358347e-02
  3.8715544e-01
 -7.0717967e-01
  1.0592344e+00
 -8.5333598e-01
 -8.9318275e-01
  2.7144501e+00
 -2.8177009e+00
 -8.2493758e-01
 -4.9867573e-01
  3.4595542e-03
  4.0584472e-01
  1.5612711e+00
  5.7565033e-01
  4.4075710e-01
  1.1537797e+00
  4.9356804e+00
  2.4775347e-01
 -7.5693277e-04
 -8.0916208e-01
  3.5140572e+00
  4.4056687e-01
  4.1246480e-01
 -1.9297639e-01
  3.7086816e-03
  6.5077525e-01
  1.8042117e-01
  2.2002031e-01
 -1.6827944e-01
 -2.9403017e+00
  1.5503411e+00
 -2.6082242e-01
 -1.3433294e-01
  8.2223016e-01
 -9.8091257e-01
 -2.2902049e-01
 -4.0578783e-01
 -6.6198164e-01
 -2.9731247e+00
 -1.7619051e-01
  1.5532050e+00
 -5.6180805e-01
 -2.5854700e+00
 -4.0935513e-01
 -1.2412666e+00
  1.5008940e+00
 -1.2189971e+00
  1.7770203e+00
 -1.2685713e+00
 -7.4379885e-01
 -7.8130049e-01
  7.7093738e-01
  5.7208218e-02
  9.7447741e-01
  1.2657635e+00
 -5.7442528e-01
  9.6585876e-01
  1.3997738e+00
 -3.9048630e-01
 -2.7299181e-01
  2.3558033e+00
  5.7545163e-02
 -1.2457868e+00
 -2.1086564e+00
 -1.0091347e+00
  8.8031656e-01
  1.1122518e-01
 -2.5908355e-04
 -2.0514516e-04
 -7.6647145e-03
  5.2728962e-02
  3.4713247e-04
  8.7016655e-05
 -7.8674293e-01
  1.4056261e-01
 -3.8292748e-01
 -9.5049262e-01
  2.3386567e+00
 -1.8564135e-01
  1.3892424e-01
 -2.6203125e+00
 -6.6903219e-02
 -1.8454888e-01
 -1.7981677e-03
  1.7761143e+00
 -4.1222963e-02
 -1.0360130e+00
 -6.3200516e-04
  8.3971733e-01
  1.1211641e+00
 -9.0683461e-05
 -1.1123851e-04
 -3.9735052e-01
 -3.9467323e-01
 -2.7501974e+00
 -1.1259465e+00
 -2.4734196e-01
 -4.3231305e-01
 -3.0502230e-01
  1.3773577e-01
 -1.7944506e-01
 -1.1959013e+00
 -2.2314888e-04
  5.0956631e-01
  3.0814510e-05
  1.7615246e-04
  7.3861785e-04
 -1.1348039e-02
 -9.6136559e-04
  4.2230252e-04
  5.6698534e-04
 -2.1960694e-04
 -4.4892830e-04
 -3.3879582e-02
  8.1473525e-04
  4.5160976e-01
  2.4729858e-01
 -3.6712137e-01
  1.7503047e-02
 -1.9928420e-01
  7.8858153e-05
  4.7984387e-04
  4.9800531e-04
  6.6622250e-02
 -2.8083066e-04
 -2.6314755e-04
  2.2947439e-04
 -1.2284468e-04
 -2.3427434e-04
 -2.8313234e-04
 -6.3176994e-05
 -7.0383435e-06
  2.9382159e-04
  3.3683758e-04
  5.7970040e-04
  1.1205131e-04
  3.3072699e-04
  9.8320679e-04
  1.1415175e-05
  1.3377039e-03
  7.0798087e-05
 -1.5280566e-04
 -7.6118408e-04
 -1.0177235e-04
  3.3915602e-04
 -2.1440930e-04
 -1.2253928e-03
  9.1196860e-05
  5.7010190e-03
 -2.5577645e-04
  1.8735733e-04
  2.1157657e-04
  3.2822706e-04
 -5.8076333e-04
  4.8736346e-04
 -2.2875302e-01
 -3.2985899e-05
 -7.3380640e-04
 -1.7844161e-04
  3.3817288e-01
  2.9359490e-04
  1.2882550e-03
 -5.6780560e-04
  5.0998937e-05
 -6.6530788e-01
 -3.9029369e-06
  5.8023224e-04
  1.1260349e-02
 -4.2078961e-02
 -3.2886984e-03
  6.2612042e-02
 -7.8712422e-03
 -3.1913226e-04
  1.1598368e-04
  1.0460723e-04
 -5.0946808e-04
  3.0863847e-04
  1.0723927e-03
  2.2853812e-05
  4.8927544e-04
 -3.7060215e-04
 -3.6797756e-03
  2.1401477e-04
  5.8356600e-05
  1.1852362e-05
 -1.3649546e-01
 -7.9184916e-04
 -1.4474151e-04
 -2.2190220e-04
 -6.8889152e-05
  7.7910158e-03
 -2.6699179e-04
  9.0124478e-05
  9.6906340e-05
 -6.3519947e-05
 -1.4464809e-04
 -7.4970140e-04
  8.3645282e-04
 -3.6214864e-05
 -2.4442837e-04
 -7.5707305e-04
 -4.6984562e-05
 -3.1335215e-04
 -1.9209718e-05
 -5.2817503e-04
  1.8768758e-04
 -3.8769285e-04
  1.6811021e-02
 -7.4025354e-04
 -1.4143622e-04
 -1.3200144e-04
 -8.1648084e-04
 -3.7227022e-05
 -7.4313059e-05
  1.1220129e-03
 -2.6546000e-05
  1.1578197e-04
 -2.3372701e-04
  1.5574911e-04
 -3.8430132e-02
 -3.7115920e+00
 -4.4238199e-02
  1.5122904e-01
 -1.3219703e+00
  6.7066938e-01
 -1.6702499e+00
 -1.1067592e+00
 -9.1125464e-01
  1.8270977e+00
 -9.9566029e-03
  1.3294923e+00
 -4.0404809e-01
 -1.5244409e-02
  2.9366499e-01
 -8.0045909e-05
 -3.6633459e-03
  2.8205924e+00
  1.1190748e+00
  9.4636649e-01
  5.1856685e-02
 -3.3091694e-01
  1.0347741e+00
  2.0027800e+00
  7.5009292e-01
 -2.9837186e+00
  1.9668102e+00
 -2.7049941e-01
  9.9966669e-01
 -4.3113640e-01
 -4.8909251e-02
 -1.1064916e+00
 -1.6279823e+00
 -9.1004913e-04
 -1.9524703e+00
 -2.2838776e+00
  1.9121674e+00
 -3.2677385e-01
  2.0273058e+00
 -7.9401779e-01
 -3.0338173e-03
 -4.6371156e-03
  2.7541932e-01
 -5.9765410e-01
 -1.4014726e-02
  7.5428581e-01
 -1.1795437e-01
  7.3326332e-04
 -1.3643854e+00
 -4.9103668e-01
  1.5840530e-02
 -7.5899106e-01
  4.3086335e-01
 -8.2167063e-04
  7.9180092e-01
 -1.3038250e+00
 -1.3035154e-01
 -3.1359524e-01
 -2.5233283e+00
  2.8204193e-04
  2.0168421e-01
  4.9349719e-01
  2.5290732e+00
 -1.6014605e+00
  8.4611672e-01
 -4.8909351e-01
 -2.8628247e+00
 -1.1930698e+00
  7.7177417e-01
  3.7009156e+00
  4.9076504e-01
 -1.3460512e-01
  8.8639259e-01
 -3.0091781e-02
 -1.6540143e-03
  2.3316829e-01
 -2.7645144e-01
 -1.9859201e+00
 -8.5635863e-02
  4.6254314e-02
 -7.0599282e-01
  7.1317673e-01
 -8.0576181e-02
  1.0809213e+00
  8.9025658e-01
 -2.6607153e-01
 -1.0363239e-01
  7.8641838e-01
  5.7907921e-04
 -2.3251671e-01
  1.0113767e+00
 -2.3900910e-01
  8.9639401e-01
  5.0643408e-01
  1.5526854e-01
  2.5620359e-01
 -4.9581220e-03
 -1.6914688e+00
 -3.8373879e-01
  1.3615572e+00
 -2.0850115e+00
  2.1019843e-01
 -3.2415285e-04
 -7.1771854e-01
  2.0073607e+00
  3.6489165e-01
 -5.0548035e-01
 -2.5751624e-01
 -7.9608011e-01
 -2.1839723e-02
 -2.8809803e-02
 -3.1812280e-01
 -5.0508630e-02
 -4.1185907e-01
  5.2916024e-02
 -8.7354511e-02
 -1.8806492e-01
  2.9646483e-01
  4.4412965e-01
 -3.1603124e-02
  6.6143423e-02
 -2.3169117e-02
 -5.0325859e-01
  1.0573868e+00
 -1.7533052e-01
 -2.1343844e+00
  1.3154136e-01
  7.5117700e-02
  1.1011971e+00
  2.4114954e+00
 -4.1135344e-01
  2.4974339e+00
  2.8405595e-01
 -4.9699414e-01
 -2.7560279e-01
  1.1902405e-01
 -7.3776186e-01
 -2.1643189e-01
 -4.4482029e-03
  6.1271358e-01
  1.1591898e+00
  4.4028679e-01
  3.2848352e-01
  2.6809907e-01
  4.8219875e-02
 -5.1723701e-01
 -1.5356459e-01
  1.7929384e-01
 -7.0237964e-01
 -3.3933532e-01
 -3.9898884e-01
  1.7033377e-01
 -3.8681157e-02
  7.4710774e-01
  4.6399188e+00
  8.0879707e+00
  2.2382205e+00
  1.8958895e+00
  1.6120393e+00
 -1.5026581e-04
 -1.1963085e+00
 -7.6756229e+00
 -3.5138625e-01
  5.6869593e+00
 -6.2735337e-01
  1.5191132e+00
  1.5815860e+00
 -4.4050488e+00
  3.8361452e+00
 -1.4701520e+00
  2.2871373e+00
  9.1791182e-04
  1.3701036e+00
 -3.0290413e+00
  5.1198578e-01
 -3.7266326e+00
  5.7044083e-01
  5.0170345e+00
 -8.4494896e-02
 -2.7990124e-01
 -3.2524095e+00
 -3.1578345e+00
 -2.1824255e+00
  8.6582458e-01
  1.4632004e+00
  3.1349275e+00
 -5.9910192e+00
 -7.1257576e-02
 -1.8018607e+00
 -8.1276363e-01
  2.0254619e+00
  3.8411204e-02
  2.2107611e+00
  1.1106168e-01
  5.0187403e-01
 -2.2420824e-01
 -5.1363521e+00
  2.0012290e+00
  7.2151101e-01
 -5.6024337e+00
  1.8910338e+00
 -1.1406620e+00
 -1.8050569e-01
  1.2117130e-01
 -2.7013152e+00
  2.6587322e-01
 -1.6792759e+00
  3.9664492e-01
 -1.7465487e+00
 -1.3497596e+00
  1.7708998e+00
 -8.1099046e-05
 -2.3635223e+00
  1.0371552e+00
  6.6735345e-01
 -1.9824753e+00
  1.1735474e-01
 -3.6124759e+00
  2.9981337e+00
  9.3381472e-02
  9.0669101e-01
 -3.8281336e-01
  3.4126663e+00
  7.3219919e-01
 -8.5065544e-01
 -3.0816671e-01
  1.0472686e+00
  6.4033370e+00
  2.4084728e+00
  6.4441833e+00
 -5.2241192e+00
  5.6910467e-01
 -4.4038793e-01
  2.8092265e+00
 -1.9265996e-02
 -1.0149000e+00
  1.6128546e+00
  1.0243813e+00
 -3.0951214e+00
  3.2283016e-02
  2.2770884e+00
 -3.7820537e-02
  3.3774248e-01
 -4.8802680e-01
  2.3413520e+00
  1.1109828e+00
  1.1035830e-01
 -7.1094048e-01
  1.1807203e-01
 -5.7144041e+00
 -3.4940917e+00
  6.7012727e-02
  2.3870938e+00
 -5.0543809e+00
 -4.9311166e+00
  1.8807447e+00
  6.4491796e-01
 -1.1502553e+00
 -1.9482860e-01
 -1.4583154e+00
 -7.3758163e-02
  3.1300170e+00
 -1.5475796e+00
 -1.9075660e-04
  3.9609640e+00
  5.3665638e-01
  7.2618900e-04
 -1.4154011e+00
 -2.3409870e+00
 -9.8248523e-01
 -2.5786524e+00
 -2.1049054e+00
 -3.0571904e+00
  8.4826916e-01
  4.8523583e+00
 -9.4499039e-05
 -5.5293560e-01
 -2.2513111e+00
  4.2688112e+00
 -5.1437128e-01
 -2.4850378e+00
  5.6962709e+00
 -1.9840769e+00
  2.7883857e-02
  1.1551788e-01
 -4.3706341e+00
 -5.1589389e+00
  1.3630612e-01
  5.2671522e-01
  2.3461778e+00
 -1.1527812e+00
 -1.1419495e+00
  2.1575782e+00
 -2.7680066e+00
  2.9989326e-04
 -5.8244640e-01
 -1.4402298e+00
  8.0800110e-01
  1.9361285e+00
 -2.2071569e-01
 -9.3766046e-01
 -7.1197134e-01
 -8.6861688e-01
  2.9626176e+00
 -1.7247989e+00
  6.8624771e-01
  1.0572412e+00
  4.0543464e-01
 -3.7669024e+00
 -6.7560399e-01
  3.4633473e-01
 -6.1353550e+00
  2.0636819e-01
  1.3127413e+00
 -2.8154550e+00
  3.2873300e-04
 -2.4217634e-01
 -1.8871465e+00
  3.0019104e+00
  3.3697593e+00
  1.6681015e-01
 -2.0700583e+00
 -2.6681929e+00
 -1.4565803e+00
  9.4136453e-01
  3.9421349e+00
  1.4793650e+00
 -4.2798501e-01
  8.3206987e+00
  9.1465467e-01
  4.6006081e-01
 -1.3853812e+00
  3.1461475e+00
 -8.0486917e-01
 -2.8853968e-01
  5.0412357e-01
  2.9063554e+00
  1.2249162e+00
 -1.0060265e+00
  1.2198085e+00
  1.7509484e+00
 -2.7546947e+00
  3.1611261e+00
  3.3927599e-01
 -2.6579690e+00
  2.3413842e+00
 -6.0579413e-01
 -2.0317309e+00
  2.1539047e+00
  3.3020863e-01
  1.4584354e+00
 -3.6313170e-01
  2.4012470e+00
 -2.0747120e+00
  8.9293796e-01
  6.2837899e-01
  2.1326087e-02
  2.2580380e+00
  3.8454902e-01
 -1.1334777e+00
 -4.5996552e+00
  1.4328927e+00
  2.3530585e-01
  9.6847975e-01
 -4.1998807e-01
  1.1733121e+00
 -5.4476285e-01
  1.0175863e-04
 -3.1427119e-04
  1.4124670e+00
  7.0650631e-01
 -1.2130994e+00
 -1.2979128e+00
 -1.1373601e-01
  2.7213984e+00
  3.0173471e+00
  1.0237770e+00
 -2.0645144e+00
  2.2239776e+00
  2.5720555e-02
 -8.9090592e-01
  2.7114275e+00
 -1.2566243e+00
  7.8151906e-01
  2.3309941e+00
  1.9193933e+00
 -3.7845150e-01
 -3.7957627e-01
  4.4083228e+00
 -2.7768068e+00
  3.1825633e+00
  1.1210774e-01
  3.5911479e+00
  3.1071556e+00
  2.6092449e-01
 -1.0672766e-01
  3.7905550e-01
  1.1827313e+00
  7.3302382e-01
  1.3142301e+00
  4.0043163e+00
  1.3250507e+00
 -2.1787128e+00
  7.0477194e-01
  3.8840449e+00
  5.1720428e+00
  1.5077150e+00
  1.6785784e+00
  5.2986484e+00
 -7.5889605e-01
  3.2056882e+00
 -3.7340295e-01
  1.7870622e+00
 -1.1354643e+00
  2.0903540e+00
 -1.7883360e+00
 -1.8475715e+00
 -7.4094635e-01
 -2.6364179e+00
 -3.1516550e-04
  3.4422743e-01
 -5.4367301e-05
 -2.0587490e-01
 -6.1810362e-01
 -9.1409421e-01
  4.9234457e+00
 -2.2274656e+00
  1.1780847e+00
  1.9177936e+00
 -2.2856798e+00
  5.0352068e+00
 -1.2845318e-01
 -3.2724917e-02
 -2.1247904e+00
  1.3311468e+00
 -2.7691640e-02
 -8.4826760e-02
 -5.6671369e-01
 -2.0105948e+00
  1.7064492e-01
  4.7350907e+00
 -5.2277894e+00
 -1.1593633e+00
  3.4287795e-01
 -2.9942186e+00
  1.7322998e+00
 -6.9669156e+00
 -3.0381110e-01
 -1.8210101e+00
 -3.3369772e+00
 -2.1211457e+00
  6.1708339e-04
  8.2256526e-02
 -1.9545360e+00
  8.4070081e-01
  4.6108183e-01
  8.9510508e-02
 -1.3563445e+00
 -8.7813377e-01
  5.2689656e-04
  6.9351476e-01
 -1.8431971e+00
 -5.8395863e+00
 -9.5401603e-01
 -3.8551729e+00
  9.7994947e-01
 -6.3579553e-01
 -3.4263690e+00
  2.7580717e+00
  3.7413261e+00
 -1.2353549e+00
 -5.7342815e-05
  1.0957962e+00
  1.2171642e+00
 -3.6048767e-04
  5.5046935e+00
 -4.1952267e-01
  5.5859733e+00
  4.9189186e+00
 -1.1582201e-02
 -1.2410535e+00
  4.8468617e-01
  2.0934525e+00
 -5.5814552e-04
  2.4648906e-01
  2.6115696e+00
 -4.1440721e+00
 -9.6854085e-01
 -1.0183622e+00
 -2.9625562e-01
  2.6829963e+00
  8.7557119e-01
  1.5453824e-01
  3.9084001e+00
  4.5808114e-02
  2.7089741e+00
 -7.4168995e-05
 -7.7164733e-01
  2.3622437e+00
 -2.0262249e+00
  4.5259669e-02
  4.9714923e+00
 -3.7659970e-01
 -5.3574572e+00
 -5.6718259e+00
  4.7086641e-01
  4.6540527e+00
  2.5100365e+00
 -1.1943291e+00
 -6.6836379e-02
 -3.8078835e+00
  6.0212975e+00
 -8.2074684e-01
 -3.3445702e+00
  4.7055430e+00
 -4.1078100e+00
  2.6318651e-01
 -1.0259658e+00
  7.3484168e+00
 -2.0340087e-01
 -1.6142966e+00
 -5.7683125e+00
  5.6211752e-01
  2.6513558e-04
  8.0296946e-01
  6.4186807e+00
 -5.3882021e-01
  1.5868607e+00
 -4.1454229e-01
 -2.1887839e-01
 -1.6912373e+00
  1.6160381e+00
  3.6694260e+00
  3.3845723e+00
  1.5062168e+00
  5.7079512e-01
 -5.6228006e-01
  7.6389062e-01
 -3.0843943e-02
 -1.3526256e+00
  3.3886657e+00
  1.2656365e-01
 -3.4079595e+00
  5.3607166e-01
  2.5785425e-01
  3.7209854e+00
  8.8964778e-01
 -1.1525208e+00
 -2.2310889e-01
  2.5945075e+00
 -5.8908248e-01
  7.0331401e-01
 -6.0605848e-01
  4.2987299e+00
 -1.0985466e+00
 -5.8454937e-01
  2.9724307e+00
 -5.1139809e-02
  5.3135788e-01
  1.6644013e+00
  1.1498984e+00
 -4.5557407e-01
 -1.8899453e+00
  4.9265277e-01
  1.7441647e+00
 -1.1892767e-01
 -1.6988306e+00
  1.1847664e+00
 -9.5072472e-01
  1.9583697e+00
 -4.5699850e-01
  1.9416331e-01
 -2.4208958e+00
 -3.4939203e-01
  3.1241181e+00
  2.0046506e-02
  2.2885649e+00
  3.3100240e+00
  1.9405751e-01
 -1.4604967e+00
  9.7630644e-01
  3.2439606e+00
 -6.4283776e-01
 -2.2582445e+00
  1.6689953e+00
 -2.2697709e+00
  1.9579585e+00
 -2.2850231e-04
 -4.2407503e+00
  6.7837372e-02
  2.7239642e+00
  2.7414018e-01
 -3.7767081e+00
  3.1724615e+00
  3.9172530e-01
 -2.1822679e+00
 -1.3938762e+00
 -1.7856987e+00
 -1.9492559e-01
  3.0573046e+00
 -4.0591421e+00
 -1.4907207e+00
 -6.1681151e-02
  7.5105011e-01
 -1.7534814e+00
  2.3737257e+00
  7.0892304e-01
 -2.8762009e+00
 -2.5904815e+00
  2.0359468e+00
  1.3314852e+00
 -1.6328032e-01
  3.2953575e+00
  6.8944168e-01
  1.0875680e+00
 -7.4545419e-01
  8.0347341e-01
 -1.8313965e+00
  3.4224443e+00
 -2.7683265e+00
 -5.4523778e-01
 -8.7461954e-01
  6.0154390e-01
  2.8304548e+00
  6.8569940e-01
 -1.0585799e+00
 -1.0784932e+00
 -9.4597570e-05
  2.9411536e-01
 -3.8399268e-02
 -5.6580043e-01
  2.0565746e+00
  3.1111765e+00
 -5.2825189e+00
 -1.6840767e+00
 -1.2253375e+00
  1.2686088e+00
 -1.0411893e+00
 -4.9191227e+00
  2.4923885e+00
  1.1972399e+00
 -7.2799554e+00
  2.2176495e-01
  1.7395546e-01
  1.0926114e+00
 -2.4306227e-01
  4.9432435e+00
 -2.0381973e+00
  2.8351395e+00
  2.2605909e-01
  5.9282219e-01
  2.0136199e+00
  2.8867214e+00
  1.0340370e+00
 -2.9947922e+00
 -9.8635375e-01
 -4.5184894e+00
 -9.7465032e-01
 -3.1668606e-01
  1.2625278e+00
 -4.4230628e+00
  1.3487860e+00
  8.9652546e-02
 -1.1953523e+00
 -2.8266530e+00
  2.1173878e+00
 -2.7909768e-01
 -6.6164643e-01
  1.4724717e+00
  1.1861296e+00
  2.3527852e-01
 -1.6704811e+00
  3.8368770e-01
  8.3783561e-01
  5.3722829e-02
  6.0753369e-01
  2.0370495e+00
 -1.8186851e-01
 -3.7338865e-01
  1.0473331e-02
 -1.6789896e+00
  1.9796760e+00
 -5.2189074e+00
  2.6020567e+00
 -1.9087249e+00
  1.7937050e+00
  3.2495570e+00
 -1.9041975e-01
  7.9451901e-01
  1.2420411e+00
  3.5973871e-01
  1.8862754e+00
  4.6501675e-01
  4.7337546e+00
 -1.7506205e+00
  3.8096464e+00
  1.7176571e+00
 -3.5631092e+00
  8.8022989e-01
  7.2333870e+00
 -1.9342271e+00
 -3.0365992e+00
  2.9845846e-01
 -3.1773674e+00
  2.1752539e-01
  2.8360620e+00
 -7.1588808e-01
 -6.1083741e+00
  4.2798603e-01
 -2.2106680e-01
 -5.7887703e-01
  1.3591332e+00
 -4.8173425e-01
  1.6141413e+00
  2.3010336e-03
  2.5038157e+00
 -4.5435244e-04
 -2.4799883e+00
 -1.1594914e+00
 -5.5111396e-01
  3.4430465e-01
  3.0823040e-01
 -1.3101093e+00
 -2.4661963e+00
  3.1478873e-01
 -8.1504834e-01
 -4.4713557e-01
 -3.9867687e-01
  1.7187510e+00
  5.6179225e-01
 -1.0670414e+00
  6.0242170e-01
  3.6072403e-01
 -1.8178780e+00
 -2.4992590e+00
 -1.1790551e+00
 -3.8084712e+00
  6.5927738e-01
 -2.5008109e-01
  5.7652003e-01
  1.5466721e+00
 -1.8359346e+00
 -1.1095144e+00
 -9.6202576e-01
  1.3234636e+00
  1.8890902e+00
  3.1824288e+00
  1.5085561e+00
 -3.9392266e+00
  2.8055999e-01
  3.4747154e-01
  1.9099159e+00
 -1.0162848e+00
  8.2858855e-01
 -7.1704620e-01
 -2.2686870e+00
  1.3015251e-01
 -2.4046381e+00
  1.5173949e-01
 -1.5372052e+00
 -3.9484125e-01
 -2.0757668e+00
  2.0279250e+00
 -1.5586548e-01
  4.9839193e-01
 -3.1080595e-01
  4.5293097e+00
  1.8927169e+00
  1.3148525e+00
  2.0957842e+00
  1.2575588e+00
  3.0205768e-01
  2.2031662e+00
  1.6471949e+00
 -8.7548411e-01
 -2.5115654e-02
  8.1635737e-01
  1.5928279e-01
 -4.4046485e-01
 -1.3508381e+00
 -1.6150968e+00
 -1.0320629e+00
  3.1569290e+00
 -1.2017349e+00
  2.7136365e-01
  4.4893088e+00
 -4.5444202e+00
 -3.2674265e+00
 -3.5508425e+00
 -2.9234343e+00
  5.7957101e-01
 -2.2886620e-01
 -8.2124734e-01
 -2.6867266e+00
 -1.0436141e+00
  6.5888977e+00
  3.8814421e+00
  9.2566150e-01
  1.3860790e+00
  4.6464868e+00
 -1.3718285e-01
  6.1628598e-01
 -1.8162432e+00
 -2.5893514e+00
  2.2479277e+00
 -1.9162116e+00
 -8.5361606e-01
  1.7545187e+00
  9.5747995e-01
  1.3264254e-01
  2.2003530e-01
  4.1751662e-01
 -2.1587923e+00
  1.2054073e+00
  2.8317165e+00
  2.0135131e+00
 -2.2360344e+00
  2.2458158e+00
  8.6328214e-01
 -1.1990348e+00
  6.5736073e-01
  7.2650045e-01
 -4.1630828e-01
  1.1140444e+00
  2.9928255e+00
  5.6181842e-01
 -1.9379421e+00
 -9.2232871e-01
  1.5785575e+00
  1.4948090e+00
 -1.1460537e+00
 -6.3720524e-01
 -8.6283469e-01
 -1.0061638e+00
  1.8245192e+00
  2.5367274e+00
  3.8082814e+00
  1.0190234e+00
  5.4809493e-01
 -1.1794661e+00
  8.9970928e-01
 -9.1000438e-01
 -1.5852954e+00
  2.1962211e+00
 -2.9237545e-01
  2.7349627e+00
 -3.1736977e+00
 -9.5088549e+00
  1.6272837e+00
  2.5978415e+00
  3.2449770e+00
 -2.0714874e+00
  1.4029268e+00
  2.2237244e+00
 -1.5192218e-01
  3.0843713e+00
 -1.3663298e+00
 -3.2759154e-01
 -5.2292943e-01
  1.2910686e+00
  3.5135862e-01
  2.5963837e-01
  9.4396883e-01
 -5.2262098e-01
  9.9836206e-01
 -8.4266251e-01
 -1.9303545e-01
  1.6351089e+00
 -2.6222751e+00
 -2.8126064e-01
 -2.5639219e+00
  2.6866047e+00
 -4.8570079e-01
  3.8850880e-01
  4.4760743e-01
  2.4590688e+00
  3.5085610e-01
  8.1136778e-02
  2.4301341e+00
  1.2833618e+00
  2.1150205e+00
  4.0677211e-01
  1.0324250e+00
  6.2880433e-01
  4.1451460e-01
  1.3505323e+00
  7.0032603e-01
 -5.9638244e-01
 -1.3193530e-01
  2.3825934e+00
 -1.4192095e+00
  3.5168397e+00
 -1.5013615e+00
  1.4949360e+00
 -9.8400432e-01
 -5.0050181e-01
 -2.4285083e+00
 -2.9104390e+00
  1.8983971e+00
  2.8680546e+00
  5.7496184e-01
  1.0151635e+00
  2.2272062e+00
 -1.5808064e+00
 -1.1770635e+00
  1.7540151e-01
 -3.4974217e+00
 -4.0735641e+00
  4.1468504e-01
 -2.2289699e-01
  6.6575873e-01
 -1.3424196e+00
  2.8925040e+00
 -8.7751597e-01
 -2.2498877e+00
 -1.6055284e+00
 -2.7331772e-01
 -1.8045504e-01
 -6.9845837e-01
  1.3580066e+00
 -6.2657845e-01
  5.9912103e-01
 -4.0465763e-01
  4.2909703e-01
  4.3759540e-01
 -8.5524090e-02
  1.2255172e+00
 -2.6424029e-01
  1.0439709e+00
  2.8633106e-01
 -1.8042620e+00
 -6.9291556e-01
 -2.9199165e-01
 -6.7653018e-01
 -2.1568289e-01
 -1.6971638e+00
 -1.4662379e+00
  2.6720111e+00
  2.1657460e+00
 -5.4158503e-01
 -2.1321051e+00
 -1.6015642e+00
 -4.8462853e+00
  1.8484989e+00
  4.8832422e-01
 -4.1202922e+00
  3.5522451e+00
 -1.4469994e+00
  2.6083422e-01
 -6.0035748e+00
 -9.6907562e-01
 -3.2294872e+00
  6.3100820e+00
  2.3736598e+00
  2.4293151e-03
  1.3554410e+00
 -1.2850628e+00
  1.0570723e+00
 -5.0130343e+00
  1.1246564e-01
 -2.3980956e+00
  7.1294421e-01
 -1.7507378e+00
 -3.6661434e+00
 -1.5852811e+00
  1.3760935e+00
 -1.1836863e+00
 -1.0727884e+00
 -1.4706583e-01
  2.2980409e+00
  1.0672536e+00
  4.1843801e+00
  6.6530204e-01
  2.1794193e+00
 -2.2515421e+00
  1.0110730e+00
  1.7898566e+00
  6.7565113e-01
  1.5891531e-01
 -2.7583292e+00
  2.5984373e+00
  1.1647694e+00
  2.7180058e-01
 -2.3034000e+00
  1.2849413e+00
  2.1867822e-01
  1.0576104e+00
  9.9448383e-01
  1.6875989e+00
  1.4925648e-01
 -1.8654323e+00
 -1.9062838e-01
  4.0142422e+00
  2.5151403e+00
 -2.2432673e+00
  7.5225848e-01
 -7.5340921e-01
 -2.3499830e+00
  3.0238876e+00
 -8.9325434e-01
  1.6797017e+00
  5.5553991e-01
 -4.7041960e+00
  3.2348413e+00
 -7.4336964e-01
 -1.2524903e+00
 -1.8233262e+00
  1.4086587e+00
  4.1212299e-01
 -9.0848035e-01
  6.2540755e+00
  2.8766594e+00
  7.0258832e-01
  2.0003245e+00
  3.3825770e-01
  1.3171631e+00
 -1.7868041e-01
  3.4541500e+00
 -1.2434937e-01
  1.7124767e+00
  2.0424633e+00
 -1.7298694e-01
  1.0371498e+00
  2.0658848e+00
 -1.8419222e+00
  3.1527111e-01
  3.0138566e+00
 -3.6916143e-01
  1.3690907e+00
  4.4000771e-02
 -1.4625807e+00
 -3.8794327e+00
  8.9522642e-01
  1.2607555e+00
 -1.5354248e+00
 -1.7944374e+00
  1.2123849e+00
 -1.3040400e+00
 -1.8012503e+00
 -5.8317977e-01
 -1.2942199e+00
 -8.4190047e-01
 -4.0089485e-01
 -1.3939820e-07
 -1.4501448e+00
  5.3733845e+00
  2.9694386e+00
  4.1303487e+00
 -1.2345341e+00
 -7.0455007e-02
  1.0826833e+00
 -1.0988717e+00
 -1.2674155e+00
 -2.2172773e+00
 -2.1694379e+00
 -2.0039084e+00
 -2.8779521e+00
 -6.6091830e-01
 -4.8120217e+00
  1.0137210e+00
 -1.2117478e-01
 -2.4513589e-01
 -9.2679209e-01
 -1.1988504e-01
  2.1208637e+00
 -5.1695913e-01
  2.0785841e-01
 -2.3122511e+00
 -1.4285663e+00
  3.3853605e+00
 -1.9578552e-01
  1.9050797e+00
 -4.2011714e+00
 -5.9702140e-01
  6.3464445e-01
 -8.0916399e-01
 -7.2043157e-01
 -1.0870352e+00
  1.0916088e+00
 -2.5116563e+00
  1.4870939e+00
 -9.8686051e-01
  5.5679238e-01
 -4.3485246e+00
  1.9361482e+00
  2.4491850e-02
  1.4578168e-01
 -6.1235470e-01
  1.7330086e-01
  3.3218536e-01
  4.0865123e-01
  6.7813188e-02
  6.7813188e-02
  6.7813188e-02
  6.7813188e-02
  6.7813188e-02
  6.7813188e-02
  6.7813188e-02
  6.7813188e-02
  6.7813188e-02
  5.9297390e-02
  5.9297390e-02
  5.9297390e-02
  5.9297390e-02
  5.9297390e-02
  5.9297390e-02
  5.9297390e-02
  5.9297390e-02
  5.9297390e-02
  2.5556499e-01
  2.5556499e-01
  2.5556499e-01
  2.5556499e-01
  2.5556499e-01
  2.5556499e-01
  2.5556499e-01
  2.5556499e-01
  2.5556499e-01
  4.5820139e-02
  4.5820139e-02
  4.5820139e-02
  4.5820139e-02
  4.5820139e-02
  4.5820139e-02
  4.5820139e-02
  4.5820139e-02
  4.5820139e-02
  5.4628469e-02
  5.4628469e-02
  5.4628469e-02
  5.4628469e-02
  5.4628469e-02
  5.4628469e-02
  5.4628469e-02
  5.4628469e-02
  5.4628469e-02
  4.5103151e-01
  4.5103151e-01
  4.5103151e-01
  4.5103151e-01
  4.5103151e-01
  4.5103151e-01
  4.5103151e-01
  4.5103151e-01
  4.5103151e-01
